scenario_name,family,graph_path,graph_relpath,source_file,window_start,window_end,num_nodes,num_edges,num_node_features,num_edge_features,num_labeled_nodes,num_positive_nodes,num_negative_nodes,num_unknown_nodes,split
CTU-Malware-Capture-Botnet-42,Neris,C:\Users\Montana\My Code\CSCI611_Montana_Pawek\GNN\packagedData\graphs\CTU-Malware-Capture-Botnet-42\CTU-Malware-Capture-Botnet-42__20110810_094500.pt,CTU-Malware-Capture-Botnet-42\CTU-Malware-Capture-Botnet-42__20110810_094500.pt,data/nerisFamily/CTU-Malware-Capture-Botnet-42/capture20110810.binetflow,2011-08-10T09:45:00,2011-08-10T09:50:00,19441,20422,24,11,6,0,6,19435,train
CTU-Malware-Capture-Botnet-42,Neris,C:\Users\Montana\My Code\CSCI611_Montana_Pawek\GNN\packagedData\graphs\CTU-Malware-Capture-Botnet-42\CTU-Malware-Capture-Botnet-42__20110810_095000.pt,CTU-Malware-Capture-Botnet-42\CTU-Malware-Capture-Botnet-42__20110810_095000.pt,data/nerisFamily/CTU-Malware-Capture-Botnet-42/capture20110810.binetflow,2011-08-10T09:50:00,2011-08-10T09:55:00,26545,27594,24,11,7,1,6,26538,train
CTU-Malware-Capture-Botnet-42,Neris,C:\Users\Montana\My Code\CSCI611_Montana_Pawek\GNN\packagedData\graphs\CTU-Malware-Capture-Botnet-42\CTU-Malware-Capture-Botnet-42__20110810_095500.pt,CTU-Malware-Capture-Botnet-42\CTU-Malware-Capture-Botnet-42__20110810_095500.pt,data/nerisFamily/CTU-Malware-Capture-Botnet-42/capture20110810.binetflow,2011-08-10T09:55:00,2011-08-10T10:00:00,23318,24123,24,11,6,0,6,23312,train
CTU-Malware-Capture-Botnet-42,Neris,C:\Users\Montana\My Code\CSCI611_Montana_Pawek\GNN\packagedData\graphs\CTU-Malware-Capture-Botnet-42\CTU-Malware-Capture-Botnet-42__20110810_100000.pt,CTU-Malware-Capture-Botnet-42\CTU-Malware-Capture-Botnet-42__20110810_100000.pt,data/nerisFamily/CTU-Malware-Capture-Botnet-42/capture20110810.binetflow,2011-08-10T10:00:00,2011-08-10T10:05:00,22077,22914,24,11,6,0,6,22071,train
CTU-Malware-Capture-Botnet-42,Neris,C:\Users\Montana\My Code\CSCI611_Montana_Pawek\GNN\packagedData\graphs\CTU-Malware-Capture-Botnet-42\CTU-Malware-Capture-Botnet-42__20110810_100500.pt,CTU-Malware-Capture-Botnet-42\CTU-Malware-Capture-Botnet-42__20110810_100500.pt,data/nerisFamily/CTU-Malware-Capture-Botnet-42/capture20110810.binetflow,2011-08-10T10:05:00,2011-08-10T10:10:00,21018,21647,24,11,6,0,6,21012,train
CTU-Malware-Capture-Botnet-42,Neris,C:\Users\Montana\My Code\CSCI611_Montana_Pawek\GNN\packagedData\graphs\CTU-Malware-Capture-Botnet-42\CTU-Malware-Capture-Botnet-42__20110810_101000.pt,CTU-Malware-Capture-Botnet-42\CTU-Malware-Capture-Botnet-42__20110810_101000.pt,data/nerisFamily/CTU-Malware-Capture-Botnet-42/capture20110810.binetflow,2011-08-10T10:10:00,2011-08-10T10:15:00,19549,20158,24,11,5,0,5,19544,train
CTU-Malware-Capture-Botnet-42,Neris,C:\Users\Montana\My Code\CSCI611_Montana_Pawek\GNN\packagedData\graphs\CTU-Malware-Capture-Botnet-42\CTU-Malware-Capture-Botnet-42__20110810_101500.pt,CTU-Malware-Capture-Botnet-42\CTU-Malware-Capture-Botnet-42__20110810_101500.pt,data/nerisFamily/CTU-Malware-Capture-Botnet-42/capture20110810.binetflow,2011-08-10T10:15:00,2011-08-10T10:20:00,20245,21137,24,11,5,0,5,20240,train
CTU-Malware-Capture-Botnet-42,Neris,C:\Users\Montana\My Code\CSCI611_Montana_Pawek\GNN\packagedData\graphs\CTU-Malware-Capture-Botnet-42\CTU-Malware-Capture-Botnet-42__20110810_102000.pt,CTU-Malware-Capture-Botnet-42\CTU-Malware-Capture-Botnet-42__20110810_102000.pt,data/nerisFamily/CTU-Malware-Capture-Botnet-42/capture20110810.binetflow,2011-08-10T10:20:00,2011-08-10T10:25:00,19087,19833,24,11,5,0,5,19082,train
CTU-Malware-Capture-Botnet-42,Neris,C:\Users\Montana\My Code\CSCI611_Montana_Pawek\GNN\packagedData\graphs\CTU-Malware-Capture-Botnet-42\CTU-Malware-Capture-Botnet-42__20110810_102500.pt,CTU-Malware-Capture-Botnet-42\CTU-Malware-Capture-Botnet-42__20110810_102500.pt,data/nerisFamily/CTU-Malware-Capture-Botnet-42/capture20110810.binetflow,2011-08-10T10:25:00,2011-08-10T10:30:00,17449,18217,24,11,6,0,6,17443,train
CTU-Malware-Capture-Botnet-42,Neris,C:\Users\Montana\My Code\CSCI611_Montana_Pawek\GNN\packagedData\graphs\CTU-Malware-Capture-Botnet-42\CTU-Malware-Capture-Botnet-42__20110810_103000.pt,CTU-Malware-Capture-Botnet-42\CTU-Malware-Capture-Botnet-42__20110810_103000.pt,data/nerisFamily/CTU-Malware-Capture-Botnet-42/capture20110810.binetflow,2011-08-10T10:30:00,2011-08-10T10:35:00,15417,16115,24,11,6,0,6,15411,train
CTU-Malware-Capture-Botnet-42,Neris,C:\Users\Montana\My Code\CSCI611_Montana_Pawek\GNN\packagedData\graphs\CTU-Malware-Capture-Botnet-42\CTU-Malware-Capture-Botnet-42__20110810_103500.pt,CTU-Malware-Capture-Botnet-42\CTU-Malware-Capture-Botnet-42__20110810_103500.pt,data/nerisFamily/CTU-Malware-Capture-Botnet-42/capture20110810.binetflow,2011-08-10T10:35:00,2011-08-10T10:40:00,15487,16316,24,11,5,0,5,15482,train
CTU-Malware-Capture-Botnet-42,Neris,C:\Users\Montana\My Code\CSCI611_Montana_Pawek\GNN\packagedData\graphs\CTU-Malware-Capture-Botnet-42\CTU-Malware-Capture-Botnet-42__20110810_104000.pt,CTU-Malware-Capture-Botnet-42\CTU-Malware-Capture-Botnet-42__20110810_104000.pt,data/nerisFamily/CTU-Malware-Capture-Botnet-42/capture20110810.binetflow,2011-08-10T10:40:00,2011-08-10T10:45:00,13223,13860,24,11,5,0,5,13218,train
CTU-Malware-Capture-Botnet-42,Neris,C:\Users\Montana\My Code\CSCI611_Montana_Pawek\GNN\packagedData\graphs\CTU-Malware-Capture-Botnet-42\CTU-Malware-Capture-Botnet-42__20110810_104500.pt,CTU-Malware-Capture-Botnet-42\CTU-Malware-Capture-Botnet-42__20110810_104500.pt,data/nerisFamily/CTU-Malware-Capture-Botnet-42/capture20110810.binetflow,2011-08-10T10:45:00,2011-08-10T10:50:00,15536,16335,24,11,6,0,6,15530,train
CTU-Malware-Capture-Botnet-42,Neris,C:\Users\Montana\My Code\CSCI611_Montana_Pawek\GNN\packagedData\graphs\CTU-Malware-Capture-Botnet-42\CTU-Malware-Capture-Botnet-42__20110810_105000.pt,CTU-Malware-Capture-Botnet-42\CTU-Malware-Capture-Botnet-42__20110810_105000.pt,data/nerisFamily/CTU-Malware-Capture-Botnet-42/capture20110810.binetflow,2011-08-10T10:50:00,2011-08-10T10:55:00,17032,17860,24,11,6,0,6,17026,train
CTU-Malware-Capture-Botnet-42,Neris,C:\Users\Montana\My Code\CSCI611_Montana_Pawek\GNN\packagedData\graphs\CTU-Malware-Capture-Botnet-42\CTU-Malware-Capture-Botnet-42__20110810_105500.pt,CTU-Malware-Capture-Botnet-42\CTU-Malware-Capture-Botnet-42__20110810_105500.pt,data/nerisFamily/CTU-Malware-Capture-Botnet-42/capture20110810.binetflow,2011-08-10T10:55:00,2011-08-10T11:00:00,17825,18595,24,11,6,0,6,17819,train
CTU-Malware-Capture-Botnet-42,Neris,C:\Users\Montana\My Code\CSCI611_Montana_Pawek\GNN\packagedData\graphs\CTU-Malware-Capture-Botnet-42\CTU-Malware-Capture-Botnet-42__20110810_110000.pt,CTU-Malware-Capture-Botnet-42\CTU-Malware-Capture-Botnet-42__20110810_110000.pt,data/nerisFamily/CTU-Malware-Capture-Botnet-42/capture20110810.binetflow,2011-08-10T11:00:00,2011-08-10T11:05:00,18172,19162,24,11,7,1,6,18165,train
CTU-Malware-Capture-Botnet-42,Neris,C:\Users\Montana\My Code\CSCI611_Montana_Pawek\GNN\packagedData\graphs\CTU-Malware-Capture-Botnet-42\CTU-Malware-Capture-Botnet-42__20110810_110500.pt,CTU-Malware-Capture-Botnet-42\CTU-Malware-Capture-Botnet-42__20110810_110500.pt,data/nerisFamily/CTU-Malware-Capture-Botnet-42/capture20110810.binetflow,2011-08-10T11:05:00,2011-08-10T11:10:00,19016,19753,24,11,6,1,5,19010,train
CTU-Malware-Capture-Botnet-42,Neris,C:\Users\Montana\My Code\CSCI611_Montana_Pawek\GNN\packagedData\graphs\CTU-Malware-Capture-Botnet-42\CTU-Malware-Capture-Botnet-42__20110810_111000.pt,CTU-Malware-Capture-Botnet-42\CTU-Malware-Capture-Botnet-42__20110810_111000.pt,data/nerisFamily/CTU-Malware-Capture-Botnet-42/capture20110810.binetflow,2011-08-10T11:10:00,2011-08-10T11:15:00,18372,19287,24,11,7,1,6,18365,train
CTU-Malware-Capture-Botnet-42,Neris,C:\Users\Montana\My Code\CSCI611_Montana_Pawek\GNN\packagedData\graphs\CTU-Malware-Capture-Botnet-42\CTU-Malware-Capture-Botnet-42__20110810_111500.pt,CTU-Malware-Capture-Botnet-42\CTU-Malware-Capture-Botnet-42__20110810_111500.pt,data/nerisFamily/CTU-Malware-Capture-Botnet-42/capture20110810.binetflow,2011-08-10T11:15:00,2011-08-10T11:20:00,17731,18434,24,11,7,1,6,17724,train
CTU-Malware-Capture-Botnet-42,Neris,C:\Users\Montana\My Code\CSCI611_Montana_Pawek\GNN\packagedData\graphs\CTU-Malware-Capture-Botnet-42\CTU-Malware-Capture-Botnet-42__20110810_112000.pt,CTU-Malware-Capture-Botnet-42\CTU-Malware-Capture-Botnet-42__20110810_112000.pt,data/nerisFamily/CTU-Malware-Capture-Botnet-42/capture20110810.binetflow,2011-08-10T11:20:00,2011-08-10T11:25:00,19177,19988,24,11,7,1,6,19170,train
CTU-Malware-Capture-Botnet-42,Neris,C:\Users\Montana\My Code\CSCI611_Montana_Pawek\GNN\packagedData\graphs\CTU-Malware-Capture-Botnet-42\CTU-Malware-Capture-Botnet-42__20110810_112500.pt,CTU-Malware-Capture-Botnet-42\CTU-Malware-Capture-Botnet-42__20110810_112500.pt,data/nerisFamily/CTU-Malware-Capture-Botnet-42/capture20110810.binetflow,2011-08-10T11:25:00,2011-08-10T11:30:00,17691,18328,24,11,7,1,6,17684,train
CTU-Malware-Capture-Botnet-42,Neris,C:\Users\Montana\My Code\CSCI611_Montana_Pawek\GNN\packagedData\graphs\CTU-Malware-Capture-Botnet-42\CTU-Malware-Capture-Botnet-42__20110810_113000.pt,CTU-Malware-Capture-Botnet-42\CTU-Malware-Capture-Botnet-42__20110810_113000.pt,data/nerisFamily/CTU-Malware-Capture-Botnet-42/capture20110810.binetflow,2011-08-10T11:30:00,2011-08-10T11:35:00,18310,18935,24,11,6,1,5,18304,train
CTU-Malware-Capture-Botnet-42,Neris,C:\Users\Montana\My Code\CSCI611_Montana_Pawek\GNN\packagedData\graphs\CTU-Malware-Capture-Botnet-42\CTU-Malware-Capture-Botnet-42__20110810_113500.pt,CTU-Malware-Capture-Botnet-42\CTU-Malware-Capture-Botnet-42__20110810_113500.pt,data/nerisFamily/CTU-Malware-Capture-Botnet-42/capture20110810.binetflow,2011-08-10T11:35:00,2011-08-10T11:40:00,18257,18936,24,11,6,1,5,18251,train
CTU-Malware-Capture-Botnet-42,Neris,C:\Users\Montana\My Code\CSCI611_Montana_Pawek\GNN\packagedData\graphs\CTU-Malware-Capture-Botnet-42\CTU-Malware-Capture-Botnet-42__20110810_114000.pt,CTU-Malware-Capture-Botnet-42\CTU-Malware-Capture-Botnet-42__20110810_114000.pt,data/nerisFamily/CTU-Malware-Capture-Botnet-42/capture20110810.binetflow,2011-08-10T11:40:00,2011-08-10T11:45:00,18311,19091,24,11,6,1,5,18305,train
CTU-Malware-Capture-Botnet-42,Neris,C:\Users\Montana\My Code\CSCI611_Montana_Pawek\GNN\packagedData\graphs\CTU-Malware-Capture-Botnet-42\CTU-Malware-Capture-Botnet-42__20110810_114500.pt,CTU-Malware-Capture-Botnet-42\CTU-Malware-Capture-Botnet-42__20110810_114500.pt,data/nerisFamily/CTU-Malware-Capture-Botnet-42/capture20110810.binetflow,2011-08-10T11:45:00,2011-08-10T11:50:00,18044,18800,24,11,7,1,6,18037,train
CTU-Malware-Capture-Botnet-42,Neris,C:\Users\Montana\My Code\CSCI611_Montana_Pawek\GNN\packagedData\graphs\CTU-Malware-Capture-Botnet-42\CTU-Malware-Capture-Botnet-42__20110810_115000.pt,CTU-Malware-Capture-Botnet-42\CTU-Malware-Capture-Botnet-42__20110810_115000.pt,data/nerisFamily/CTU-Malware-Capture-Botnet-42/capture20110810.binetflow,2011-08-10T11:50:00,2011-08-10T11:55:00,18556,19349,24,11,7,1,6,18549,train
CTU-Malware-Capture-Botnet-42,Neris,C:\Users\Montana\My Code\CSCI611_Montana_Pawek\GNN\packagedData\graphs\CTU-Malware-Capture-Botnet-42\CTU-Malware-Capture-Botnet-42__20110810_115500.pt,CTU-Malware-Capture-Botnet-42\CTU-Malware-Capture-Botnet-42__20110810_115500.pt,data/nerisFamily/CTU-Malware-Capture-Botnet-42/capture20110810.binetflow,2011-08-10T11:55:00,2011-08-10T12:00:00,18131,18799,24,11,7,1,6,18124,train
CTU-Malware-Capture-Botnet-42,Neris,C:\Users\Montana\My Code\CSCI611_Montana_Pawek\GNN\packagedData\graphs\CTU-Malware-Capture-Botnet-42\CTU-Malware-Capture-Botnet-42__20110810_120000.pt,CTU-Malware-Capture-Botnet-42\CTU-Malware-Capture-Botnet-42__20110810_120000.pt,data/nerisFamily/CTU-Malware-Capture-Botnet-42/capture20110810.binetflow,2011-08-10T12:00:00,2011-08-10T12:05:00,18593,19336,24,11,7,1,6,18586,train
CTU-Malware-Capture-Botnet-42,Neris,C:\Users\Montana\My Code\CSCI611_Montana_Pawek\GNN\packagedData\graphs\CTU-Malware-Capture-Botnet-42\CTU-Malware-Capture-Botnet-42__20110810_120500.pt,CTU-Malware-Capture-Botnet-42\CTU-Malware-Capture-Botnet-42__20110810_120500.pt,data/nerisFamily/CTU-Malware-Capture-Botnet-42/capture20110810.binetflow,2011-08-10T12:05:00,2011-08-10T12:10:00,18489,19205,24,11,6,1,5,18483,train
CTU-Malware-Capture-Botnet-42,Neris,C:\Users\Montana\My Code\CSCI611_Montana_Pawek\GNN\packagedData\graphs\CTU-Malware-Capture-Botnet-42\CTU-Malware-Capture-Botnet-42__20110810_121000.pt,CTU-Malware-Capture-Botnet-42\CTU-Malware-Capture-Botnet-42__20110810_121000.pt,data/nerisFamily/CTU-Malware-Capture-Botnet-42/capture20110810.binetflow,2011-08-10T12:10:00,2011-08-10T12:15:00,17516,18172,24,11,6,1,5,17510,train
CTU-Malware-Capture-Botnet-42,Neris,C:\Users\Montana\My Code\CSCI611_Montana_Pawek\GNN\packagedData\graphs\CTU-Malware-Capture-Botnet-42\CTU-Malware-Capture-Botnet-42__20110810_121500.pt,CTU-Malware-Capture-Botnet-42\CTU-Malware-Capture-Botnet-42__20110810_121500.pt,data/nerisFamily/CTU-Malware-Capture-Botnet-42/capture20110810.binetflow,2011-08-10T12:15:00,2011-08-10T12:20:00,17896,18527,24,11,6,1,5,17890,train
CTU-Malware-Capture-Botnet-42,Neris,C:\Users\Montana\My Code\CSCI611_Montana_Pawek\GNN\packagedData\graphs\CTU-Malware-Capture-Botnet-42\CTU-Malware-Capture-Botnet-42__20110810_122000.pt,CTU-Malware-Capture-Botnet-42\CTU-Malware-Capture-Botnet-42__20110810_122000.pt,data/nerisFamily/CTU-Malware-Capture-Botnet-42/capture20110810.binetflow,2011-08-10T12:20:00,2011-08-10T12:25:00,18066,18667,24,11,6,1,5,18060,train
CTU-Malware-Capture-Botnet-42,Neris,C:\Users\Montana\My Code\CSCI611_Montana_Pawek\GNN\packagedData\graphs\CTU-Malware-Capture-Botnet-42\CTU-Malware-Capture-Botnet-42__20110810_122500.pt,CTU-Malware-Capture-Botnet-42\CTU-Malware-Capture-Botnet-42__20110810_122500.pt,data/nerisFamily/CTU-Malware-Capture-Botnet-42/capture20110810.binetflow,2011-08-10T12:25:00,2011-08-10T12:30:00,17495,18102,24,11,7,1,6,17488,train
CTU-Malware-Capture-Botnet-42,Neris,C:\Users\Montana\My Code\CSCI611_Montana_Pawek\GNN\packagedData\graphs\CTU-Malware-Capture-Botnet-42\CTU-Malware-Capture-Botnet-42__20110810_123000.pt,CTU-Malware-Capture-Botnet-42\CTU-Malware-Capture-Botnet-42__20110810_123000.pt,data/nerisFamily/CTU-Malware-Capture-Botnet-42/capture20110810.binetflow,2011-08-10T12:30:00,2011-08-10T12:35:00,17765,18619,24,11,6,1,5,17759,train
CTU-Malware-Capture-Botnet-42,Neris,C:\Users\Montana\My Code\CSCI611_Montana_Pawek\GNN\packagedData\graphs\CTU-Malware-Capture-Botnet-42\CTU-Malware-Capture-Botnet-42__20110810_123500.pt,CTU-Malware-Capture-Botnet-42\CTU-Malware-Capture-Botnet-42__20110810_123500.pt,data/nerisFamily/CTU-Malware-Capture-Botnet-42/capture20110810.binetflow,2011-08-10T12:35:00,2011-08-10T12:40:00,17089,17832,24,11,6,1,5,17083,train
CTU-Malware-Capture-Botnet-42,Neris,C:\Users\Montana\My Code\CSCI611_Montana_Pawek\GNN\packagedData\graphs\CTU-Malware-Capture-Botnet-42\CTU-Malware-Capture-Botnet-42__20110810_124000.pt,CTU-Malware-Capture-Botnet-42\CTU-Malware-Capture-Botnet-42__20110810_124000.pt,data/nerisFamily/CTU-Malware-Capture-Botnet-42/capture20110810.binetflow,2011-08-10T12:40:00,2011-08-10T12:45:00,17353,18203,24,11,7,1,6,17346,train
CTU-Malware-Capture-Botnet-42,Neris,C:\Users\Montana\My Code\CSCI611_Montana_Pawek\GNN\packagedData\graphs\CTU-Malware-Capture-Botnet-42\CTU-Malware-Capture-Botnet-42__20110810_124500.pt,CTU-Malware-Capture-Botnet-42\CTU-Malware-Capture-Botnet-42__20110810_124500.pt,data/nerisFamily/CTU-Malware-Capture-Botnet-42/capture20110810.binetflow,2011-08-10T12:45:00,2011-08-10T12:50:00,18010,18871,24,11,7,1,6,18003,train
CTU-Malware-Capture-Botnet-42,Neris,C:\Users\Montana\My Code\CSCI611_Montana_Pawek\GNN\packagedData\graphs\CTU-Malware-Capture-Botnet-42\CTU-Malware-Capture-Botnet-42__20110810_125000.pt,CTU-Malware-Capture-Botnet-42\CTU-Malware-Capture-Botnet-42__20110810_125000.pt,data/nerisFamily/CTU-Malware-Capture-Botnet-42/capture20110810.binetflow,2011-08-10T12:50:00,2011-08-10T12:55:00,17879,18521,24,11,7,1,6,17872,train
CTU-Malware-Capture-Botnet-42,Neris,C:\Users\Montana\My Code\CSCI611_Montana_Pawek\GNN\packagedData\graphs\CTU-Malware-Capture-Botnet-42\CTU-Malware-Capture-Botnet-42__20110810_125500.pt,CTU-Malware-Capture-Botnet-42\CTU-Malware-Capture-Botnet-42__20110810_125500.pt,data/nerisFamily/CTU-Malware-Capture-Botnet-42/capture20110810.binetflow,2011-08-10T12:55:00,2011-08-10T13:00:00,17745,18408,24,11,7,1,6,17738,train
CTU-Malware-Capture-Botnet-42,Neris,C:\Users\Montana\My Code\CSCI611_Montana_Pawek\GNN\packagedData\graphs\CTU-Malware-Capture-Botnet-42\CTU-Malware-Capture-Botnet-42__20110810_130000.pt,CTU-Malware-Capture-Botnet-42\CTU-Malware-Capture-Botnet-42__20110810_130000.pt,data/nerisFamily/CTU-Malware-Capture-Botnet-42/capture20110810.binetflow,2011-08-10T13:00:00,2011-08-10T13:05:00,18364,19020,24,11,7,1,6,18357,train
CTU-Malware-Capture-Botnet-42,Neris,C:\Users\Montana\My Code\CSCI611_Montana_Pawek\GNN\packagedData\graphs\CTU-Malware-Capture-Botnet-42\CTU-Malware-Capture-Botnet-42__20110810_130500.pt,CTU-Malware-Capture-Botnet-42\CTU-Malware-Capture-Botnet-42__20110810_130500.pt,data/nerisFamily/CTU-Malware-Capture-Botnet-42/capture20110810.binetflow,2011-08-10T13:05:00,2011-08-10T13:10:00,18179,18921,24,11,7,1,6,18172,train
CTU-Malware-Capture-Botnet-42,Neris,C:\Users\Montana\My Code\CSCI611_Montana_Pawek\GNN\packagedData\graphs\CTU-Malware-Capture-Botnet-42\CTU-Malware-Capture-Botnet-42__20110810_131000.pt,CTU-Malware-Capture-Botnet-42\CTU-Malware-Capture-Botnet-42__20110810_131000.pt,data/nerisFamily/CTU-Malware-Capture-Botnet-42/capture20110810.binetflow,2011-08-10T13:10:00,2011-08-10T13:15:00,17858,18551,24,11,7,1,6,17851,train
CTU-Malware-Capture-Botnet-42,Neris,C:\Users\Montana\My Code\CSCI611_Montana_Pawek\GNN\packagedData\graphs\CTU-Malware-Capture-Botnet-42\CTU-Malware-Capture-Botnet-42__20110810_131500.pt,CTU-Malware-Capture-Botnet-42\CTU-Malware-Capture-Botnet-42__20110810_131500.pt,data/nerisFamily/CTU-Malware-Capture-Botnet-42/capture20110810.binetflow,2011-08-10T13:15:00,2011-08-10T13:20:00,18267,19761,24,11,7,1,6,18260,train
CTU-Malware-Capture-Botnet-42,Neris,C:\Users\Montana\My Code\CSCI611_Montana_Pawek\GNN\packagedData\graphs\CTU-Malware-Capture-Botnet-42\CTU-Malware-Capture-Botnet-42__20110810_132000.pt,CTU-Malware-Capture-Botnet-42\CTU-Malware-Capture-Botnet-42__20110810_132000.pt,data/nerisFamily/CTU-Malware-Capture-Botnet-42/capture20110810.binetflow,2011-08-10T13:20:00,2011-08-10T13:25:00,17391,18097,24,11,7,1,6,17384,train
CTU-Malware-Capture-Botnet-42,Neris,C:\Users\Montana\My Code\CSCI611_Montana_Pawek\GNN\packagedData\graphs\CTU-Malware-Capture-Botnet-42\CTU-Malware-Capture-Botnet-42__20110810_132500.pt,CTU-Malware-Capture-Botnet-42\CTU-Malware-Capture-Botnet-42__20110810_132500.pt,data/nerisFamily/CTU-Malware-Capture-Botnet-42/capture20110810.binetflow,2011-08-10T13:25:00,2011-08-10T13:30:00,17778,18524,24,11,7,1,6,17771,train
CTU-Malware-Capture-Botnet-42,Neris,C:\Users\Montana\My Code\CSCI611_Montana_Pawek\GNN\packagedData\graphs\CTU-Malware-Capture-Botnet-42\CTU-Malware-Capture-Botnet-42__20110810_133000.pt,CTU-Malware-Capture-Botnet-42\CTU-Malware-Capture-Botnet-42__20110810_133000.pt,data/nerisFamily/CTU-Malware-Capture-Botnet-42/capture20110810.binetflow,2011-08-10T13:30:00,2011-08-10T13:35:00,17359,17942,24,11,7,1,6,17352,train
CTU-Malware-Capture-Botnet-42,Neris,C:\Users\Montana\My Code\CSCI611_Montana_Pawek\GNN\packagedData\graphs\CTU-Malware-Capture-Botnet-42\CTU-Malware-Capture-Botnet-42__20110810_133500.pt,CTU-Malware-Capture-Botnet-42\CTU-Malware-Capture-Botnet-42__20110810_133500.pt,data/nerisFamily/CTU-Malware-Capture-Botnet-42/capture20110810.binetflow,2011-08-10T13:35:00,2011-08-10T13:40:00,20025,20668,24,11,7,1,6,20018,train
CTU-Malware-Capture-Botnet-42,Neris,C:\Users\Montana\My Code\CSCI611_Montana_Pawek\GNN\packagedData\graphs\CTU-Malware-Capture-Botnet-42\CTU-Malware-Capture-Botnet-42__20110810_134000.pt,CTU-Malware-Capture-Botnet-42\CTU-Malware-Capture-Botnet-42__20110810_134000.pt,data/nerisFamily/CTU-Malware-Capture-Botnet-42/capture20110810.binetflow,2011-08-10T13:40:00,2011-08-10T13:45:00,17039,17680,24,11,7,1,6,17032,train
CTU-Malware-Capture-Botnet-42,Neris,C:\Users\Montana\My Code\CSCI611_Montana_Pawek\GNN\packagedData\graphs\CTU-Malware-Capture-Botnet-42\CTU-Malware-Capture-Botnet-42__20110810_134500.pt,CTU-Malware-Capture-Botnet-42\CTU-Malware-Capture-Botnet-42__20110810_134500.pt,data/nerisFamily/CTU-Malware-Capture-Botnet-42/capture20110810.binetflow,2011-08-10T13:45:00,2011-08-10T13:50:00,17700,18488,24,11,7,1,6,17693,train
CTU-Malware-Capture-Botnet-42,Neris,C:\Users\Montana\My Code\CSCI611_Montana_Pawek\GNN\packagedData\graphs\CTU-Malware-Capture-Botnet-42\CTU-Malware-Capture-Botnet-42__20110810_135000.pt,CTU-Malware-Capture-Botnet-42\CTU-Malware-Capture-Botnet-42__20110810_135000.pt,data/nerisFamily/CTU-Malware-Capture-Botnet-42/capture20110810.binetflow,2011-08-10T13:50:00,2011-08-10T13:55:00,17763,18560,24,11,7,1,6,17756,train
CTU-Malware-Capture-Botnet-42,Neris,C:\Users\Montana\My Code\CSCI611_Montana_Pawek\GNN\packagedData\graphs\CTU-Malware-Capture-Botnet-42\CTU-Malware-Capture-Botnet-42__20110810_135500.pt,CTU-Malware-Capture-Botnet-42\CTU-Malware-Capture-Botnet-42__20110810_135500.pt,data/nerisFamily/CTU-Malware-Capture-Botnet-42/capture20110810.binetflow,2011-08-10T13:55:00,2011-08-10T14:00:00,17188,17880,24,11,7,1,6,17181,train
CTU-Malware-Capture-Botnet-42,Neris,C:\Users\Montana\My Code\CSCI611_Montana_Pawek\GNN\packagedData\graphs\CTU-Malware-Capture-Botnet-42\CTU-Malware-Capture-Botnet-42__20110810_140000.pt,CTU-Malware-Capture-Botnet-42\CTU-Malware-Capture-Botnet-42__20110810_140000.pt,data/nerisFamily/CTU-Malware-Capture-Botnet-42/capture20110810.binetflow,2011-08-10T14:00:00,2011-08-10T14:05:00,17727,18409,24,11,7,1,6,17720,train
CTU-Malware-Capture-Botnet-42,Neris,C:\Users\Montana\My Code\CSCI611_Montana_Pawek\GNN\packagedData\graphs\CTU-Malware-Capture-Botnet-42\CTU-Malware-Capture-Botnet-42__20110810_140500.pt,CTU-Malware-Capture-Botnet-42\CTU-Malware-Capture-Botnet-42__20110810_140500.pt,data/nerisFamily/CTU-Malware-Capture-Botnet-42/capture20110810.binetflow,2011-08-10T14:05:00,2011-08-10T14:10:00,18158,18999,24,11,7,1,6,18151,train
CTU-Malware-Capture-Botnet-42,Neris,C:\Users\Montana\My Code\CSCI611_Montana_Pawek\GNN\packagedData\graphs\CTU-Malware-Capture-Botnet-42\CTU-Malware-Capture-Botnet-42__20110810_141000.pt,CTU-Malware-Capture-Botnet-42\CTU-Malware-Capture-Botnet-42__20110810_141000.pt,data/nerisFamily/CTU-Malware-Capture-Botnet-42/capture20110810.binetflow,2011-08-10T14:10:00,2011-08-10T14:15:00,16958,17605,24,11,6,1,5,16952,train
CTU-Malware-Capture-Botnet-42,Neris,C:\Users\Montana\My Code\CSCI611_Montana_Pawek\GNN\packagedData\graphs\CTU-Malware-Capture-Botnet-42\CTU-Malware-Capture-Botnet-42__20110810_141500.pt,CTU-Malware-Capture-Botnet-42\CTU-Malware-Capture-Botnet-42__20110810_141500.pt,data/nerisFamily/CTU-Malware-Capture-Botnet-42/capture20110810.binetflow,2011-08-10T14:15:00,2011-08-10T14:20:00,17179,17815,24,11,6,1,5,17173,train
CTU-Malware-Capture-Botnet-42,Neris,C:\Users\Montana\My Code\CSCI611_Montana_Pawek\GNN\packagedData\graphs\CTU-Malware-Capture-Botnet-42\CTU-Malware-Capture-Botnet-42__20110810_142000.pt,CTU-Malware-Capture-Botnet-42\CTU-Malware-Capture-Botnet-42__20110810_142000.pt,data/nerisFamily/CTU-Malware-Capture-Botnet-42/capture20110810.binetflow,2011-08-10T14:20:00,2011-08-10T14:25:00,18381,19116,24,11,7,1,6,18374,train
CTU-Malware-Capture-Botnet-42,Neris,C:\Users\Montana\My Code\CSCI611_Montana_Pawek\GNN\packagedData\graphs\CTU-Malware-Capture-Botnet-42\CTU-Malware-Capture-Botnet-42__20110810_142500.pt,CTU-Malware-Capture-Botnet-42\CTU-Malware-Capture-Botnet-42__20110810_142500.pt,data/nerisFamily/CTU-Malware-Capture-Botnet-42/capture20110810.binetflow,2011-08-10T14:25:00,2011-08-10T14:30:00,17623,18269,24,11,7,1,6,17616,train
CTU-Malware-Capture-Botnet-42,Neris,C:\Users\Montana\My Code\CSCI611_Montana_Pawek\GNN\packagedData\graphs\CTU-Malware-Capture-Botnet-42\CTU-Malware-Capture-Botnet-42__20110810_143000.pt,CTU-Malware-Capture-Botnet-42\CTU-Malware-Capture-Botnet-42__20110810_143000.pt,data/nerisFamily/CTU-Malware-Capture-Botnet-42/capture20110810.binetflow,2011-08-10T14:30:00,2011-08-10T14:35:00,17275,17814,24,11,7,1,6,17268,train
CTU-Malware-Capture-Botnet-42,Neris,C:\Users\Montana\My Code\CSCI611_Montana_Pawek\GNN\packagedData\graphs\CTU-Malware-Capture-Botnet-42\CTU-Malware-Capture-Botnet-42__20110810_143500.pt,CTU-Malware-Capture-Botnet-42\CTU-Malware-Capture-Botnet-42__20110810_143500.pt,data/nerisFamily/CTU-Malware-Capture-Botnet-42/capture20110810.binetflow,2011-08-10T14:35:00,2011-08-10T14:40:00,18094,18755,24,11,6,1,5,18088,train
CTU-Malware-Capture-Botnet-42,Neris,C:\Users\Montana\My Code\CSCI611_Montana_Pawek\GNN\packagedData\graphs\CTU-Malware-Capture-Botnet-42\CTU-Malware-Capture-Botnet-42__20110810_144000.pt,CTU-Malware-Capture-Botnet-42\CTU-Malware-Capture-Botnet-42__20110810_144000.pt,data/nerisFamily/CTU-Malware-Capture-Botnet-42/capture20110810.binetflow,2011-08-10T14:40:00,2011-08-10T14:45:00,17289,17853,24,11,7,1,6,17282,train
CTU-Malware-Capture-Botnet-42,Neris,C:\Users\Montana\My Code\CSCI611_Montana_Pawek\GNN\packagedData\graphs\CTU-Malware-Capture-Botnet-42\CTU-Malware-Capture-Botnet-42__20110810_144500.pt,CTU-Malware-Capture-Botnet-42\CTU-Malware-Capture-Botnet-42__20110810_144500.pt,data/nerisFamily/CTU-Malware-Capture-Botnet-42/capture20110810.binetflow,2011-08-10T14:45:00,2011-08-10T14:50:00,17730,18364,24,11,7,1,6,17723,train
CTU-Malware-Capture-Botnet-42,Neris,C:\Users\Montana\My Code\CSCI611_Montana_Pawek\GNN\packagedData\graphs\CTU-Malware-Capture-Botnet-42\CTU-Malware-Capture-Botnet-42__20110810_145000.pt,CTU-Malware-Capture-Botnet-42\CTU-Malware-Capture-Botnet-42__20110810_145000.pt,data/nerisFamily/CTU-Malware-Capture-Botnet-42/capture20110810.binetflow,2011-08-10T14:50:00,2011-08-10T14:55:00,18517,19345,24,11,7,1,6,18510,train
CTU-Malware-Capture-Botnet-42,Neris,C:\Users\Montana\My Code\CSCI611_Montana_Pawek\GNN\packagedData\graphs\CTU-Malware-Capture-Botnet-42\CTU-Malware-Capture-Botnet-42__20110810_145500.pt,CTU-Malware-Capture-Botnet-42\CTU-Malware-Capture-Botnet-42__20110810_145500.pt,data/nerisFamily/CTU-Malware-Capture-Botnet-42/capture20110810.binetflow,2011-08-10T14:55:00,2011-08-10T15:00:00,18471,19171,24,11,7,1,6,18464,train
CTU-Malware-Capture-Botnet-42,Neris,C:\Users\Montana\My Code\CSCI611_Montana_Pawek\GNN\packagedData\graphs\CTU-Malware-Capture-Botnet-42\CTU-Malware-Capture-Botnet-42__20110810_150000.pt,CTU-Malware-Capture-Botnet-42\CTU-Malware-Capture-Botnet-42__20110810_150000.pt,data/nerisFamily/CTU-Malware-Capture-Botnet-42/capture20110810.binetflow,2011-08-10T15:00:00,2011-08-10T15:05:00,19510,20560,24,11,7,1,6,19503,train
CTU-Malware-Capture-Botnet-42,Neris,C:\Users\Montana\My Code\CSCI611_Montana_Pawek\GNN\packagedData\graphs\CTU-Malware-Capture-Botnet-42\CTU-Malware-Capture-Botnet-42__20110810_150500.pt,CTU-Malware-Capture-Botnet-42\CTU-Malware-Capture-Botnet-42__20110810_150500.pt,data/nerisFamily/CTU-Malware-Capture-Botnet-42/capture20110810.binetflow,2011-08-10T15:05:00,2011-08-10T15:10:00,18739,19436,24,11,7,1,6,18732,train
CTU-Malware-Capture-Botnet-42,Neris,C:\Users\Montana\My Code\CSCI611_Montana_Pawek\GNN\packagedData\graphs\CTU-Malware-Capture-Botnet-42\CTU-Malware-Capture-Botnet-42__20110810_151000.pt,CTU-Malware-Capture-Botnet-42\CTU-Malware-Capture-Botnet-42__20110810_151000.pt,data/nerisFamily/CTU-Malware-Capture-Botnet-42/capture20110810.binetflow,2011-08-10T15:10:00,2011-08-10T15:15:00,19288,20027,24,11,6,1,5,19282,train
CTU-Malware-Capture-Botnet-42,Neris,C:\Users\Montana\My Code\CSCI611_Montana_Pawek\GNN\packagedData\graphs\CTU-Malware-Capture-Botnet-42\CTU-Malware-Capture-Botnet-42__20110810_151500.pt,CTU-Malware-Capture-Botnet-42\CTU-Malware-Capture-Botnet-42__20110810_151500.pt,data/nerisFamily/CTU-Malware-Capture-Botnet-42/capture20110810.binetflow,2011-08-10T15:15:00,2011-08-10T15:20:00,19257,19975,24,11,6,1,5,19251,train
CTU-Malware-Capture-Botnet-42,Neris,C:\Users\Montana\My Code\CSCI611_Montana_Pawek\GNN\packagedData\graphs\CTU-Malware-Capture-Botnet-42\CTU-Malware-Capture-Botnet-42__20110810_152000.pt,CTU-Malware-Capture-Botnet-42\CTU-Malware-Capture-Botnet-42__20110810_152000.pt,data/nerisFamily/CTU-Malware-Capture-Botnet-42/capture20110810.binetflow,2011-08-10T15:20:00,2011-08-10T15:25:00,19638,20370,24,11,7,1,6,19631,train
CTU-Malware-Capture-Botnet-42,Neris,C:\Users\Montana\My Code\CSCI611_Montana_Pawek\GNN\packagedData\graphs\CTU-Malware-Capture-Botnet-42\CTU-Malware-Capture-Botnet-42__20110810_152500.pt,CTU-Malware-Capture-Botnet-42\CTU-Malware-Capture-Botnet-42__20110810_152500.pt,data/nerisFamily/CTU-Malware-Capture-Botnet-42/capture20110810.binetflow,2011-08-10T15:25:00,2011-08-10T15:30:00,19340,19998,24,11,6,1,5,19334,train
CTU-Malware-Capture-Botnet-42,Neris,C:\Users\Montana\My Code\CSCI611_Montana_Pawek\GNN\packagedData\graphs\CTU-Malware-Capture-Botnet-42\CTU-Malware-Capture-Botnet-42__20110810_153000.pt,CTU-Malware-Capture-Botnet-42\CTU-Malware-Capture-Botnet-42__20110810_153000.pt,data/nerisFamily/CTU-Malware-Capture-Botnet-42/capture20110810.binetflow,2011-08-10T15:30:00,2011-08-10T15:35:00,19660,20354,24,11,7,1,6,19653,train
CTU-Malware-Capture-Botnet-42,Neris,C:\Users\Montana\My Code\CSCI611_Montana_Pawek\GNN\packagedData\graphs\CTU-Malware-Capture-Botnet-42\CTU-Malware-Capture-Botnet-42__20110810_153500.pt,CTU-Malware-Capture-Botnet-42\CTU-Malware-Capture-Botnet-42__20110810_153500.pt,data/nerisFamily/CTU-Malware-Capture-Botnet-42/capture20110810.binetflow,2011-08-10T15:35:00,2011-08-10T15:40:00,19415,20226,24,11,6,1,5,19409,train
CTU-Malware-Capture-Botnet-42,Neris,C:\Users\Montana\My Code\CSCI611_Montana_Pawek\GNN\packagedData\graphs\CTU-Malware-Capture-Botnet-42\CTU-Malware-Capture-Botnet-42__20110810_154000.pt,CTU-Malware-Capture-Botnet-42\CTU-Malware-Capture-Botnet-42__20110810_154000.pt,data/nerisFamily/CTU-Malware-Capture-Botnet-42/capture20110810.binetflow,2011-08-10T15:40:00,2011-08-10T15:45:00,18732,19533,24,11,6,1,5,18726,train
CTU-Malware-Capture-Botnet-42,Neris,C:\Users\Montana\My Code\CSCI611_Montana_Pawek\GNN\packagedData\graphs\CTU-Malware-Capture-Botnet-42\CTU-Malware-Capture-Botnet-42__20110810_154500.pt,CTU-Malware-Capture-Botnet-42\CTU-Malware-Capture-Botnet-42__20110810_154500.pt,data/nerisFamily/CTU-Malware-Capture-Botnet-42/capture20110810.binetflow,2011-08-10T15:45:00,2011-08-10T15:50:00,19748,20555,24,11,7,1,6,19741,train
CTU-Malware-Capture-Botnet-42,Neris,C:\Users\Montana\My Code\CSCI611_Montana_Pawek\GNN\packagedData\graphs\CTU-Malware-Capture-Botnet-42\CTU-Malware-Capture-Botnet-42__20110810_155000.pt,CTU-Malware-Capture-Botnet-42\CTU-Malware-Capture-Botnet-42__20110810_155000.pt,data/nerisFamily/CTU-Malware-Capture-Botnet-42/capture20110810.binetflow,2011-08-10T15:50:00,2011-08-10T15:55:00,15971,16603,24,11,6,1,5,15965,train
CTU-Malware-Capture-Botnet-43,Neris,C:\Users\Montana\My Code\CSCI611_Montana_Pawek\GNN\packagedData\graphs\CTU-Malware-Capture-Botnet-43\CTU-Malware-Capture-Botnet-43__20110811_094500.pt,CTU-Malware-Capture-Botnet-43\CTU-Malware-Capture-Botnet-43__20110811_094500.pt,data/nerisFamily/CTU-Malware-Capture-Botnet-43/capture20110811.binetflow,2011-08-11T09:45:00,2011-08-11T09:50:00,3911,4013,24,11,3,0,3,3908,train
CTU-Malware-Capture-Botnet-43,Neris,C:\Users\Montana\My Code\CSCI611_Montana_Pawek\GNN\packagedData\graphs\CTU-Malware-Capture-Botnet-43\CTU-Malware-Capture-Botnet-43__20110811_095000.pt,CTU-Malware-Capture-Botnet-43\CTU-Malware-Capture-Botnet-43__20110811_095000.pt,data/nerisFamily/CTU-Malware-Capture-Botnet-43/capture20110811.binetflow,2011-08-11T09:50:00,2011-08-11T09:55:00,31941,33277,24,11,4,0,4,31937,train
CTU-Malware-Capture-Botnet-43,Neris,C:\Users\Montana\My Code\CSCI611_Montana_Pawek\GNN\packagedData\graphs\CTU-Malware-Capture-Botnet-43\CTU-Malware-Capture-Botnet-43__20110811_095500.pt,CTU-Malware-Capture-Botnet-43\CTU-Malware-Capture-Botnet-43__20110811_095500.pt,data/nerisFamily/CTU-Malware-Capture-Botnet-43/capture20110811.binetflow,2011-08-11T09:55:00,2011-08-11T10:00:00,26291,27132,24,11,3,0,3,26288,train
CTU-Malware-Capture-Botnet-43,Neris,C:\Users\Montana\My Code\CSCI611_Montana_Pawek\GNN\packagedData\graphs\CTU-Malware-Capture-Botnet-43\CTU-Malware-Capture-Botnet-43__20110811_100000.pt,CTU-Malware-Capture-Botnet-43\CTU-Malware-Capture-Botnet-43__20110811_100000.pt,data/nerisFamily/CTU-Malware-Capture-Botnet-43/capture20110811.binetflow,2011-08-11T10:00:00,2011-08-11T10:05:00,24457,25150,24,11,4,0,4,24453,train
CTU-Malware-Capture-Botnet-43,Neris,C:\Users\Montana\My Code\CSCI611_Montana_Pawek\GNN\packagedData\graphs\CTU-Malware-Capture-Botnet-43\CTU-Malware-Capture-Botnet-43__20110811_100500.pt,CTU-Malware-Capture-Botnet-43\CTU-Malware-Capture-Botnet-43__20110811_100500.pt,data/nerisFamily/CTU-Malware-Capture-Botnet-43/capture20110811.binetflow,2011-08-11T10:05:00,2011-08-11T10:10:00,23199,24105,24,11,4,0,4,23195,train
CTU-Malware-Capture-Botnet-43,Neris,C:\Users\Montana\My Code\CSCI611_Montana_Pawek\GNN\packagedData\graphs\CTU-Malware-Capture-Botnet-43\CTU-Malware-Capture-Botnet-43__20110811_101000.pt,CTU-Malware-Capture-Botnet-43\CTU-Malware-Capture-Botnet-43__20110811_101000.pt,data/nerisFamily/CTU-Malware-Capture-Botnet-43/capture20110811.binetflow,2011-08-11T10:10:00,2011-08-11T10:15:00,20180,20829,24,11,3,0,3,20177,train
CTU-Malware-Capture-Botnet-43,Neris,C:\Users\Montana\My Code\CSCI611_Montana_Pawek\GNN\packagedData\graphs\CTU-Malware-Capture-Botnet-43\CTU-Malware-Capture-Botnet-43__20110811_101500.pt,CTU-Malware-Capture-Botnet-43\CTU-Malware-Capture-Botnet-43__20110811_101500.pt,data/nerisFamily/CTU-Malware-Capture-Botnet-43/capture20110811.binetflow,2011-08-11T10:15:00,2011-08-11T10:20:00,19038,19627,24,11,3,0,3,19035,train
CTU-Malware-Capture-Botnet-43,Neris,C:\Users\Montana\My Code\CSCI611_Montana_Pawek\GNN\packagedData\graphs\CTU-Malware-Capture-Botnet-43\CTU-Malware-Capture-Botnet-43__20110811_102000.pt,CTU-Malware-Capture-Botnet-43\CTU-Malware-Capture-Botnet-43__20110811_102000.pt,data/nerisFamily/CTU-Malware-Capture-Botnet-43/capture20110811.binetflow,2011-08-11T10:20:00,2011-08-11T10:25:00,19292,19965,24,11,4,0,4,19288,train
CTU-Malware-Capture-Botnet-43,Neris,C:\Users\Montana\My Code\CSCI611_Montana_Pawek\GNN\packagedData\graphs\CTU-Malware-Capture-Botnet-43\CTU-Malware-Capture-Botnet-43__20110811_102500.pt,CTU-Malware-Capture-Botnet-43\CTU-Malware-Capture-Botnet-43__20110811_102500.pt,data/nerisFamily/CTU-Malware-Capture-Botnet-43/capture20110811.binetflow,2011-08-11T10:25:00,2011-08-11T10:30:00,18839,19532,24,11,5,1,4,18834,train
CTU-Malware-Capture-Botnet-43,Neris,C:\Users\Montana\My Code\CSCI611_Montana_Pawek\GNN\packagedData\graphs\CTU-Malware-Capture-Botnet-43\CTU-Malware-Capture-Botnet-43__20110811_103000.pt,CTU-Malware-Capture-Botnet-43\CTU-Malware-Capture-Botnet-43__20110811_103000.pt,data/nerisFamily/CTU-Malware-Capture-Botnet-43/capture20110811.binetflow,2011-08-11T10:30:00,2011-08-11T10:35:00,16495,17040,24,11,5,1,4,16490,train
CTU-Malware-Capture-Botnet-43,Neris,C:\Users\Montana\My Code\CSCI611_Montana_Pawek\GNN\packagedData\graphs\CTU-Malware-Capture-Botnet-43\CTU-Malware-Capture-Botnet-43__20110811_103500.pt,CTU-Malware-Capture-Botnet-43\CTU-Malware-Capture-Botnet-43__20110811_103500.pt,data/nerisFamily/CTU-Malware-Capture-Botnet-43/capture20110811.binetflow,2011-08-11T10:35:00,2011-08-11T10:40:00,16706,17183,24,11,6,1,5,16700,train
CTU-Malware-Capture-Botnet-43,Neris,C:\Users\Montana\My Code\CSCI611_Montana_Pawek\GNN\packagedData\graphs\CTU-Malware-Capture-Botnet-43\CTU-Malware-Capture-Botnet-43__20110811_104000.pt,CTU-Malware-Capture-Botnet-43\CTU-Malware-Capture-Botnet-43__20110811_104000.pt,data/nerisFamily/CTU-Malware-Capture-Botnet-43/capture20110811.binetflow,2011-08-11T10:40:00,2011-08-11T10:45:00,15294,15875,24,11,5,1,4,15289,train
CTU-Malware-Capture-Botnet-43,Neris,C:\Users\Montana\My Code\CSCI611_Montana_Pawek\GNN\packagedData\graphs\CTU-Malware-Capture-Botnet-43\CTU-Malware-Capture-Botnet-43__20110811_104500.pt,CTU-Malware-Capture-Botnet-43\CTU-Malware-Capture-Botnet-43__20110811_104500.pt,data/nerisFamily/CTU-Malware-Capture-Botnet-43/capture20110811.binetflow,2011-08-11T10:45:00,2011-08-11T10:50:00,14723,15390,24,11,5,1,4,14718,train
CTU-Malware-Capture-Botnet-43,Neris,C:\Users\Montana\My Code\CSCI611_Montana_Pawek\GNN\packagedData\graphs\CTU-Malware-Capture-Botnet-43\CTU-Malware-Capture-Botnet-43__20110811_105000.pt,CTU-Malware-Capture-Botnet-43\CTU-Malware-Capture-Botnet-43__20110811_105000.pt,data/nerisFamily/CTU-Malware-Capture-Botnet-43/capture20110811.binetflow,2011-08-11T10:50:00,2011-08-11T10:55:00,19511,20490,24,11,5,1,4,19506,train
CTU-Malware-Capture-Botnet-43,Neris,C:\Users\Montana\My Code\CSCI611_Montana_Pawek\GNN\packagedData\graphs\CTU-Malware-Capture-Botnet-43\CTU-Malware-Capture-Botnet-43__20110811_105500.pt,CTU-Malware-Capture-Botnet-43\CTU-Malware-Capture-Botnet-43__20110811_105500.pt,data/nerisFamily/CTU-Malware-Capture-Botnet-43/capture20110811.binetflow,2011-08-11T10:55:00,2011-08-11T11:00:00,20026,20939,24,11,5,1,4,20021,train
CTU-Malware-Capture-Botnet-43,Neris,C:\Users\Montana\My Code\CSCI611_Montana_Pawek\GNN\packagedData\graphs\CTU-Malware-Capture-Botnet-43\CTU-Malware-Capture-Botnet-43__20110811_110000.pt,CTU-Malware-Capture-Botnet-43\CTU-Malware-Capture-Botnet-43__20110811_110000.pt,data/nerisFamily/CTU-Malware-Capture-Botnet-43/capture20110811.binetflow,2011-08-11T11:00:00,2011-08-11T11:05:00,20590,21473,24,11,4,1,3,20586,train
CTU-Malware-Capture-Botnet-43,Neris,C:\Users\Montana\My Code\CSCI611_Montana_Pawek\GNN\packagedData\graphs\CTU-Malware-Capture-Botnet-43\CTU-Malware-Capture-Botnet-43__20110811_110500.pt,CTU-Malware-Capture-Botnet-43\CTU-Malware-Capture-Botnet-43__20110811_110500.pt,data/nerisFamily/CTU-Malware-Capture-Botnet-43/capture20110811.binetflow,2011-08-11T11:05:00,2011-08-11T11:10:00,21314,22188,24,11,4,1,3,21310,train
CTU-Malware-Capture-Botnet-43,Neris,C:\Users\Montana\My Code\CSCI611_Montana_Pawek\GNN\packagedData\graphs\CTU-Malware-Capture-Botnet-43\CTU-Malware-Capture-Botnet-43__20110811_111000.pt,CTU-Malware-Capture-Botnet-43\CTU-Malware-Capture-Botnet-43__20110811_111000.pt,data/nerisFamily/CTU-Malware-Capture-Botnet-43/capture20110811.binetflow,2011-08-11T11:10:00,2011-08-11T11:15:00,20182,21162,24,11,5,1,4,20177,train
CTU-Malware-Capture-Botnet-43,Neris,C:\Users\Montana\My Code\CSCI611_Montana_Pawek\GNN\packagedData\graphs\CTU-Malware-Capture-Botnet-43\CTU-Malware-Capture-Botnet-43__20110811_111500.pt,CTU-Malware-Capture-Botnet-43\CTU-Malware-Capture-Botnet-43__20110811_111500.pt,data/nerisFamily/CTU-Malware-Capture-Botnet-43/capture20110811.binetflow,2011-08-11T11:15:00,2011-08-11T11:20:00,19729,20639,24,11,6,1,5,19723,train
CTU-Malware-Capture-Botnet-43,Neris,C:\Users\Montana\My Code\CSCI611_Montana_Pawek\GNN\packagedData\graphs\CTU-Malware-Capture-Botnet-43\CTU-Malware-Capture-Botnet-43__20110811_112000.pt,CTU-Malware-Capture-Botnet-43\CTU-Malware-Capture-Botnet-43__20110811_112000.pt,data/nerisFamily/CTU-Malware-Capture-Botnet-43/capture20110811.binetflow,2011-08-11T11:20:00,2011-08-11T11:25:00,19920,20807,24,11,5,1,4,19915,train
CTU-Malware-Capture-Botnet-43,Neris,C:\Users\Montana\My Code\CSCI611_Montana_Pawek\GNN\packagedData\graphs\CTU-Malware-Capture-Botnet-43\CTU-Malware-Capture-Botnet-43__20110811_112500.pt,CTU-Malware-Capture-Botnet-43\CTU-Malware-Capture-Botnet-43__20110811_112500.pt,data/nerisFamily/CTU-Malware-Capture-Botnet-43/capture20110811.binetflow,2011-08-11T11:25:00,2011-08-11T11:30:00,19890,20797,24,11,4,1,3,19886,train
CTU-Malware-Capture-Botnet-43,Neris,C:\Users\Montana\My Code\CSCI611_Montana_Pawek\GNN\packagedData\graphs\CTU-Malware-Capture-Botnet-43\CTU-Malware-Capture-Botnet-43__20110811_113000.pt,CTU-Malware-Capture-Botnet-43\CTU-Malware-Capture-Botnet-43__20110811_113000.pt,data/nerisFamily/CTU-Malware-Capture-Botnet-43/capture20110811.binetflow,2011-08-11T11:30:00,2011-08-11T11:35:00,18862,19769,24,11,4,1,3,18858,train
CTU-Malware-Capture-Botnet-43,Neris,C:\Users\Montana\My Code\CSCI611_Montana_Pawek\GNN\packagedData\graphs\CTU-Malware-Capture-Botnet-43\CTU-Malware-Capture-Botnet-43__20110811_113500.pt,CTU-Malware-Capture-Botnet-43\CTU-Malware-Capture-Botnet-43__20110811_113500.pt,data/nerisFamily/CTU-Malware-Capture-Botnet-43/capture20110811.binetflow,2011-08-11T11:35:00,2011-08-11T11:40:00,18369,19276,24,11,6,1,5,18363,train
CTU-Malware-Capture-Botnet-43,Neris,C:\Users\Montana\My Code\CSCI611_Montana_Pawek\GNN\packagedData\graphs\CTU-Malware-Capture-Botnet-43\CTU-Malware-Capture-Botnet-43__20110811_114000.pt,CTU-Malware-Capture-Botnet-43\CTU-Malware-Capture-Botnet-43__20110811_114000.pt,data/nerisFamily/CTU-Malware-Capture-Botnet-43/capture20110811.binetflow,2011-08-11T11:40:00,2011-08-11T11:45:00,18820,19789,24,11,4,1,3,18816,train
CTU-Malware-Capture-Botnet-43,Neris,C:\Users\Montana\My Code\CSCI611_Montana_Pawek\GNN\packagedData\graphs\CTU-Malware-Capture-Botnet-43\CTU-Malware-Capture-Botnet-43__20110811_114500.pt,CTU-Malware-Capture-Botnet-43\CTU-Malware-Capture-Botnet-43__20110811_114500.pt,data/nerisFamily/CTU-Malware-Capture-Botnet-43/capture20110811.binetflow,2011-08-11T11:45:00,2011-08-11T11:50:00,18155,19093,24,11,5,1,4,18150,train
CTU-Malware-Capture-Botnet-43,Neris,C:\Users\Montana\My Code\CSCI611_Montana_Pawek\GNN\packagedData\graphs\CTU-Malware-Capture-Botnet-43\CTU-Malware-Capture-Botnet-43__20110811_115000.pt,CTU-Malware-Capture-Botnet-43\CTU-Malware-Capture-Botnet-43__20110811_115000.pt,data/nerisFamily/CTU-Malware-Capture-Botnet-43/capture20110811.binetflow,2011-08-11T11:50:00,2011-08-11T11:55:00,18562,19575,24,11,5,1,4,18557,train
CTU-Malware-Capture-Botnet-43,Neris,C:\Users\Montana\My Code\CSCI611_Montana_Pawek\GNN\packagedData\graphs\CTU-Malware-Capture-Botnet-43\CTU-Malware-Capture-Botnet-43__20110811_115500.pt,CTU-Malware-Capture-Botnet-43\CTU-Malware-Capture-Botnet-43__20110811_115500.pt,data/nerisFamily/CTU-Malware-Capture-Botnet-43/capture20110811.binetflow,2011-08-11T11:55:00,2011-08-11T12:00:00,19802,20810,24,11,6,1,5,19796,train
CTU-Malware-Capture-Botnet-43,Neris,C:\Users\Montana\My Code\CSCI611_Montana_Pawek\GNN\packagedData\graphs\CTU-Malware-Capture-Botnet-43\CTU-Malware-Capture-Botnet-43__20110811_120000.pt,CTU-Malware-Capture-Botnet-43\CTU-Malware-Capture-Botnet-43__20110811_120000.pt,data/nerisFamily/CTU-Malware-Capture-Botnet-43/capture20110811.binetflow,2011-08-11T12:00:00,2011-08-11T12:05:00,19619,20509,24,11,5,1,4,19614,train
CTU-Malware-Capture-Botnet-43,Neris,C:\Users\Montana\My Code\CSCI611_Montana_Pawek\GNN\packagedData\graphs\CTU-Malware-Capture-Botnet-43\CTU-Malware-Capture-Botnet-43__20110811_120500.pt,CTU-Malware-Capture-Botnet-43\CTU-Malware-Capture-Botnet-43__20110811_120500.pt,data/nerisFamily/CTU-Malware-Capture-Botnet-43/capture20110811.binetflow,2011-08-11T12:05:00,2011-08-11T12:10:00,19187,20027,24,11,5,1,4,19182,train
CTU-Malware-Capture-Botnet-43,Neris,C:\Users\Montana\My Code\CSCI611_Montana_Pawek\GNN\packagedData\graphs\CTU-Malware-Capture-Botnet-43\CTU-Malware-Capture-Botnet-43__20110811_121000.pt,CTU-Malware-Capture-Botnet-43\CTU-Malware-Capture-Botnet-43__20110811_121000.pt,data/nerisFamily/CTU-Malware-Capture-Botnet-43/capture20110811.binetflow,2011-08-11T12:10:00,2011-08-11T12:15:00,19897,20805,24,11,5,1,4,19892,train
CTU-Malware-Capture-Botnet-43,Neris,C:\Users\Montana\My Code\CSCI611_Montana_Pawek\GNN\packagedData\graphs\CTU-Malware-Capture-Botnet-43\CTU-Malware-Capture-Botnet-43__20110811_121500.pt,CTU-Malware-Capture-Botnet-43\CTU-Malware-Capture-Botnet-43__20110811_121500.pt,data/nerisFamily/CTU-Malware-Capture-Botnet-43/capture20110811.binetflow,2011-08-11T12:15:00,2011-08-11T12:20:00,18845,19533,24,11,5,1,4,18840,train
CTU-Malware-Capture-Botnet-43,Neris,C:\Users\Montana\My Code\CSCI611_Montana_Pawek\GNN\packagedData\graphs\CTU-Malware-Capture-Botnet-43\CTU-Malware-Capture-Botnet-43__20110811_122000.pt,CTU-Malware-Capture-Botnet-43\CTU-Malware-Capture-Botnet-43__20110811_122000.pt,data/nerisFamily/CTU-Malware-Capture-Botnet-43/capture20110811.binetflow,2011-08-11T12:20:00,2011-08-11T12:25:00,19458,20230,24,11,5,1,4,19453,train
CTU-Malware-Capture-Botnet-43,Neris,C:\Users\Montana\My Code\CSCI611_Montana_Pawek\GNN\packagedData\graphs\CTU-Malware-Capture-Botnet-43\CTU-Malware-Capture-Botnet-43__20110811_122500.pt,CTU-Malware-Capture-Botnet-43\CTU-Malware-Capture-Botnet-43__20110811_122500.pt,data/nerisFamily/CTU-Malware-Capture-Botnet-43/capture20110811.binetflow,2011-08-11T12:25:00,2011-08-11T12:30:00,20142,20944,24,11,4,1,3,20138,train
CTU-Malware-Capture-Botnet-43,Neris,C:\Users\Montana\My Code\CSCI611_Montana_Pawek\GNN\packagedData\graphs\CTU-Malware-Capture-Botnet-43\CTU-Malware-Capture-Botnet-43__20110811_123000.pt,CTU-Malware-Capture-Botnet-43\CTU-Malware-Capture-Botnet-43__20110811_123000.pt,data/nerisFamily/CTU-Malware-Capture-Botnet-43/capture20110811.binetflow,2011-08-11T12:30:00,2011-08-11T12:35:00,17582,18259,24,11,5,1,4,17577,train
CTU-Malware-Capture-Botnet-43,Neris,C:\Users\Montana\My Code\CSCI611_Montana_Pawek\GNN\packagedData\graphs\CTU-Malware-Capture-Botnet-43\CTU-Malware-Capture-Botnet-43__20110811_123500.pt,CTU-Malware-Capture-Botnet-43\CTU-Malware-Capture-Botnet-43__20110811_123500.pt,data/nerisFamily/CTU-Malware-Capture-Botnet-43/capture20110811.binetflow,2011-08-11T12:35:00,2011-08-11T12:40:00,15831,16854,24,11,6,1,5,15825,train
CTU-Malware-Capture-Botnet-43,Neris,C:\Users\Montana\My Code\CSCI611_Montana_Pawek\GNN\packagedData\graphs\CTU-Malware-Capture-Botnet-43\CTU-Malware-Capture-Botnet-43__20110811_124000.pt,CTU-Malware-Capture-Botnet-43\CTU-Malware-Capture-Botnet-43__20110811_124000.pt,data/nerisFamily/CTU-Malware-Capture-Botnet-43/capture20110811.binetflow,2011-08-11T12:40:00,2011-08-11T12:45:00,14655,15259,24,11,6,1,5,14649,train
CTU-Malware-Capture-Botnet-43,Neris,C:\Users\Montana\My Code\CSCI611_Montana_Pawek\GNN\packagedData\graphs\CTU-Malware-Capture-Botnet-43\CTU-Malware-Capture-Botnet-43__20110811_124500.pt,CTU-Malware-Capture-Botnet-43\CTU-Malware-Capture-Botnet-43__20110811_124500.pt,data/nerisFamily/CTU-Malware-Capture-Botnet-43/capture20110811.binetflow,2011-08-11T12:45:00,2011-08-11T12:50:00,13288,13860,24,11,6,1,5,13282,train
CTU-Malware-Capture-Botnet-43,Neris,C:\Users\Montana\My Code\CSCI611_Montana_Pawek\GNN\packagedData\graphs\CTU-Malware-Capture-Botnet-43\CTU-Malware-Capture-Botnet-43__20110811_125000.pt,CTU-Malware-Capture-Botnet-43\CTU-Malware-Capture-Botnet-43__20110811_125000.pt,data/nerisFamily/CTU-Malware-Capture-Botnet-43/capture20110811.binetflow,2011-08-11T12:50:00,2011-08-11T12:55:00,12751,13436,24,11,5,1,4,12746,train
CTU-Malware-Capture-Botnet-43,Neris,C:\Users\Montana\My Code\CSCI611_Montana_Pawek\GNN\packagedData\graphs\CTU-Malware-Capture-Botnet-43\CTU-Malware-Capture-Botnet-43__20110811_125500.pt,CTU-Malware-Capture-Botnet-43\CTU-Malware-Capture-Botnet-43__20110811_125500.pt,data/nerisFamily/CTU-Malware-Capture-Botnet-43/capture20110811.binetflow,2011-08-11T12:55:00,2011-08-11T13:00:00,12811,13496,24,11,4,1,3,12807,train
CTU-Malware-Capture-Botnet-43,Neris,C:\Users\Montana\My Code\CSCI611_Montana_Pawek\GNN\packagedData\graphs\CTU-Malware-Capture-Botnet-43\CTU-Malware-Capture-Botnet-43__20110811_130000.pt,CTU-Malware-Capture-Botnet-43\CTU-Malware-Capture-Botnet-43__20110811_130000.pt,data/nerisFamily/CTU-Malware-Capture-Botnet-43/capture20110811.binetflow,2011-08-11T13:00:00,2011-08-11T13:05:00,12713,13329,24,11,5,1,4,12708,train
CTU-Malware-Capture-Botnet-43,Neris,C:\Users\Montana\My Code\CSCI611_Montana_Pawek\GNN\packagedData\graphs\CTU-Malware-Capture-Botnet-43\CTU-Malware-Capture-Botnet-43__20110811_130500.pt,CTU-Malware-Capture-Botnet-43\CTU-Malware-Capture-Botnet-43__20110811_130500.pt,data/nerisFamily/CTU-Malware-Capture-Botnet-43/capture20110811.binetflow,2011-08-11T13:05:00,2011-08-11T13:10:00,12365,12943,24,11,5,1,4,12360,train
CTU-Malware-Capture-Botnet-43,Neris,C:\Users\Montana\My Code\CSCI611_Montana_Pawek\GNN\packagedData\graphs\CTU-Malware-Capture-Botnet-43\CTU-Malware-Capture-Botnet-43__20110811_131000.pt,CTU-Malware-Capture-Botnet-43\CTU-Malware-Capture-Botnet-43__20110811_131000.pt,data/nerisFamily/CTU-Malware-Capture-Botnet-43/capture20110811.binetflow,2011-08-11T13:10:00,2011-08-11T13:15:00,13094,13899,24,11,4,1,3,13090,train
CTU-Malware-Capture-Botnet-43,Neris,C:\Users\Montana\My Code\CSCI611_Montana_Pawek\GNN\packagedData\graphs\CTU-Malware-Capture-Botnet-43\CTU-Malware-Capture-Botnet-43__20110811_131500.pt,CTU-Malware-Capture-Botnet-43\CTU-Malware-Capture-Botnet-43__20110811_131500.pt,data/nerisFamily/CTU-Malware-Capture-Botnet-43/capture20110811.binetflow,2011-08-11T13:15:00,2011-08-11T13:20:00,11575,12290,24,11,6,1,5,11569,train
CTU-Malware-Capture-Botnet-43,Neris,C:\Users\Montana\My Code\CSCI611_Montana_Pawek\GNN\packagedData\graphs\CTU-Malware-Capture-Botnet-43\CTU-Malware-Capture-Botnet-43__20110811_132000.pt,CTU-Malware-Capture-Botnet-43\CTU-Malware-Capture-Botnet-43__20110811_132000.pt,data/nerisFamily/CTU-Malware-Capture-Botnet-43/capture20110811.binetflow,2011-08-11T13:20:00,2011-08-11T13:25:00,11185,11866,24,11,6,1,5,11179,train
CTU-Malware-Capture-Botnet-43,Neris,C:\Users\Montana\My Code\CSCI611_Montana_Pawek\GNN\packagedData\graphs\CTU-Malware-Capture-Botnet-43\CTU-Malware-Capture-Botnet-43__20110811_132500.pt,CTU-Malware-Capture-Botnet-43\CTU-Malware-Capture-Botnet-43__20110811_132500.pt,data/nerisFamily/CTU-Malware-Capture-Botnet-43/capture20110811.binetflow,2011-08-11T13:25:00,2011-08-11T13:30:00,11841,12573,24,11,5,1,4,11836,train
CTU-Malware-Capture-Botnet-43,Neris,C:\Users\Montana\My Code\CSCI611_Montana_Pawek\GNN\packagedData\graphs\CTU-Malware-Capture-Botnet-43\CTU-Malware-Capture-Botnet-43__20110811_133000.pt,CTU-Malware-Capture-Botnet-43\CTU-Malware-Capture-Botnet-43__20110811_133000.pt,data/nerisFamily/CTU-Malware-Capture-Botnet-43/capture20110811.binetflow,2011-08-11T13:30:00,2011-08-11T13:35:00,10535,11246,24,11,5,1,4,10530,train
CTU-Malware-Capture-Botnet-43,Neris,C:\Users\Montana\My Code\CSCI611_Montana_Pawek\GNN\packagedData\graphs\CTU-Malware-Capture-Botnet-43\CTU-Malware-Capture-Botnet-43__20110811_133500.pt,CTU-Malware-Capture-Botnet-43\CTU-Malware-Capture-Botnet-43__20110811_133500.pt,data/nerisFamily/CTU-Malware-Capture-Botnet-43/capture20110811.binetflow,2011-08-11T13:35:00,2011-08-11T13:40:00,10378,10977,24,11,4,1,3,10374,train
CTU-Malware-Capture-Botnet-43,Neris,C:\Users\Montana\My Code\CSCI611_Montana_Pawek\GNN\packagedData\graphs\CTU-Malware-Capture-Botnet-43\CTU-Malware-Capture-Botnet-43__20110811_134000.pt,CTU-Malware-Capture-Botnet-43\CTU-Malware-Capture-Botnet-43__20110811_134000.pt,data/nerisFamily/CTU-Malware-Capture-Botnet-43/capture20110811.binetflow,2011-08-11T13:40:00,2011-08-11T13:45:00,11212,11934,24,11,5,1,4,11207,train
CTU-Malware-Capture-Botnet-43,Neris,C:\Users\Montana\My Code\CSCI611_Montana_Pawek\GNN\packagedData\graphs\CTU-Malware-Capture-Botnet-43\CTU-Malware-Capture-Botnet-43__20110811_134500.pt,CTU-Malware-Capture-Botnet-43\CTU-Malware-Capture-Botnet-43__20110811_134500.pt,data/nerisFamily/CTU-Malware-Capture-Botnet-43/capture20110811.binetflow,2011-08-11T13:45:00,2011-08-11T13:50:00,10185,10902,24,11,5,1,4,10180,train
CTU-Malware-Capture-Botnet-43,Neris,C:\Users\Montana\My Code\CSCI611_Montana_Pawek\GNN\packagedData\graphs\CTU-Malware-Capture-Botnet-43\CTU-Malware-Capture-Botnet-43__20110811_135000.pt,CTU-Malware-Capture-Botnet-43\CTU-Malware-Capture-Botnet-43__20110811_135000.pt,data/nerisFamily/CTU-Malware-Capture-Botnet-43/capture20110811.binetflow,2011-08-11T13:50:00,2011-08-11T13:55:00,9811,10547,24,11,6,1,5,9805,train
CTU-Malware-Capture-Botnet-43,Neris,C:\Users\Montana\My Code\CSCI611_Montana_Pawek\GNN\packagedData\graphs\CTU-Malware-Capture-Botnet-43\CTU-Malware-Capture-Botnet-43__20110811_135500.pt,CTU-Malware-Capture-Botnet-43\CTU-Malware-Capture-Botnet-43__20110811_135500.pt,data/nerisFamily/CTU-Malware-Capture-Botnet-43/capture20110811.binetflow,2011-08-11T13:55:00,2011-08-11T14:00:00,10557,11239,24,11,5,1,4,10552,train
CTU-Malware-Capture-Botnet-43,Neris,C:\Users\Montana\My Code\CSCI611_Montana_Pawek\GNN\packagedData\graphs\CTU-Malware-Capture-Botnet-43\CTU-Malware-Capture-Botnet-43__20110811_140000.pt,CTU-Malware-Capture-Botnet-43\CTU-Malware-Capture-Botnet-43__20110811_140000.pt,data/nerisFamily/CTU-Malware-Capture-Botnet-43/capture20110811.binetflow,2011-08-11T14:00:00,2011-08-11T14:05:00,2860,2929,24,11,3,0,3,2857,train
CTU-Malware-Capture-Botnet-44,Rbot,C:\Users\Montana\My Code\CSCI611_Montana_Pawek\GNN\packagedData\graphs\CTU-Malware-Capture-Botnet-44\CTU-Malware-Capture-Botnet-44__20110812_152000.pt,CTU-Malware-Capture-Botnet-44\CTU-Malware-Capture-Botnet-44__20110812_152000.pt,data/rbotFamily/CTU-Malware-Capture-Botnet-44/capture20110812.binetflow,2011-08-12T15:20:00,2011-08-12T15:25:00,1075,1311,24,11,4,0,4,1071,train
CTU-Malware-Capture-Botnet-44,Rbot,C:\Users\Montana\My Code\CSCI611_Montana_Pawek\GNN\packagedData\graphs\CTU-Malware-Capture-Botnet-44\CTU-Malware-Capture-Botnet-44__20110812_152500.pt,CTU-Malware-Capture-Botnet-44\CTU-Malware-Capture-Botnet-44__20110812_152500.pt,data/rbotFamily/CTU-Malware-Capture-Botnet-44/capture20110812.binetflow,2011-08-12T15:25:00,2011-08-12T15:30:00,2958,3587,24,11,5,2,3,2953,train
CTU-Malware-Capture-Botnet-44,Rbot,C:\Users\Montana\My Code\CSCI611_Montana_Pawek\GNN\packagedData\graphs\CTU-Malware-Capture-Botnet-44\CTU-Malware-Capture-Botnet-44__20110812_153000.pt,CTU-Malware-Capture-Botnet-44\CTU-Malware-Capture-Botnet-44__20110812_153000.pt,data/rbotFamily/CTU-Malware-Capture-Botnet-44/capture20110812.binetflow,2011-08-12T15:30:00,2011-08-12T15:35:00,2276,2800,24,11,3,0,3,2273,train
CTU-Malware-Capture-Botnet-44,Rbot,C:\Users\Montana\My Code\CSCI611_Montana_Pawek\GNN\packagedData\graphs\CTU-Malware-Capture-Botnet-44\CTU-Malware-Capture-Botnet-44__20110812_153500.pt,CTU-Malware-Capture-Botnet-44\CTU-Malware-Capture-Botnet-44__20110812_153500.pt,data/rbotFamily/CTU-Malware-Capture-Botnet-44/capture20110812.binetflow,2011-08-12T15:35:00,2011-08-12T15:40:00,1775,2096,24,11,4,0,4,1771,train
CTU-Malware-Capture-Botnet-44,Rbot,C:\Users\Montana\My Code\CSCI611_Montana_Pawek\GNN\packagedData\graphs\CTU-Malware-Capture-Botnet-44\CTU-Malware-Capture-Botnet-44__20110812_154000.pt,CTU-Malware-Capture-Botnet-44\CTU-Malware-Capture-Botnet-44__20110812_154000.pt,data/rbotFamily/CTU-Malware-Capture-Botnet-44/capture20110812.binetflow,2011-08-12T15:40:00,2011-08-12T15:45:00,2345,2703,24,11,4,0,4,2341,train
CTU-Malware-Capture-Botnet-44,Rbot,C:\Users\Montana\My Code\CSCI611_Montana_Pawek\GNN\packagedData\graphs\CTU-Malware-Capture-Botnet-44\CTU-Malware-Capture-Botnet-44__20110812_154500.pt,CTU-Malware-Capture-Botnet-44\CTU-Malware-Capture-Botnet-44__20110812_154500.pt,data/rbotFamily/CTU-Malware-Capture-Botnet-44/capture20110812.binetflow,2011-08-12T15:45:00,2011-08-12T15:50:00,1923,2213,24,11,4,0,4,1919,train
CTU-Malware-Capture-Botnet-44,Rbot,C:\Users\Montana\My Code\CSCI611_Montana_Pawek\GNN\packagedData\graphs\CTU-Malware-Capture-Botnet-44\CTU-Malware-Capture-Botnet-44__20110812_155000.pt,CTU-Malware-Capture-Botnet-44\CTU-Malware-Capture-Botnet-44__20110812_155000.pt,data/rbotFamily/CTU-Malware-Capture-Botnet-44/capture20110812.binetflow,2011-08-12T15:50:00,2011-08-12T15:55:00,1747,2028,24,11,5,1,4,1742,train
CTU-Malware-Capture-Botnet-44,Rbot,C:\Users\Montana\My Code\CSCI611_Montana_Pawek\GNN\packagedData\graphs\CTU-Malware-Capture-Botnet-44\CTU-Malware-Capture-Botnet-44__20110812_155500.pt,CTU-Malware-Capture-Botnet-44\CTU-Malware-Capture-Botnet-44__20110812_155500.pt,data/rbotFamily/CTU-Malware-Capture-Botnet-44/capture20110812.binetflow,2011-08-12T15:55:00,2011-08-12T16:00:00,2219,2576,24,11,5,0,5,2214,train
CTU-Malware-Capture-Botnet-44,Rbot,C:\Users\Montana\My Code\CSCI611_Montana_Pawek\GNN\packagedData\graphs\CTU-Malware-Capture-Botnet-44\CTU-Malware-Capture-Botnet-44__20110812_160000.pt,CTU-Malware-Capture-Botnet-44\CTU-Malware-Capture-Botnet-44__20110812_160000.pt,data/rbotFamily/CTU-Malware-Capture-Botnet-44/capture20110812.binetflow,2011-08-12T16:00:00,2011-08-12T16:05:00,1662,1946,24,11,3,0,3,1659,train
CTU-Malware-Capture-Botnet-44,Rbot,C:\Users\Montana\My Code\CSCI611_Montana_Pawek\GNN\packagedData\graphs\CTU-Malware-Capture-Botnet-44\CTU-Malware-Capture-Botnet-44__20110812_160500.pt,CTU-Malware-Capture-Botnet-44\CTU-Malware-Capture-Botnet-44__20110812_160500.pt,data/rbotFamily/CTU-Malware-Capture-Botnet-44/capture20110812.binetflow,2011-08-12T16:05:00,2011-08-12T16:10:00,1607,1887,24,11,6,1,5,1601,train
CTU-Malware-Capture-Botnet-44,Rbot,C:\Users\Montana\My Code\CSCI611_Montana_Pawek\GNN\packagedData\graphs\CTU-Malware-Capture-Botnet-44\CTU-Malware-Capture-Botnet-44__20110812_161000.pt,CTU-Malware-Capture-Botnet-44\CTU-Malware-Capture-Botnet-44__20110812_161000.pt,data/rbotFamily/CTU-Malware-Capture-Botnet-44/capture20110812.binetflow,2011-08-12T16:10:00,2011-08-12T16:15:00,1969,2240,24,11,5,0,5,1964,train
CTU-Malware-Capture-Botnet-44,Rbot,C:\Users\Montana\My Code\CSCI611_Montana_Pawek\GNN\packagedData\graphs\CTU-Malware-Capture-Botnet-44\CTU-Malware-Capture-Botnet-44__20110812_161500.pt,CTU-Malware-Capture-Botnet-44\CTU-Malware-Capture-Botnet-44__20110812_161500.pt,data/rbotFamily/CTU-Malware-Capture-Botnet-44/capture20110812.binetflow,2011-08-12T16:15:00,2011-08-12T16:20:00,1529,1771,24,11,4,0,4,1525,train
CTU-Malware-Capture-Botnet-44,Rbot,C:\Users\Montana\My Code\CSCI611_Montana_Pawek\GNN\packagedData\graphs\CTU-Malware-Capture-Botnet-44\CTU-Malware-Capture-Botnet-44__20110812_162000.pt,CTU-Malware-Capture-Botnet-44\CTU-Malware-Capture-Botnet-44__20110812_162000.pt,data/rbotFamily/CTU-Malware-Capture-Botnet-44/capture20110812.binetflow,2011-08-12T16:20:00,2011-08-12T16:25:00,1541,1756,24,11,5,0,5,1536,train
CTU-Malware-Capture-Botnet-44,Rbot,C:\Users\Montana\My Code\CSCI611_Montana_Pawek\GNN\packagedData\graphs\CTU-Malware-Capture-Botnet-44\CTU-Malware-Capture-Botnet-44__20110812_162500.pt,CTU-Malware-Capture-Botnet-44\CTU-Malware-Capture-Botnet-44__20110812_162500.pt,data/rbotFamily/CTU-Malware-Capture-Botnet-44/capture20110812.binetflow,2011-08-12T16:25:00,2011-08-12T16:30:00,1889,2245,24,11,7,2,5,1882,train
CTU-Malware-Capture-Botnet-44,Rbot,C:\Users\Montana\My Code\CSCI611_Montana_Pawek\GNN\packagedData\graphs\CTU-Malware-Capture-Botnet-44\CTU-Malware-Capture-Botnet-44__20110812_163000.pt,CTU-Malware-Capture-Botnet-44\CTU-Malware-Capture-Botnet-44__20110812_163000.pt,data/rbotFamily/CTU-Malware-Capture-Botnet-44/capture20110812.binetflow,2011-08-12T16:30:00,2011-08-12T16:35:00,1977,2274,24,11,4,0,4,1973,train
CTU-Malware-Capture-Botnet-44,Rbot,C:\Users\Montana\My Code\CSCI611_Montana_Pawek\GNN\packagedData\graphs\CTU-Malware-Capture-Botnet-44\CTU-Malware-Capture-Botnet-44__20110812_163500.pt,CTU-Malware-Capture-Botnet-44\CTU-Malware-Capture-Botnet-44__20110812_163500.pt,data/rbotFamily/CTU-Malware-Capture-Botnet-44/capture20110812.binetflow,2011-08-12T16:35:00,2011-08-12T16:40:00,1649,1894,24,11,5,0,5,1644,train
CTU-Malware-Capture-Botnet-44,Rbot,C:\Users\Montana\My Code\CSCI611_Montana_Pawek\GNN\packagedData\graphs\CTU-Malware-Capture-Botnet-44\CTU-Malware-Capture-Botnet-44__20110812_164000.pt,CTU-Malware-Capture-Botnet-44\CTU-Malware-Capture-Botnet-44__20110812_164000.pt,data/rbotFamily/CTU-Malware-Capture-Botnet-44/capture20110812.binetflow,2011-08-12T16:40:00,2011-08-12T16:45:00,1434,1623,24,11,5,0,5,1429,train
CTU-Malware-Capture-Botnet-44,Rbot,C:\Users\Montana\My Code\CSCI611_Montana_Pawek\GNN\packagedData\graphs\CTU-Malware-Capture-Botnet-44\CTU-Malware-Capture-Botnet-44__20110812_164500.pt,CTU-Malware-Capture-Botnet-44\CTU-Malware-Capture-Botnet-44__20110812_164500.pt,data/rbotFamily/CTU-Malware-Capture-Botnet-44/capture20110812.binetflow,2011-08-12T16:45:00,2011-08-12T16:50:00,1398,1620,24,11,5,0,5,1393,train
CTU-Malware-Capture-Botnet-44,Rbot,C:\Users\Montana\My Code\CSCI611_Montana_Pawek\GNN\packagedData\graphs\CTU-Malware-Capture-Botnet-44\CTU-Malware-Capture-Botnet-44__20110812_165000.pt,CTU-Malware-Capture-Botnet-44\CTU-Malware-Capture-Botnet-44__20110812_165000.pt,data/rbotFamily/CTU-Malware-Capture-Botnet-44/capture20110812.binetflow,2011-08-12T16:50:00,2011-08-12T16:55:00,1302,1526,24,11,5,0,5,1297,train
CTU-Malware-Capture-Botnet-44,Rbot,C:\Users\Montana\My Code\CSCI611_Montana_Pawek\GNN\packagedData\graphs\CTU-Malware-Capture-Botnet-44\CTU-Malware-Capture-Botnet-44__20110812_165500.pt,CTU-Malware-Capture-Botnet-44\CTU-Malware-Capture-Botnet-44__20110812_165500.pt,data/rbotFamily/CTU-Malware-Capture-Botnet-44/capture20110812.binetflow,2011-08-12T16:55:00,2011-08-12T17:00:00,1164,1374,24,11,5,1,4,1159,train
CTU-Malware-Capture-Botnet-44,Rbot,C:\Users\Montana\My Code\CSCI611_Montana_Pawek\GNN\packagedData\graphs\CTU-Malware-Capture-Botnet-44\CTU-Malware-Capture-Botnet-44__20110812_170000.pt,CTU-Malware-Capture-Botnet-44\CTU-Malware-Capture-Botnet-44__20110812_170000.pt,data/rbotFamily/CTU-Malware-Capture-Botnet-44/capture20110812.binetflow,2011-08-12T17:00:00,2011-08-12T17:05:00,1280,1522,24,11,4,0,4,1276,train
CTU-Malware-Capture-Botnet-44,Rbot,C:\Users\Montana\My Code\CSCI611_Montana_Pawek\GNN\packagedData\graphs\CTU-Malware-Capture-Botnet-44\CTU-Malware-Capture-Botnet-44__20110812_170500.pt,CTU-Malware-Capture-Botnet-44\CTU-Malware-Capture-Botnet-44__20110812_170500.pt,data/rbotFamily/CTU-Malware-Capture-Botnet-44/capture20110812.binetflow,2011-08-12T17:05:00,2011-08-12T17:10:00,1919,2261,24,11,7,1,6,1912,train
CTU-Malware-Capture-Botnet-44,Rbot,C:\Users\Montana\My Code\CSCI611_Montana_Pawek\GNN\packagedData\graphs\CTU-Malware-Capture-Botnet-44\CTU-Malware-Capture-Botnet-44__20110812_171000.pt,CTU-Malware-Capture-Botnet-44\CTU-Malware-Capture-Botnet-44__20110812_171000.pt,data/rbotFamily/CTU-Malware-Capture-Botnet-44/capture20110812.binetflow,2011-08-12T17:10:00,2011-08-12T17:15:00,1312,1466,24,11,4,0,4,1308,train
CTU-Malware-Capture-Botnet-44,Rbot,C:\Users\Montana\My Code\CSCI611_Montana_Pawek\GNN\packagedData\graphs\CTU-Malware-Capture-Botnet-44\CTU-Malware-Capture-Botnet-44__20110812_171500.pt,CTU-Malware-Capture-Botnet-44\CTU-Malware-Capture-Botnet-44__20110812_171500.pt,data/rbotFamily/CTU-Malware-Capture-Botnet-44/capture20110812.binetflow,2011-08-12T17:15:00,2011-08-12T17:20:00,1969,2337,24,11,7,1,6,1962,train
CTU-Malware-Capture-Botnet-44,Rbot,C:\Users\Montana\My Code\CSCI611_Montana_Pawek\GNN\packagedData\graphs\CTU-Malware-Capture-Botnet-44\CTU-Malware-Capture-Botnet-44__20110812_172000.pt,CTU-Malware-Capture-Botnet-44\CTU-Malware-Capture-Botnet-44__20110812_172000.pt,data/rbotFamily/CTU-Malware-Capture-Botnet-44/capture20110812.binetflow,2011-08-12T17:20:00,2011-08-12T17:25:00,1239,1414,24,11,6,1,5,1233,train
CTU-Malware-Capture-Botnet-44,Rbot,C:\Users\Montana\My Code\CSCI611_Montana_Pawek\GNN\packagedData\graphs\CTU-Malware-Capture-Botnet-44\CTU-Malware-Capture-Botnet-44__20110812_172500.pt,CTU-Malware-Capture-Botnet-44\CTU-Malware-Capture-Botnet-44__20110812_172500.pt,data/rbotFamily/CTU-Malware-Capture-Botnet-44/capture20110812.binetflow,2011-08-12T17:25:00,2011-08-12T17:30:00,1218,1444,24,11,7,2,5,1211,train
CTU-Malware-Capture-Botnet-44,Rbot,C:\Users\Montana\My Code\CSCI611_Montana_Pawek\GNN\packagedData\graphs\CTU-Malware-Capture-Botnet-44\CTU-Malware-Capture-Botnet-44__20110812_173000.pt,CTU-Malware-Capture-Botnet-44\CTU-Malware-Capture-Botnet-44__20110812_173000.pt,data/rbotFamily/CTU-Malware-Capture-Botnet-44/capture20110812.binetflow,2011-08-12T17:30:00,2011-08-12T17:35:00,2136,2588,24,11,7,1,6,2129,train
CTU-Malware-Capture-Botnet-44,Rbot,C:\Users\Montana\My Code\CSCI611_Montana_Pawek\GNN\packagedData\graphs\CTU-Malware-Capture-Botnet-44\CTU-Malware-Capture-Botnet-44__20110812_173500.pt,CTU-Malware-Capture-Botnet-44\CTU-Malware-Capture-Botnet-44__20110812_173500.pt,data/rbotFamily/CTU-Malware-Capture-Botnet-44/capture20110812.binetflow,2011-08-12T17:35:00,2011-08-12T17:40:00,1167,1294,24,11,4,0,4,1163,train
CTU-Malware-Capture-Botnet-44,Rbot,C:\Users\Montana\My Code\CSCI611_Montana_Pawek\GNN\packagedData\graphs\CTU-Malware-Capture-Botnet-44\CTU-Malware-Capture-Botnet-44__20110812_174000.pt,CTU-Malware-Capture-Botnet-44\CTU-Malware-Capture-Botnet-44__20110812_174000.pt,data/rbotFamily/CTU-Malware-Capture-Botnet-44/capture20110812.binetflow,2011-08-12T17:40:00,2011-08-12T17:45:00,1167,1236,24,11,5,0,5,1162,train
CTU-Malware-Capture-Botnet-44,Rbot,C:\Users\Montana\My Code\CSCI611_Montana_Pawek\GNN\packagedData\graphs\CTU-Malware-Capture-Botnet-44\CTU-Malware-Capture-Botnet-44__20110812_174500.pt,CTU-Malware-Capture-Botnet-44\CTU-Malware-Capture-Botnet-44__20110812_174500.pt,data/rbotFamily/CTU-Malware-Capture-Botnet-44/capture20110812.binetflow,2011-08-12T17:45:00,2011-08-12T17:50:00,1101,1199,24,11,4,0,4,1097,train
CTU-Malware-Capture-Botnet-44,Rbot,C:\Users\Montana\My Code\CSCI611_Montana_Pawek\GNN\packagedData\graphs\CTU-Malware-Capture-Botnet-44\CTU-Malware-Capture-Botnet-44__20110812_175000.pt,CTU-Malware-Capture-Botnet-44\CTU-Malware-Capture-Botnet-44__20110812_175000.pt,data/rbotFamily/CTU-Malware-Capture-Botnet-44/capture20110812.binetflow,2011-08-12T17:50:00,2011-08-12T17:55:00,987,1045,24,11,4,0,4,983,train
CTU-Malware-Capture-Botnet-44,Rbot,C:\Users\Montana\My Code\CSCI611_Montana_Pawek\GNN\packagedData\graphs\CTU-Malware-Capture-Botnet-44\CTU-Malware-Capture-Botnet-44__20110812_175500.pt,CTU-Malware-Capture-Botnet-44\CTU-Malware-Capture-Botnet-44__20110812_175500.pt,data/rbotFamily/CTU-Malware-Capture-Botnet-44/capture20110812.binetflow,2011-08-12T17:55:00,2011-08-12T18:00:00,906,930,24,11,4,0,4,902,train
CTU-Malware-Capture-Botnet-44,Rbot,C:\Users\Montana\My Code\CSCI611_Montana_Pawek\GNN\packagedData\graphs\CTU-Malware-Capture-Botnet-44\CTU-Malware-Capture-Botnet-44__20110812_180000.pt,CTU-Malware-Capture-Botnet-44\CTU-Malware-Capture-Botnet-44__20110812_180000.pt,data/rbotFamily/CTU-Malware-Capture-Botnet-44/capture20110812.binetflow,2011-08-12T18:00:00,2011-08-12T18:05:00,867,900,24,11,5,0,5,862,train
CTU-Malware-Capture-Botnet-44,Rbot,C:\Users\Montana\My Code\CSCI611_Montana_Pawek\GNN\packagedData\graphs\CTU-Malware-Capture-Botnet-44\CTU-Malware-Capture-Botnet-44__20110812_180500.pt,CTU-Malware-Capture-Botnet-44\CTU-Malware-Capture-Botnet-44__20110812_180500.pt,data/rbotFamily/CTU-Malware-Capture-Botnet-44/capture20110812.binetflow,2011-08-12T18:05:00,2011-08-12T18:10:00,880,928,24,11,4,0,4,876,train
CTU-Malware-Capture-Botnet-44,Rbot,C:\Users\Montana\My Code\CSCI611_Montana_Pawek\GNN\packagedData\graphs\CTU-Malware-Capture-Botnet-44\CTU-Malware-Capture-Botnet-44__20110812_181000.pt,CTU-Malware-Capture-Botnet-44\CTU-Malware-Capture-Botnet-44__20110812_181000.pt,data/rbotFamily/CTU-Malware-Capture-Botnet-44/capture20110812.binetflow,2011-08-12T18:10:00,2011-08-12T18:15:00,881,909,24,11,4,0,4,877,train
CTU-Malware-Capture-Botnet-44,Rbot,C:\Users\Montana\My Code\CSCI611_Montana_Pawek\GNN\packagedData\graphs\CTU-Malware-Capture-Botnet-44\CTU-Malware-Capture-Botnet-44__20110812_181500.pt,CTU-Malware-Capture-Botnet-44\CTU-Malware-Capture-Botnet-44__20110812_181500.pt,data/rbotFamily/CTU-Malware-Capture-Botnet-44/capture20110812.binetflow,2011-08-12T18:15:00,2011-08-12T18:20:00,1035,1094,24,11,4,0,4,1031,train
CTU-Malware-Capture-Botnet-44,Rbot,C:\Users\Montana\My Code\CSCI611_Montana_Pawek\GNN\packagedData\graphs\CTU-Malware-Capture-Botnet-44\CTU-Malware-Capture-Botnet-44__20110812_182000.pt,CTU-Malware-Capture-Botnet-44\CTU-Malware-Capture-Botnet-44__20110812_182000.pt,data/rbotFamily/CTU-Malware-Capture-Botnet-44/capture20110812.binetflow,2011-08-12T18:20:00,2011-08-12T18:25:00,938,979,24,11,5,0,5,933,train
CTU-Malware-Capture-Botnet-44,Rbot,C:\Users\Montana\My Code\CSCI611_Montana_Pawek\GNN\packagedData\graphs\CTU-Malware-Capture-Botnet-44\CTU-Malware-Capture-Botnet-44__20110812_182500.pt,CTU-Malware-Capture-Botnet-44\CTU-Malware-Capture-Botnet-44__20110812_182500.pt,data/rbotFamily/CTU-Malware-Capture-Botnet-44/capture20110812.binetflow,2011-08-12T18:25:00,2011-08-12T18:30:00,1013,1074,24,11,5,0,5,1008,train
CTU-Malware-Capture-Botnet-44,Rbot,C:\Users\Montana\My Code\CSCI611_Montana_Pawek\GNN\packagedData\graphs\CTU-Malware-Capture-Botnet-44\CTU-Malware-Capture-Botnet-44__20110812_183000.pt,CTU-Malware-Capture-Botnet-44\CTU-Malware-Capture-Botnet-44__20110812_183000.pt,data/rbotFamily/CTU-Malware-Capture-Botnet-44/capture20110812.binetflow,2011-08-12T18:30:00,2011-08-12T18:35:00,1000,1078,24,11,7,2,5,993,train
CTU-Malware-Capture-Botnet-44,Rbot,C:\Users\Montana\My Code\CSCI611_Montana_Pawek\GNN\packagedData\graphs\CTU-Malware-Capture-Botnet-44\CTU-Malware-Capture-Botnet-44__20110812_183500.pt,CTU-Malware-Capture-Botnet-44\CTU-Malware-Capture-Botnet-44__20110812_183500.pt,data/rbotFamily/CTU-Malware-Capture-Botnet-44/capture20110812.binetflow,2011-08-12T18:35:00,2011-08-12T18:40:00,1065,1087,24,11,4,0,4,1061,train
CTU-Malware-Capture-Botnet-44,Rbot,C:\Users\Montana\My Code\CSCI611_Montana_Pawek\GNN\packagedData\graphs\CTU-Malware-Capture-Botnet-44\CTU-Malware-Capture-Botnet-44__20110812_184000.pt,CTU-Malware-Capture-Botnet-44\CTU-Malware-Capture-Botnet-44__20110812_184000.pt,data/rbotFamily/CTU-Malware-Capture-Botnet-44/capture20110812.binetflow,2011-08-12T18:40:00,2011-08-12T18:45:00,1022,1061,24,11,5,0,5,1017,train
CTU-Malware-Capture-Botnet-44,Rbot,C:\Users\Montana\My Code\CSCI611_Montana_Pawek\GNN\packagedData\graphs\CTU-Malware-Capture-Botnet-44\CTU-Malware-Capture-Botnet-44__20110812_184500.pt,CTU-Malware-Capture-Botnet-44\CTU-Malware-Capture-Botnet-44__20110812_184500.pt,data/rbotFamily/CTU-Malware-Capture-Botnet-44/capture20110812.binetflow,2011-08-12T18:45:00,2011-08-12T18:50:00,895,938,24,11,5,0,5,890,train
CTU-Malware-Capture-Botnet-44,Rbot,C:\Users\Montana\My Code\CSCI611_Montana_Pawek\GNN\packagedData\graphs\CTU-Malware-Capture-Botnet-44\CTU-Malware-Capture-Botnet-44__20110812_185000.pt,CTU-Malware-Capture-Botnet-44\CTU-Malware-Capture-Botnet-44__20110812_185000.pt,data/rbotFamily/CTU-Malware-Capture-Botnet-44/capture20110812.binetflow,2011-08-12T18:50:00,2011-08-12T18:55:00,881,905,24,11,5,0,5,876,train
CTU-Malware-Capture-Botnet-44,Rbot,C:\Users\Montana\My Code\CSCI611_Montana_Pawek\GNN\packagedData\graphs\CTU-Malware-Capture-Botnet-44\CTU-Malware-Capture-Botnet-44__20110812_185500.pt,CTU-Malware-Capture-Botnet-44\CTU-Malware-Capture-Botnet-44__20110812_185500.pt,data/rbotFamily/CTU-Malware-Capture-Botnet-44/capture20110812.binetflow,2011-08-12T18:55:00,2011-08-12T19:00:00,782,788,24,11,5,0,5,777,train
CTU-Malware-Capture-Botnet-44,Rbot,C:\Users\Montana\My Code\CSCI611_Montana_Pawek\GNN\packagedData\graphs\CTU-Malware-Capture-Botnet-44\CTU-Malware-Capture-Botnet-44__20110812_190000.pt,CTU-Malware-Capture-Botnet-44\CTU-Malware-Capture-Botnet-44__20110812_190000.pt,data/rbotFamily/CTU-Malware-Capture-Botnet-44/capture20110812.binetflow,2011-08-12T19:00:00,2011-08-12T19:05:00,842,859,24,11,4,0,4,838,train
CTU-Malware-Capture-Botnet-44,Rbot,C:\Users\Montana\My Code\CSCI611_Montana_Pawek\GNN\packagedData\graphs\CTU-Malware-Capture-Botnet-44\CTU-Malware-Capture-Botnet-44__20110812_190500.pt,CTU-Malware-Capture-Botnet-44\CTU-Malware-Capture-Botnet-44__20110812_190500.pt,data/rbotFamily/CTU-Malware-Capture-Botnet-44/capture20110812.binetflow,2011-08-12T19:05:00,2011-08-12T19:10:00,758,761,24,11,4,0,4,754,train
CTU-Malware-Capture-Botnet-44,Rbot,C:\Users\Montana\My Code\CSCI611_Montana_Pawek\GNN\packagedData\graphs\CTU-Malware-Capture-Botnet-44\CTU-Malware-Capture-Botnet-44__20110812_191000.pt,CTU-Malware-Capture-Botnet-44\CTU-Malware-Capture-Botnet-44__20110812_191000.pt,data/rbotFamily/CTU-Malware-Capture-Botnet-44/capture20110812.binetflow,2011-08-12T19:10:00,2011-08-12T19:15:00,775,788,24,11,6,1,5,769,train
CTU-Malware-Capture-Botnet-44,Rbot,C:\Users\Montana\My Code\CSCI611_Montana_Pawek\GNN\packagedData\graphs\CTU-Malware-Capture-Botnet-44\CTU-Malware-Capture-Botnet-44__20110812_191500.pt,CTU-Malware-Capture-Botnet-44\CTU-Malware-Capture-Botnet-44__20110812_191500.pt,data/rbotFamily/CTU-Malware-Capture-Botnet-44/capture20110812.binetflow,2011-08-12T19:15:00,2011-08-12T19:20:00,747,754,24,11,5,0,5,742,train
CTU-Malware-Capture-Botnet-44,Rbot,C:\Users\Montana\My Code\CSCI611_Montana_Pawek\GNN\packagedData\graphs\CTU-Malware-Capture-Botnet-44\CTU-Malware-Capture-Botnet-44__20110812_192000.pt,CTU-Malware-Capture-Botnet-44\CTU-Malware-Capture-Botnet-44__20110812_192000.pt,data/rbotFamily/CTU-Malware-Capture-Botnet-44/capture20110812.binetflow,2011-08-12T19:20:00,2011-08-12T19:25:00,754,754,24,11,5,0,5,749,train
CTU-Malware-Capture-Botnet-44,Rbot,C:\Users\Montana\My Code\CSCI611_Montana_Pawek\GNN\packagedData\graphs\CTU-Malware-Capture-Botnet-44\CTU-Malware-Capture-Botnet-44__20110812_192500.pt,CTU-Malware-Capture-Botnet-44\CTU-Malware-Capture-Botnet-44__20110812_192500.pt,data/rbotFamily/CTU-Malware-Capture-Botnet-44/capture20110812.binetflow,2011-08-12T19:25:00,2011-08-12T19:30:00,817,837,24,11,5,0,5,812,train
CTU-Malware-Capture-Botnet-44,Rbot,C:\Users\Montana\My Code\CSCI611_Montana_Pawek\GNN\packagedData\graphs\CTU-Malware-Capture-Botnet-44\CTU-Malware-Capture-Botnet-44__20110812_193000.pt,CTU-Malware-Capture-Botnet-44\CTU-Malware-Capture-Botnet-44__20110812_193000.pt,data/rbotFamily/CTU-Malware-Capture-Botnet-44/capture20110812.binetflow,2011-08-12T19:30:00,2011-08-12T19:35:00,877,897,24,11,6,2,4,871,train
CTU-Malware-Capture-Botnet-44,Rbot,C:\Users\Montana\My Code\CSCI611_Montana_Pawek\GNN\packagedData\graphs\CTU-Malware-Capture-Botnet-44\CTU-Malware-Capture-Botnet-44__20110812_193500.pt,CTU-Malware-Capture-Botnet-44\CTU-Malware-Capture-Botnet-44__20110812_193500.pt,data/rbotFamily/CTU-Malware-Capture-Botnet-44/capture20110812.binetflow,2011-08-12T19:35:00,2011-08-12T19:40:00,866,892,24,11,5,0,5,861,train
CTU-Malware-Capture-Botnet-44,Rbot,C:\Users\Montana\My Code\CSCI611_Montana_Pawek\GNN\packagedData\graphs\CTU-Malware-Capture-Botnet-44\CTU-Malware-Capture-Botnet-44__20110812_194000.pt,CTU-Malware-Capture-Botnet-44\CTU-Malware-Capture-Botnet-44__20110812_194000.pt,data/rbotFamily/CTU-Malware-Capture-Botnet-44/capture20110812.binetflow,2011-08-12T19:40:00,2011-08-12T19:45:00,840,841,24,11,5,0,5,835,train
CTU-Malware-Capture-Botnet-44,Rbot,C:\Users\Montana\My Code\CSCI611_Montana_Pawek\GNN\packagedData\graphs\CTU-Malware-Capture-Botnet-44\CTU-Malware-Capture-Botnet-44__20110812_194500.pt,CTU-Malware-Capture-Botnet-44\CTU-Malware-Capture-Botnet-44__20110812_194500.pt,data/rbotFamily/CTU-Malware-Capture-Botnet-44/capture20110812.binetflow,2011-08-12T19:45:00,2011-08-12T19:50:00,756,777,24,11,5,0,5,751,train
CTU-Malware-Capture-Botnet-44,Rbot,C:\Users\Montana\My Code\CSCI611_Montana_Pawek\GNN\packagedData\graphs\CTU-Malware-Capture-Botnet-44\CTU-Malware-Capture-Botnet-44__20110812_195000.pt,CTU-Malware-Capture-Botnet-44\CTU-Malware-Capture-Botnet-44__20110812_195000.pt,data/rbotFamily/CTU-Malware-Capture-Botnet-44/capture20110812.binetflow,2011-08-12T19:50:00,2011-08-12T19:55:00,763,755,24,11,4,0,4,759,train
CTU-Malware-Capture-Botnet-44,Rbot,C:\Users\Montana\My Code\CSCI611_Montana_Pawek\GNN\packagedData\graphs\CTU-Malware-Capture-Botnet-44\CTU-Malware-Capture-Botnet-44__20110812_195500.pt,CTU-Malware-Capture-Botnet-44\CTU-Malware-Capture-Botnet-44__20110812_195500.pt,data/rbotFamily/CTU-Malware-Capture-Botnet-44/capture20110812.binetflow,2011-08-12T19:55:00,2011-08-12T20:00:00,712,717,24,11,4,0,4,708,train
CTU-Malware-Capture-Botnet-44,Rbot,C:\Users\Montana\My Code\CSCI611_Montana_Pawek\GNN\packagedData\graphs\CTU-Malware-Capture-Botnet-44\CTU-Malware-Capture-Botnet-44__20110812_200000.pt,CTU-Malware-Capture-Botnet-44\CTU-Malware-Capture-Botnet-44__20110812_200000.pt,data/rbotFamily/CTU-Malware-Capture-Botnet-44/capture20110812.binetflow,2011-08-12T20:00:00,2011-08-12T20:05:00,760,788,24,11,5,0,5,755,train
CTU-Malware-Capture-Botnet-44,Rbot,C:\Users\Montana\My Code\CSCI611_Montana_Pawek\GNN\packagedData\graphs\CTU-Malware-Capture-Botnet-44\CTU-Malware-Capture-Botnet-44__20110812_200500.pt,CTU-Malware-Capture-Botnet-44\CTU-Malware-Capture-Botnet-44__20110812_200500.pt,data/rbotFamily/CTU-Malware-Capture-Botnet-44/capture20110812.binetflow,2011-08-12T20:05:00,2011-08-12T20:10:00,796,794,24,11,5,0,5,791,train
CTU-Malware-Capture-Botnet-44,Rbot,C:\Users\Montana\My Code\CSCI611_Montana_Pawek\GNN\packagedData\graphs\CTU-Malware-Capture-Botnet-44\CTU-Malware-Capture-Botnet-44__20110812_201000.pt,CTU-Malware-Capture-Botnet-44\CTU-Malware-Capture-Botnet-44__20110812_201000.pt,data/rbotFamily/CTU-Malware-Capture-Botnet-44/capture20110812.binetflow,2011-08-12T20:10:00,2011-08-12T20:15:00,764,774,24,11,5,0,5,759,train
CTU-Malware-Capture-Botnet-44,Rbot,C:\Users\Montana\My Code\CSCI611_Montana_Pawek\GNN\packagedData\graphs\CTU-Malware-Capture-Botnet-44\CTU-Malware-Capture-Botnet-44__20110812_201500.pt,CTU-Malware-Capture-Botnet-44\CTU-Malware-Capture-Botnet-44__20110812_201500.pt,data/rbotFamily/CTU-Malware-Capture-Botnet-44/capture20110812.binetflow,2011-08-12T20:15:00,2011-08-12T20:20:00,946,962,24,11,4,0,4,942,train
CTU-Malware-Capture-Botnet-44,Rbot,C:\Users\Montana\My Code\CSCI611_Montana_Pawek\GNN\packagedData\graphs\CTU-Malware-Capture-Botnet-44\CTU-Malware-Capture-Botnet-44__20110812_202000.pt,CTU-Malware-Capture-Botnet-44\CTU-Malware-Capture-Botnet-44__20110812_202000.pt,data/rbotFamily/CTU-Malware-Capture-Botnet-44/capture20110812.binetflow,2011-08-12T20:20:00,2011-08-12T20:25:00,785,804,24,11,5,0,5,780,train
CTU-Malware-Capture-Botnet-44,Rbot,C:\Users\Montana\My Code\CSCI611_Montana_Pawek\GNN\packagedData\graphs\CTU-Malware-Capture-Botnet-44\CTU-Malware-Capture-Botnet-44__20110812_202500.pt,CTU-Malware-Capture-Botnet-44\CTU-Malware-Capture-Botnet-44__20110812_202500.pt,data/rbotFamily/CTU-Malware-Capture-Botnet-44/capture20110812.binetflow,2011-08-12T20:25:00,2011-08-12T20:30:00,758,769,24,11,6,1,5,752,train
CTU-Malware-Capture-Botnet-44,Rbot,C:\Users\Montana\My Code\CSCI611_Montana_Pawek\GNN\packagedData\graphs\CTU-Malware-Capture-Botnet-44\CTU-Malware-Capture-Botnet-44__20110812_203000.pt,CTU-Malware-Capture-Botnet-44\CTU-Malware-Capture-Botnet-44__20110812_203000.pt,data/rbotFamily/CTU-Malware-Capture-Botnet-44/capture20110812.binetflow,2011-08-12T20:30:00,2011-08-12T20:35:00,774,801,24,11,5,0,5,769,train
CTU-Malware-Capture-Botnet-44,Rbot,C:\Users\Montana\My Code\CSCI611_Montana_Pawek\GNN\packagedData\graphs\CTU-Malware-Capture-Botnet-44\CTU-Malware-Capture-Botnet-44__20110812_203500.pt,CTU-Malware-Capture-Botnet-44\CTU-Malware-Capture-Botnet-44__20110812_203500.pt,data/rbotFamily/CTU-Malware-Capture-Botnet-44/capture20110812.binetflow,2011-08-12T20:35:00,2011-08-12T20:40:00,829,851,24,11,7,2,5,822,train
CTU-Malware-Capture-Botnet-44,Rbot,C:\Users\Montana\My Code\CSCI611_Montana_Pawek\GNN\packagedData\graphs\CTU-Malware-Capture-Botnet-44\CTU-Malware-Capture-Botnet-44__20110812_204000.pt,CTU-Malware-Capture-Botnet-44\CTU-Malware-Capture-Botnet-44__20110812_204000.pt,data/rbotFamily/CTU-Malware-Capture-Botnet-44/capture20110812.binetflow,2011-08-12T20:40:00,2011-08-12T20:45:00,793,797,24,11,5,0,5,788,train
CTU-Malware-Capture-Botnet-44,Rbot,C:\Users\Montana\My Code\CSCI611_Montana_Pawek\GNN\packagedData\graphs\CTU-Malware-Capture-Botnet-44\CTU-Malware-Capture-Botnet-44__20110812_204500.pt,CTU-Malware-Capture-Botnet-44\CTU-Malware-Capture-Botnet-44__20110812_204500.pt,data/rbotFamily/CTU-Malware-Capture-Botnet-44/capture20110812.binetflow,2011-08-12T20:45:00,2011-08-12T20:50:00,757,777,24,11,4,0,4,753,train
CTU-Malware-Capture-Botnet-44,Rbot,C:\Users\Montana\My Code\CSCI611_Montana_Pawek\GNN\packagedData\graphs\CTU-Malware-Capture-Botnet-44\CTU-Malware-Capture-Botnet-44__20110812_205000.pt,CTU-Malware-Capture-Botnet-44\CTU-Malware-Capture-Botnet-44__20110812_205000.pt,data/rbotFamily/CTU-Malware-Capture-Botnet-44/capture20110812.binetflow,2011-08-12T20:50:00,2011-08-12T20:55:00,738,736,24,11,5,0,5,733,train
CTU-Malware-Capture-Botnet-44,Rbot,C:\Users\Montana\My Code\CSCI611_Montana_Pawek\GNN\packagedData\graphs\CTU-Malware-Capture-Botnet-44\CTU-Malware-Capture-Botnet-44__20110812_205500.pt,CTU-Malware-Capture-Botnet-44\CTU-Malware-Capture-Botnet-44__20110812_205500.pt,data/rbotFamily/CTU-Malware-Capture-Botnet-44/capture20110812.binetflow,2011-08-12T20:55:00,2011-08-12T21:00:00,1506,1721,24,11,7,1,6,1499,train
CTU-Malware-Capture-Botnet-44,Rbot,C:\Users\Montana\My Code\CSCI611_Montana_Pawek\GNN\packagedData\graphs\CTU-Malware-Capture-Botnet-44\CTU-Malware-Capture-Botnet-44__20110812_210000.pt,CTU-Malware-Capture-Botnet-44\CTU-Malware-Capture-Botnet-44__20110812_210000.pt,data/rbotFamily/CTU-Malware-Capture-Botnet-44/capture20110812.binetflow,2011-08-12T21:00:00,2011-08-12T21:05:00,744,793,24,11,4,0,4,740,train
CTU-Malware-Capture-Botnet-44,Rbot,C:\Users\Montana\My Code\CSCI611_Montana_Pawek\GNN\packagedData\graphs\CTU-Malware-Capture-Botnet-44\CTU-Malware-Capture-Botnet-44__20110812_210500.pt,CTU-Malware-Capture-Botnet-44\CTU-Malware-Capture-Botnet-44__20110812_210500.pt,data/rbotFamily/CTU-Malware-Capture-Botnet-44/capture20110812.binetflow,2011-08-12T21:05:00,2011-08-12T21:10:00,723,753,24,11,4,0,4,719,train
CTU-Malware-Capture-Botnet-44,Rbot,C:\Users\Montana\My Code\CSCI611_Montana_Pawek\GNN\packagedData\graphs\CTU-Malware-Capture-Botnet-44\CTU-Malware-Capture-Botnet-44__20110812_211000.pt,CTU-Malware-Capture-Botnet-44\CTU-Malware-Capture-Botnet-44__20110812_211000.pt,data/rbotFamily/CTU-Malware-Capture-Botnet-44/capture20110812.binetflow,2011-08-12T21:10:00,2011-08-12T21:15:00,755,776,24,11,5,1,4,750,train
CTU-Malware-Capture-Botnet-44,Rbot,C:\Users\Montana\My Code\CSCI611_Montana_Pawek\GNN\packagedData\graphs\CTU-Malware-Capture-Botnet-44\CTU-Malware-Capture-Botnet-44__20110812_211500.pt,CTU-Malware-Capture-Botnet-44\CTU-Malware-Capture-Botnet-44__20110812_211500.pt,data/rbotFamily/CTU-Malware-Capture-Botnet-44/capture20110812.binetflow,2011-08-12T21:15:00,2011-08-12T21:20:00,722,760,24,11,4,0,4,718,train
CTU-Malware-Capture-Botnet-44,Rbot,C:\Users\Montana\My Code\CSCI611_Montana_Pawek\GNN\packagedData\graphs\CTU-Malware-Capture-Botnet-44\CTU-Malware-Capture-Botnet-44__20110812_212000.pt,CTU-Malware-Capture-Botnet-44\CTU-Malware-Capture-Botnet-44__20110812_212000.pt,data/rbotFamily/CTU-Malware-Capture-Botnet-44/capture20110812.binetflow,2011-08-12T21:20:00,2011-08-12T21:25:00,758,776,24,11,5,0,5,753,train
CTU-Malware-Capture-Botnet-44,Rbot,C:\Users\Montana\My Code\CSCI611_Montana_Pawek\GNN\packagedData\graphs\CTU-Malware-Capture-Botnet-44\CTU-Malware-Capture-Botnet-44__20110812_212500.pt,CTU-Malware-Capture-Botnet-44\CTU-Malware-Capture-Botnet-44__20110812_212500.pt,data/rbotFamily/CTU-Malware-Capture-Botnet-44/capture20110812.binetflow,2011-08-12T21:25:00,2011-08-12T21:30:00,816,831,24,11,5,0,5,811,train
CTU-Malware-Capture-Botnet-44,Rbot,C:\Users\Montana\My Code\CSCI611_Montana_Pawek\GNN\packagedData\graphs\CTU-Malware-Capture-Botnet-44\CTU-Malware-Capture-Botnet-44__20110812_213000.pt,CTU-Malware-Capture-Botnet-44\CTU-Malware-Capture-Botnet-44__20110812_213000.pt,data/rbotFamily/CTU-Malware-Capture-Botnet-44/capture20110812.binetflow,2011-08-12T21:30:00,2011-08-12T21:35:00,806,826,24,11,5,0,5,801,train
CTU-Malware-Capture-Botnet-44,Rbot,C:\Users\Montana\My Code\CSCI611_Montana_Pawek\GNN\packagedData\graphs\CTU-Malware-Capture-Botnet-44\CTU-Malware-Capture-Botnet-44__20110812_213500.pt,CTU-Malware-Capture-Botnet-44\CTU-Malware-Capture-Botnet-44__20110812_213500.pt,data/rbotFamily/CTU-Malware-Capture-Botnet-44/capture20110812.binetflow,2011-08-12T21:35:00,2011-08-12T21:40:00,769,787,24,11,7,2,5,762,train
CTU-Malware-Capture-Botnet-44,Rbot,C:\Users\Montana\My Code\CSCI611_Montana_Pawek\GNN\packagedData\graphs\CTU-Malware-Capture-Botnet-44\CTU-Malware-Capture-Botnet-44__20110812_214000.pt,CTU-Malware-Capture-Botnet-44\CTU-Malware-Capture-Botnet-44__20110812_214000.pt,data/rbotFamily/CTU-Malware-Capture-Botnet-44/capture20110812.binetflow,2011-08-12T21:40:00,2011-08-12T21:45:00,740,760,24,11,5,0,5,735,train
CTU-Malware-Capture-Botnet-44,Rbot,C:\Users\Montana\My Code\CSCI611_Montana_Pawek\GNN\packagedData\graphs\CTU-Malware-Capture-Botnet-44\CTU-Malware-Capture-Botnet-44__20110812_214500.pt,CTU-Malware-Capture-Botnet-44\CTU-Malware-Capture-Botnet-44__20110812_214500.pt,data/rbotFamily/CTU-Malware-Capture-Botnet-44/capture20110812.binetflow,2011-08-12T21:45:00,2011-08-12T21:50:00,745,743,24,11,4,0,4,741,train
CTU-Malware-Capture-Botnet-44,Rbot,C:\Users\Montana\My Code\CSCI611_Montana_Pawek\GNN\packagedData\graphs\CTU-Malware-Capture-Botnet-44\CTU-Malware-Capture-Botnet-44__20110812_215000.pt,CTU-Malware-Capture-Botnet-44\CTU-Malware-Capture-Botnet-44__20110812_215000.pt,data/rbotFamily/CTU-Malware-Capture-Botnet-44/capture20110812.binetflow,2011-08-12T21:50:00,2011-08-12T21:55:00,750,758,24,11,4,0,4,746,train
CTU-Malware-Capture-Botnet-44,Rbot,C:\Users\Montana\My Code\CSCI611_Montana_Pawek\GNN\packagedData\graphs\CTU-Malware-Capture-Botnet-44\CTU-Malware-Capture-Botnet-44__20110812_215500.pt,CTU-Malware-Capture-Botnet-44\CTU-Malware-Capture-Botnet-44__20110812_215500.pt,data/rbotFamily/CTU-Malware-Capture-Botnet-44/capture20110812.binetflow,2011-08-12T21:55:00,2011-08-12T22:00:00,729,729,24,11,5,0,5,724,train
CTU-Malware-Capture-Botnet-44,Rbot,C:\Users\Montana\My Code\CSCI611_Montana_Pawek\GNN\packagedData\graphs\CTU-Malware-Capture-Botnet-44\CTU-Malware-Capture-Botnet-44__20110812_220000.pt,CTU-Malware-Capture-Botnet-44\CTU-Malware-Capture-Botnet-44__20110812_220000.pt,data/rbotFamily/CTU-Malware-Capture-Botnet-44/capture20110812.binetflow,2011-08-12T22:00:00,2011-08-12T22:05:00,828,827,24,11,4,0,4,824,train
CTU-Malware-Capture-Botnet-44,Rbot,C:\Users\Montana\My Code\CSCI611_Montana_Pawek\GNN\packagedData\graphs\CTU-Malware-Capture-Botnet-44\CTU-Malware-Capture-Botnet-44__20110812_220500.pt,CTU-Malware-Capture-Botnet-44\CTU-Malware-Capture-Botnet-44__20110812_220500.pt,data/rbotFamily/CTU-Malware-Capture-Botnet-44/capture20110812.binetflow,2011-08-12T22:05:00,2011-08-12T22:10:00,656,640,24,11,5,0,5,651,train
CTU-Malware-Capture-Botnet-44,Rbot,C:\Users\Montana\My Code\CSCI611_Montana_Pawek\GNN\packagedData\graphs\CTU-Malware-Capture-Botnet-44\CTU-Malware-Capture-Botnet-44__20110812_221000.pt,CTU-Malware-Capture-Botnet-44\CTU-Malware-Capture-Botnet-44__20110812_221000.pt,data/rbotFamily/CTU-Malware-Capture-Botnet-44/capture20110812.binetflow,2011-08-12T22:10:00,2011-08-12T22:15:00,694,697,24,11,5,0,5,689,train
CTU-Malware-Capture-Botnet-44,Rbot,C:\Users\Montana\My Code\CSCI611_Montana_Pawek\GNN\packagedData\graphs\CTU-Malware-Capture-Botnet-44\CTU-Malware-Capture-Botnet-44__20110812_221500.pt,CTU-Malware-Capture-Botnet-44\CTU-Malware-Capture-Botnet-44__20110812_221500.pt,data/rbotFamily/CTU-Malware-Capture-Botnet-44/capture20110812.binetflow,2011-08-12T22:15:00,2011-08-12T22:20:00,670,685,24,11,4,0,4,666,train
CTU-Malware-Capture-Botnet-44,Rbot,C:\Users\Montana\My Code\CSCI611_Montana_Pawek\GNN\packagedData\graphs\CTU-Malware-Capture-Botnet-44\CTU-Malware-Capture-Botnet-44__20110812_222000.pt,CTU-Malware-Capture-Botnet-44\CTU-Malware-Capture-Botnet-44__20110812_222000.pt,data/rbotFamily/CTU-Malware-Capture-Botnet-44/capture20110812.binetflow,2011-08-12T22:20:00,2011-08-12T22:25:00,705,699,24,11,5,0,5,700,train
CTU-Malware-Capture-Botnet-44,Rbot,C:\Users\Montana\My Code\CSCI611_Montana_Pawek\GNN\packagedData\graphs\CTU-Malware-Capture-Botnet-44\CTU-Malware-Capture-Botnet-44__20110812_222500.pt,CTU-Malware-Capture-Botnet-44\CTU-Malware-Capture-Botnet-44__20110812_222500.pt,data/rbotFamily/CTU-Malware-Capture-Botnet-44/capture20110812.binetflow,2011-08-12T22:25:00,2011-08-12T22:30:00,720,741,24,11,5,0,5,715,train
CTU-Malware-Capture-Botnet-44,Rbot,C:\Users\Montana\My Code\CSCI611_Montana_Pawek\GNN\packagedData\graphs\CTU-Malware-Capture-Botnet-44\CTU-Malware-Capture-Botnet-44__20110812_223000.pt,CTU-Malware-Capture-Botnet-44\CTU-Malware-Capture-Botnet-44__20110812_223000.pt,data/rbotFamily/CTU-Malware-Capture-Botnet-44/capture20110812.binetflow,2011-08-12T22:30:00,2011-08-12T22:35:00,721,742,24,11,5,0,5,716,train
CTU-Malware-Capture-Botnet-44,Rbot,C:\Users\Montana\My Code\CSCI611_Montana_Pawek\GNN\packagedData\graphs\CTU-Malware-Capture-Botnet-44\CTU-Malware-Capture-Botnet-44__20110812_223500.pt,CTU-Malware-Capture-Botnet-44\CTU-Malware-Capture-Botnet-44__20110812_223500.pt,data/rbotFamily/CTU-Malware-Capture-Botnet-44/capture20110812.binetflow,2011-08-12T22:35:00,2011-08-12T22:40:00,708,725,24,11,7,2,5,701,train
CTU-Malware-Capture-Botnet-44,Rbot,C:\Users\Montana\My Code\CSCI611_Montana_Pawek\GNN\packagedData\graphs\CTU-Malware-Capture-Botnet-44\CTU-Malware-Capture-Botnet-44__20110812_224000.pt,CTU-Malware-Capture-Botnet-44\CTU-Malware-Capture-Botnet-44__20110812_224000.pt,data/rbotFamily/CTU-Malware-Capture-Botnet-44/capture20110812.binetflow,2011-08-12T22:40:00,2011-08-12T22:45:00,746,748,24,11,5,0,5,741,train
CTU-Malware-Capture-Botnet-44,Rbot,C:\Users\Montana\My Code\CSCI611_Montana_Pawek\GNN\packagedData\graphs\CTU-Malware-Capture-Botnet-44\CTU-Malware-Capture-Botnet-44__20110812_224500.pt,CTU-Malware-Capture-Botnet-44\CTU-Malware-Capture-Botnet-44__20110812_224500.pt,data/rbotFamily/CTU-Malware-Capture-Botnet-44/capture20110812.binetflow,2011-08-12T22:45:00,2011-08-12T22:50:00,705,738,24,11,4,0,4,701,train
CTU-Malware-Capture-Botnet-44,Rbot,C:\Users\Montana\My Code\CSCI611_Montana_Pawek\GNN\packagedData\graphs\CTU-Malware-Capture-Botnet-44\CTU-Malware-Capture-Botnet-44__20110812_225000.pt,CTU-Malware-Capture-Botnet-44\CTU-Malware-Capture-Botnet-44__20110812_225000.pt,data/rbotFamily/CTU-Malware-Capture-Botnet-44/capture20110812.binetflow,2011-08-12T22:50:00,2011-08-12T22:55:00,658,643,24,11,4,0,4,654,train
CTU-Malware-Capture-Botnet-44,Rbot,C:\Users\Montana\My Code\CSCI611_Montana_Pawek\GNN\packagedData\graphs\CTU-Malware-Capture-Botnet-44\CTU-Malware-Capture-Botnet-44__20110812_225500.pt,CTU-Malware-Capture-Botnet-44\CTU-Malware-Capture-Botnet-44__20110812_225500.pt,data/rbotFamily/CTU-Malware-Capture-Botnet-44/capture20110812.binetflow,2011-08-12T22:55:00,2011-08-12T23:00:00,623,626,24,11,4,0,4,619,train
CTU-Malware-Capture-Botnet-44,Rbot,C:\Users\Montana\My Code\CSCI611_Montana_Pawek\GNN\packagedData\graphs\CTU-Malware-Capture-Botnet-44\CTU-Malware-Capture-Botnet-44__20110812_230000.pt,CTU-Malware-Capture-Botnet-44\CTU-Malware-Capture-Botnet-44__20110812_230000.pt,data/rbotFamily/CTU-Malware-Capture-Botnet-44/capture20110812.binetflow,2011-08-12T23:00:00,2011-08-12T23:05:00,678,692,24,11,5,0,5,673,train
CTU-Malware-Capture-Botnet-44,Rbot,C:\Users\Montana\My Code\CSCI611_Montana_Pawek\GNN\packagedData\graphs\CTU-Malware-Capture-Botnet-44\CTU-Malware-Capture-Botnet-44__20110812_230500.pt,CTU-Malware-Capture-Botnet-44\CTU-Malware-Capture-Botnet-44__20110812_230500.pt,data/rbotFamily/CTU-Malware-Capture-Botnet-44/capture20110812.binetflow,2011-08-12T23:05:00,2011-08-12T23:10:00,669,665,24,11,6,0,6,663,train
CTU-Malware-Capture-Botnet-44,Rbot,C:\Users\Montana\My Code\CSCI611_Montana_Pawek\GNN\packagedData\graphs\CTU-Malware-Capture-Botnet-44\CTU-Malware-Capture-Botnet-44__20110812_231000.pt,CTU-Malware-Capture-Botnet-44\CTU-Malware-Capture-Botnet-44__20110812_231000.pt,data/rbotFamily/CTU-Malware-Capture-Botnet-44/capture20110812.binetflow,2011-08-12T23:10:00,2011-08-12T23:15:00,667,672,24,11,4,0,4,663,train
CTU-Malware-Capture-Botnet-44,Rbot,C:\Users\Montana\My Code\CSCI611_Montana_Pawek\GNN\packagedData\graphs\CTU-Malware-Capture-Botnet-44\CTU-Malware-Capture-Botnet-44__20110812_231500.pt,CTU-Malware-Capture-Botnet-44\CTU-Malware-Capture-Botnet-44__20110812_231500.pt,data/rbotFamily/CTU-Malware-Capture-Botnet-44/capture20110812.binetflow,2011-08-12T23:15:00,2011-08-12T23:20:00,722,719,24,11,4,0,4,718,train
CTU-Malware-Capture-Botnet-44,Rbot,C:\Users\Montana\My Code\CSCI611_Montana_Pawek\GNN\packagedData\graphs\CTU-Malware-Capture-Botnet-44\CTU-Malware-Capture-Botnet-44__20110812_232000.pt,CTU-Malware-Capture-Botnet-44\CTU-Malware-Capture-Botnet-44__20110812_232000.pt,data/rbotFamily/CTU-Malware-Capture-Botnet-44/capture20110812.binetflow,2011-08-12T23:20:00,2011-08-12T23:25:00,657,639,24,11,4,0,4,653,train
CTU-Malware-Capture-Botnet-44,Rbot,C:\Users\Montana\My Code\CSCI611_Montana_Pawek\GNN\packagedData\graphs\CTU-Malware-Capture-Botnet-44\CTU-Malware-Capture-Botnet-44__20110812_232500.pt,CTU-Malware-Capture-Botnet-44\CTU-Malware-Capture-Botnet-44__20110812_232500.pt,data/rbotFamily/CTU-Malware-Capture-Botnet-44/capture20110812.binetflow,2011-08-12T23:25:00,2011-08-12T23:30:00,690,706,24,11,5,0,5,685,train
CTU-Malware-Capture-Botnet-44,Rbot,C:\Users\Montana\My Code\CSCI611_Montana_Pawek\GNN\packagedData\graphs\CTU-Malware-Capture-Botnet-44\CTU-Malware-Capture-Botnet-44__20110812_233000.pt,CTU-Malware-Capture-Botnet-44\CTU-Malware-Capture-Botnet-44__20110812_233000.pt,data/rbotFamily/CTU-Malware-Capture-Botnet-44/capture20110812.binetflow,2011-08-12T23:30:00,2011-08-12T23:35:00,649,674,24,11,5,0,5,644,train
CTU-Malware-Capture-Botnet-44,Rbot,C:\Users\Montana\My Code\CSCI611_Montana_Pawek\GNN\packagedData\graphs\CTU-Malware-Capture-Botnet-44\CTU-Malware-Capture-Botnet-44__20110812_233500.pt,CTU-Malware-Capture-Botnet-44\CTU-Malware-Capture-Botnet-44__20110812_233500.pt,data/rbotFamily/CTU-Malware-Capture-Botnet-44/capture20110812.binetflow,2011-08-12T23:35:00,2011-08-12T23:40:00,682,683,24,11,4,0,4,678,train
CTU-Malware-Capture-Botnet-44,Rbot,C:\Users\Montana\My Code\CSCI611_Montana_Pawek\GNN\packagedData\graphs\CTU-Malware-Capture-Botnet-44\CTU-Malware-Capture-Botnet-44__20110812_234000.pt,CTU-Malware-Capture-Botnet-44\CTU-Malware-Capture-Botnet-44__20110812_234000.pt,data/rbotFamily/CTU-Malware-Capture-Botnet-44/capture20110812.binetflow,2011-08-12T23:40:00,2011-08-12T23:45:00,707,731,24,11,7,2,5,700,train
CTU-Malware-Capture-Botnet-44,Rbot,C:\Users\Montana\My Code\CSCI611_Montana_Pawek\GNN\packagedData\graphs\CTU-Malware-Capture-Botnet-44\CTU-Malware-Capture-Botnet-44__20110812_234500.pt,CTU-Malware-Capture-Botnet-44\CTU-Malware-Capture-Botnet-44__20110812_234500.pt,data/rbotFamily/CTU-Malware-Capture-Botnet-44/capture20110812.binetflow,2011-08-12T23:45:00,2011-08-12T23:50:00,713,735,24,11,4,0,4,709,train
CTU-Malware-Capture-Botnet-44,Rbot,C:\Users\Montana\My Code\CSCI611_Montana_Pawek\GNN\packagedData\graphs\CTU-Malware-Capture-Botnet-44\CTU-Malware-Capture-Botnet-44__20110812_235000.pt,CTU-Malware-Capture-Botnet-44\CTU-Malware-Capture-Botnet-44__20110812_235000.pt,data/rbotFamily/CTU-Malware-Capture-Botnet-44/capture20110812.binetflow,2011-08-12T23:50:00,2011-08-12T23:55:00,633,654,24,11,5,0,5,628,train
CTU-Malware-Capture-Botnet-44,Rbot,C:\Users\Montana\My Code\CSCI611_Montana_Pawek\GNN\packagedData\graphs\CTU-Malware-Capture-Botnet-44\CTU-Malware-Capture-Botnet-44__20110812_235500.pt,CTU-Malware-Capture-Botnet-44\CTU-Malware-Capture-Botnet-44__20110812_235500.pt,data/rbotFamily/CTU-Malware-Capture-Botnet-44/capture20110812.binetflow,2011-08-12T23:55:00,2011-08-13T00:00:00,574,570,24,11,4,0,4,570,train
CTU-Malware-Capture-Botnet-44,Rbot,C:\Users\Montana\My Code\CSCI611_Montana_Pawek\GNN\packagedData\graphs\CTU-Malware-Capture-Botnet-44\CTU-Malware-Capture-Botnet-44__20110813_000000.pt,CTU-Malware-Capture-Botnet-44\CTU-Malware-Capture-Botnet-44__20110813_000000.pt,data/rbotFamily/CTU-Malware-Capture-Botnet-44/capture20110812.binetflow,2011-08-13T00:00:00,2011-08-13T00:05:00,671,673,24,11,4,0,4,667,train
CTU-Malware-Capture-Botnet-44,Rbot,C:\Users\Montana\My Code\CSCI611_Montana_Pawek\GNN\packagedData\graphs\CTU-Malware-Capture-Botnet-44\CTU-Malware-Capture-Botnet-44__20110813_000500.pt,CTU-Malware-Capture-Botnet-44\CTU-Malware-Capture-Botnet-44__20110813_000500.pt,data/rbotFamily/CTU-Malware-Capture-Botnet-44/capture20110812.binetflow,2011-08-13T00:05:00,2011-08-13T00:10:00,599,594,24,11,4,0,4,595,train
CTU-Malware-Capture-Botnet-44,Rbot,C:\Users\Montana\My Code\CSCI611_Montana_Pawek\GNN\packagedData\graphs\CTU-Malware-Capture-Botnet-44\CTU-Malware-Capture-Botnet-44__20110813_001000.pt,CTU-Malware-Capture-Botnet-44\CTU-Malware-Capture-Botnet-44__20110813_001000.pt,data/rbotFamily/CTU-Malware-Capture-Botnet-44/capture20110812.binetflow,2011-08-13T00:10:00,2011-08-13T00:15:00,602,609,24,11,5,1,4,597,train
CTU-Malware-Capture-Botnet-44,Rbot,C:\Users\Montana\My Code\CSCI611_Montana_Pawek\GNN\packagedData\graphs\CTU-Malware-Capture-Botnet-44\CTU-Malware-Capture-Botnet-44__20110813_001500.pt,CTU-Malware-Capture-Botnet-44\CTU-Malware-Capture-Botnet-44__20110813_001500.pt,data/rbotFamily/CTU-Malware-Capture-Botnet-44/capture20110812.binetflow,2011-08-13T00:15:00,2011-08-13T00:20:00,588,576,24,11,5,0,5,583,train
CTU-Malware-Capture-Botnet-44,Rbot,C:\Users\Montana\My Code\CSCI611_Montana_Pawek\GNN\packagedData\graphs\CTU-Malware-Capture-Botnet-44\CTU-Malware-Capture-Botnet-44__20110813_002000.pt,CTU-Malware-Capture-Botnet-44\CTU-Malware-Capture-Botnet-44__20110813_002000.pt,data/rbotFamily/CTU-Malware-Capture-Botnet-44/capture20110812.binetflow,2011-08-13T00:20:00,2011-08-13T00:25:00,610,592,24,11,4,0,4,606,train
CTU-Malware-Capture-Botnet-44,Rbot,C:\Users\Montana\My Code\CSCI611_Montana_Pawek\GNN\packagedData\graphs\CTU-Malware-Capture-Botnet-44\CTU-Malware-Capture-Botnet-44__20110813_002500.pt,CTU-Malware-Capture-Botnet-44\CTU-Malware-Capture-Botnet-44__20110813_002500.pt,data/rbotFamily/CTU-Malware-Capture-Botnet-44/capture20110812.binetflow,2011-08-13T00:25:00,2011-08-13T00:30:00,591,601,24,11,5,0,5,586,train
CTU-Malware-Capture-Botnet-44,Rbot,C:\Users\Montana\My Code\CSCI611_Montana_Pawek\GNN\packagedData\graphs\CTU-Malware-Capture-Botnet-44\CTU-Malware-Capture-Botnet-44__20110813_003000.pt,CTU-Malware-Capture-Botnet-44\CTU-Malware-Capture-Botnet-44__20110813_003000.pt,data/rbotFamily/CTU-Malware-Capture-Botnet-44/capture20110812.binetflow,2011-08-13T00:30:00,2011-08-13T00:35:00,588,598,24,11,4,0,4,584,train
CTU-Malware-Capture-Botnet-44,Rbot,C:\Users\Montana\My Code\CSCI611_Montana_Pawek\GNN\packagedData\graphs\CTU-Malware-Capture-Botnet-44\CTU-Malware-Capture-Botnet-44__20110813_003500.pt,CTU-Malware-Capture-Botnet-44\CTU-Malware-Capture-Botnet-44__20110813_003500.pt,data/rbotFamily/CTU-Malware-Capture-Botnet-44/capture20110812.binetflow,2011-08-13T00:35:00,2011-08-13T00:40:00,644,659,24,11,5,0,5,639,train
CTU-Malware-Capture-Botnet-44,Rbot,C:\Users\Montana\My Code\CSCI611_Montana_Pawek\GNN\packagedData\graphs\CTU-Malware-Capture-Botnet-44\CTU-Malware-Capture-Botnet-44__20110813_004000.pt,CTU-Malware-Capture-Botnet-44\CTU-Malware-Capture-Botnet-44__20110813_004000.pt,data/rbotFamily/CTU-Malware-Capture-Botnet-44/capture20110812.binetflow,2011-08-13T00:40:00,2011-08-13T00:45:00,672,676,24,11,7,2,5,665,train
CTU-Malware-Capture-Botnet-44,Rbot,C:\Users\Montana\My Code\CSCI611_Montana_Pawek\GNN\packagedData\graphs\CTU-Malware-Capture-Botnet-44\CTU-Malware-Capture-Botnet-44__20110813_004500.pt,CTU-Malware-Capture-Botnet-44\CTU-Malware-Capture-Botnet-44__20110813_004500.pt,data/rbotFamily/CTU-Malware-Capture-Botnet-44/capture20110812.binetflow,2011-08-13T00:45:00,2011-08-13T00:50:00,628,647,24,11,4,0,4,624,train
CTU-Malware-Capture-Botnet-44,Rbot,C:\Users\Montana\My Code\CSCI611_Montana_Pawek\GNN\packagedData\graphs\CTU-Malware-Capture-Botnet-44\CTU-Malware-Capture-Botnet-44__20110813_005000.pt,CTU-Malware-Capture-Botnet-44\CTU-Malware-Capture-Botnet-44__20110813_005000.pt,data/rbotFamily/CTU-Malware-Capture-Botnet-44/capture20110812.binetflow,2011-08-13T00:50:00,2011-08-13T00:55:00,621,652,24,11,4,0,4,617,train
CTU-Malware-Capture-Botnet-44,Rbot,C:\Users\Montana\My Code\CSCI611_Montana_Pawek\GNN\packagedData\graphs\CTU-Malware-Capture-Botnet-44\CTU-Malware-Capture-Botnet-44__20110813_005500.pt,CTU-Malware-Capture-Botnet-44\CTU-Malware-Capture-Botnet-44__20110813_005500.pt,data/rbotFamily/CTU-Malware-Capture-Botnet-44/capture20110812.binetflow,2011-08-13T00:55:00,2011-08-13T01:00:00,599,597,24,11,5,0,5,594,train
CTU-Malware-Capture-Botnet-44,Rbot,C:\Users\Montana\My Code\CSCI611_Montana_Pawek\GNN\packagedData\graphs\CTU-Malware-Capture-Botnet-44\CTU-Malware-Capture-Botnet-44__20110813_010000.pt,CTU-Malware-Capture-Botnet-44\CTU-Malware-Capture-Botnet-44__20110813_010000.pt,data/rbotFamily/CTU-Malware-Capture-Botnet-44/capture20110812.binetflow,2011-08-13T01:00:00,2011-08-13T01:05:00,627,636,24,11,4,0,4,623,train
CTU-Malware-Capture-Botnet-44,Rbot,C:\Users\Montana\My Code\CSCI611_Montana_Pawek\GNN\packagedData\graphs\CTU-Malware-Capture-Botnet-44\CTU-Malware-Capture-Botnet-44__20110813_010500.pt,CTU-Malware-Capture-Botnet-44\CTU-Malware-Capture-Botnet-44__20110813_010500.pt,data/rbotFamily/CTU-Malware-Capture-Botnet-44/capture20110812.binetflow,2011-08-13T01:05:00,2011-08-13T01:10:00,605,610,24,11,4,0,4,601,train
CTU-Malware-Capture-Botnet-44,Rbot,C:\Users\Montana\My Code\CSCI611_Montana_Pawek\GNN\packagedData\graphs\CTU-Malware-Capture-Botnet-44\CTU-Malware-Capture-Botnet-44__20110813_011000.pt,CTU-Malware-Capture-Botnet-44\CTU-Malware-Capture-Botnet-44__20110813_011000.pt,data/rbotFamily/CTU-Malware-Capture-Botnet-44/capture20110812.binetflow,2011-08-13T01:10:00,2011-08-13T01:15:00,589,572,24,11,5,0,5,584,train
CTU-Malware-Capture-Botnet-44,Rbot,C:\Users\Montana\My Code\CSCI611_Montana_Pawek\GNN\packagedData\graphs\CTU-Malware-Capture-Botnet-44\CTU-Malware-Capture-Botnet-44__20110813_011500.pt,CTU-Malware-Capture-Botnet-44\CTU-Malware-Capture-Botnet-44__20110813_011500.pt,data/rbotFamily/CTU-Malware-Capture-Botnet-44/capture20110812.binetflow,2011-08-13T01:15:00,2011-08-13T01:20:00,558,569,24,11,4,0,4,554,train
CTU-Malware-Capture-Botnet-44,Rbot,C:\Users\Montana\My Code\CSCI611_Montana_Pawek\GNN\packagedData\graphs\CTU-Malware-Capture-Botnet-44\CTU-Malware-Capture-Botnet-44__20110813_012000.pt,CTU-Malware-Capture-Botnet-44\CTU-Malware-Capture-Botnet-44__20110813_012000.pt,data/rbotFamily/CTU-Malware-Capture-Botnet-44/capture20110812.binetflow,2011-08-13T01:20:00,2011-08-13T01:25:00,563,584,24,11,5,0,5,558,train
CTU-Malware-Capture-Botnet-44,Rbot,C:\Users\Montana\My Code\CSCI611_Montana_Pawek\GNN\packagedData\graphs\CTU-Malware-Capture-Botnet-44\CTU-Malware-Capture-Botnet-44__20110813_012500.pt,CTU-Malware-Capture-Botnet-44\CTU-Malware-Capture-Botnet-44__20110813_012500.pt,data/rbotFamily/CTU-Malware-Capture-Botnet-44/capture20110812.binetflow,2011-08-13T01:25:00,2011-08-13T01:30:00,595,607,24,11,5,0,5,590,train
CTU-Malware-Capture-Botnet-44,Rbot,C:\Users\Montana\My Code\CSCI611_Montana_Pawek\GNN\packagedData\graphs\CTU-Malware-Capture-Botnet-44\CTU-Malware-Capture-Botnet-44__20110813_013000.pt,CTU-Malware-Capture-Botnet-44\CTU-Malware-Capture-Botnet-44__20110813_013000.pt,data/rbotFamily/CTU-Malware-Capture-Botnet-44/capture20110812.binetflow,2011-08-13T01:30:00,2011-08-13T01:35:00,588,592,24,11,5,0,5,583,train
CTU-Malware-Capture-Botnet-44,Rbot,C:\Users\Montana\My Code\CSCI611_Montana_Pawek\GNN\packagedData\graphs\CTU-Malware-Capture-Botnet-44\CTU-Malware-Capture-Botnet-44__20110813_013500.pt,CTU-Malware-Capture-Botnet-44\CTU-Malware-Capture-Botnet-44__20110813_013500.pt,data/rbotFamily/CTU-Malware-Capture-Botnet-44/capture20110812.binetflow,2011-08-13T01:35:00,2011-08-13T01:40:00,728,830,24,11,5,0,5,723,train
CTU-Malware-Capture-Botnet-44,Rbot,C:\Users\Montana\My Code\CSCI611_Montana_Pawek\GNN\packagedData\graphs\CTU-Malware-Capture-Botnet-44\CTU-Malware-Capture-Botnet-44__20110813_014000.pt,CTU-Malware-Capture-Botnet-44\CTU-Malware-Capture-Botnet-44__20110813_014000.pt,data/rbotFamily/CTU-Malware-Capture-Botnet-44/capture20110812.binetflow,2011-08-13T01:40:00,2011-08-13T01:45:00,1166,1726,24,11,6,2,4,1160,train
CTU-Malware-Capture-Botnet-44,Rbot,C:\Users\Montana\My Code\CSCI611_Montana_Pawek\GNN\packagedData\graphs\CTU-Malware-Capture-Botnet-44\CTU-Malware-Capture-Botnet-44__20110813_014500.pt,CTU-Malware-Capture-Botnet-44\CTU-Malware-Capture-Botnet-44__20110813_014500.pt,data/rbotFamily/CTU-Malware-Capture-Botnet-44/capture20110812.binetflow,2011-08-13T01:45:00,2011-08-13T01:50:00,726,867,24,11,4,0,4,722,train
CTU-Malware-Capture-Botnet-44,Rbot,C:\Users\Montana\My Code\CSCI611_Montana_Pawek\GNN\packagedData\graphs\CTU-Malware-Capture-Botnet-44\CTU-Malware-Capture-Botnet-44__20110813_015000.pt,CTU-Malware-Capture-Botnet-44\CTU-Malware-Capture-Botnet-44__20110813_015000.pt,data/rbotFamily/CTU-Malware-Capture-Botnet-44/capture20110812.binetflow,2011-08-13T01:50:00,2011-08-13T01:55:00,811,852,24,11,4,0,4,807,train
CTU-Malware-Capture-Botnet-44,Rbot,C:\Users\Montana\My Code\CSCI611_Montana_Pawek\GNN\packagedData\graphs\CTU-Malware-Capture-Botnet-44\CTU-Malware-Capture-Botnet-44__20110813_015500.pt,CTU-Malware-Capture-Botnet-44\CTU-Malware-Capture-Botnet-44__20110813_015500.pt,data/rbotFamily/CTU-Malware-Capture-Botnet-44/capture20110812.binetflow,2011-08-13T01:55:00,2011-08-13T02:00:00,1097,1583,24,11,4,0,4,1093,train
CTU-Malware-Capture-Botnet-44,Rbot,C:\Users\Montana\My Code\CSCI611_Montana_Pawek\GNN\packagedData\graphs\CTU-Malware-Capture-Botnet-44\CTU-Malware-Capture-Botnet-44__20110813_020000.pt,CTU-Malware-Capture-Botnet-44\CTU-Malware-Capture-Botnet-44__20110813_020000.pt,data/rbotFamily/CTU-Malware-Capture-Botnet-44/capture20110812.binetflow,2011-08-13T02:00:00,2011-08-13T02:05:00,684,746,24,11,4,0,4,680,train
CTU-Malware-Capture-Botnet-44,Rbot,C:\Users\Montana\My Code\CSCI611_Montana_Pawek\GNN\packagedData\graphs\CTU-Malware-Capture-Botnet-44\CTU-Malware-Capture-Botnet-44__20110813_020500.pt,CTU-Malware-Capture-Botnet-44\CTU-Malware-Capture-Botnet-44__20110813_020500.pt,data/rbotFamily/CTU-Malware-Capture-Botnet-44/capture20110812.binetflow,2011-08-13T02:05:00,2011-08-13T02:10:00,593,590,24,11,4,0,4,589,train
CTU-Malware-Capture-Botnet-44,Rbot,C:\Users\Montana\My Code\CSCI611_Montana_Pawek\GNN\packagedData\graphs\CTU-Malware-Capture-Botnet-44\CTU-Malware-Capture-Botnet-44__20110813_021000.pt,CTU-Malware-Capture-Botnet-44\CTU-Malware-Capture-Botnet-44__20110813_021000.pt,data/rbotFamily/CTU-Malware-Capture-Botnet-44/capture20110812.binetflow,2011-08-13T02:10:00,2011-08-13T02:15:00,560,568,24,11,4,0,4,556,train
CTU-Malware-Capture-Botnet-44,Rbot,C:\Users\Montana\My Code\CSCI611_Montana_Pawek\GNN\packagedData\graphs\CTU-Malware-Capture-Botnet-44\CTU-Malware-Capture-Botnet-44__20110813_021500.pt,CTU-Malware-Capture-Botnet-44\CTU-Malware-Capture-Botnet-44__20110813_021500.pt,data/rbotFamily/CTU-Malware-Capture-Botnet-44/capture20110812.binetflow,2011-08-13T02:15:00,2011-08-13T02:20:00,606,613,24,11,4,0,4,602,train
CTU-Malware-Capture-Botnet-44,Rbot,C:\Users\Montana\My Code\CSCI611_Montana_Pawek\GNN\packagedData\graphs\CTU-Malware-Capture-Botnet-44\CTU-Malware-Capture-Botnet-44__20110813_022000.pt,CTU-Malware-Capture-Botnet-44\CTU-Malware-Capture-Botnet-44__20110813_022000.pt,data/rbotFamily/CTU-Malware-Capture-Botnet-44/capture20110812.binetflow,2011-08-13T02:20:00,2011-08-13T02:25:00,590,613,24,11,5,1,4,585,train
CTU-Malware-Capture-Botnet-44,Rbot,C:\Users\Montana\My Code\CSCI611_Montana_Pawek\GNN\packagedData\graphs\CTU-Malware-Capture-Botnet-44\CTU-Malware-Capture-Botnet-44__20110813_022500.pt,CTU-Malware-Capture-Botnet-44\CTU-Malware-Capture-Botnet-44__20110813_022500.pt,data/rbotFamily/CTU-Malware-Capture-Botnet-44/capture20110812.binetflow,2011-08-13T02:25:00,2011-08-13T02:30:00,934,952,24,11,5,0,5,929,train
CTU-Malware-Capture-Botnet-44,Rbot,C:\Users\Montana\My Code\CSCI611_Montana_Pawek\GNN\packagedData\graphs\CTU-Malware-Capture-Botnet-44\CTU-Malware-Capture-Botnet-44__20110813_023000.pt,CTU-Malware-Capture-Botnet-44\CTU-Malware-Capture-Botnet-44__20110813_023000.pt,data/rbotFamily/CTU-Malware-Capture-Botnet-44/capture20110812.binetflow,2011-08-13T02:30:00,2011-08-13T02:35:00,1468,1648,24,11,7,1,6,1461,train
CTU-Malware-Capture-Botnet-44,Rbot,C:\Users\Montana\My Code\CSCI611_Montana_Pawek\GNN\packagedData\graphs\CTU-Malware-Capture-Botnet-44\CTU-Malware-Capture-Botnet-44__20110813_023500.pt,CTU-Malware-Capture-Botnet-44\CTU-Malware-Capture-Botnet-44__20110813_023500.pt,data/rbotFamily/CTU-Malware-Capture-Botnet-44/capture20110812.binetflow,2011-08-13T02:35:00,2011-08-13T02:40:00,538,535,24,11,4,0,4,534,train
CTU-Malware-Capture-Botnet-44,Rbot,C:\Users\Montana\My Code\CSCI611_Montana_Pawek\GNN\packagedData\graphs\CTU-Malware-Capture-Botnet-44\CTU-Malware-Capture-Botnet-44__20110813_024000.pt,CTU-Malware-Capture-Botnet-44\CTU-Malware-Capture-Botnet-44__20110813_024000.pt,data/rbotFamily/CTU-Malware-Capture-Botnet-44/capture20110812.binetflow,2011-08-13T02:40:00,2011-08-13T02:45:00,532,540,24,11,4,0,4,528,train
CTU-Malware-Capture-Botnet-44,Rbot,C:\Users\Montana\My Code\CSCI611_Montana_Pawek\GNN\packagedData\graphs\CTU-Malware-Capture-Botnet-44\CTU-Malware-Capture-Botnet-44__20110813_024500.pt,CTU-Malware-Capture-Botnet-44\CTU-Malware-Capture-Botnet-44__20110813_024500.pt,data/rbotFamily/CTU-Malware-Capture-Botnet-44/capture20110812.binetflow,2011-08-13T02:45:00,2011-08-13T02:50:00,631,626,24,11,6,2,4,625,train
CTU-Malware-Capture-Botnet-44,Rbot,C:\Users\Montana\My Code\CSCI611_Montana_Pawek\GNN\packagedData\graphs\CTU-Malware-Capture-Botnet-44\CTU-Malware-Capture-Botnet-44__20110813_025000.pt,CTU-Malware-Capture-Botnet-44\CTU-Malware-Capture-Botnet-44__20110813_025000.pt,data/rbotFamily/CTU-Malware-Capture-Botnet-44/capture20110812.binetflow,2011-08-13T02:50:00,2011-08-13T02:55:00,621,654,24,11,4,0,4,617,train
CTU-Malware-Capture-Botnet-44,Rbot,C:\Users\Montana\My Code\CSCI611_Montana_Pawek\GNN\packagedData\graphs\CTU-Malware-Capture-Botnet-44\CTU-Malware-Capture-Botnet-44__20110813_025500.pt,CTU-Malware-Capture-Botnet-44\CTU-Malware-Capture-Botnet-44__20110813_025500.pt,data/rbotFamily/CTU-Malware-Capture-Botnet-44/capture20110812.binetflow,2011-08-13T02:55:00,2011-08-13T03:00:00,640,662,24,11,4,0,4,636,train
CTU-Malware-Capture-Botnet-44,Rbot,C:\Users\Montana\My Code\CSCI611_Montana_Pawek\GNN\packagedData\graphs\CTU-Malware-Capture-Botnet-44\CTU-Malware-Capture-Botnet-44__20110813_030000.pt,CTU-Malware-Capture-Botnet-44\CTU-Malware-Capture-Botnet-44__20110813_030000.pt,data/rbotFamily/CTU-Malware-Capture-Botnet-44/capture20110812.binetflow,2011-08-13T03:00:00,2011-08-13T03:05:00,751,779,24,11,4,0,4,747,train
CTU-Malware-Capture-Botnet-44,Rbot,C:\Users\Montana\My Code\CSCI611_Montana_Pawek\GNN\packagedData\graphs\CTU-Malware-Capture-Botnet-44\CTU-Malware-Capture-Botnet-44__20110813_030500.pt,CTU-Malware-Capture-Botnet-44\CTU-Malware-Capture-Botnet-44__20110813_030500.pt,data/rbotFamily/CTU-Malware-Capture-Botnet-44/capture20110812.binetflow,2011-08-13T03:05:00,2011-08-13T03:10:00,1422,1628,24,11,7,1,6,1415,train
CTU-Malware-Capture-Botnet-44,Rbot,C:\Users\Montana\My Code\CSCI611_Montana_Pawek\GNN\packagedData\graphs\CTU-Malware-Capture-Botnet-44\CTU-Malware-Capture-Botnet-44__20110813_031000.pt,CTU-Malware-Capture-Botnet-44\CTU-Malware-Capture-Botnet-44__20110813_031000.pt,data/rbotFamily/CTU-Malware-Capture-Botnet-44/capture20110812.binetflow,2011-08-13T03:10:00,2011-08-13T03:15:00,593,594,24,11,4,0,4,589,train
CTU-Malware-Capture-Botnet-44,Rbot,C:\Users\Montana\My Code\CSCI611_Montana_Pawek\GNN\packagedData\graphs\CTU-Malware-Capture-Botnet-44\CTU-Malware-Capture-Botnet-44__20110813_031500.pt,CTU-Malware-Capture-Botnet-44\CTU-Malware-Capture-Botnet-44__20110813_031500.pt,data/rbotFamily/CTU-Malware-Capture-Botnet-44/capture20110812.binetflow,2011-08-13T03:15:00,2011-08-13T03:20:00,613,616,24,11,4,0,4,609,train
CTU-Malware-Capture-Botnet-44,Rbot,C:\Users\Montana\My Code\CSCI611_Montana_Pawek\GNN\packagedData\graphs\CTU-Malware-Capture-Botnet-44\CTU-Malware-Capture-Botnet-44__20110813_032000.pt,CTU-Malware-Capture-Botnet-44\CTU-Malware-Capture-Botnet-44__20110813_032000.pt,data/rbotFamily/CTU-Malware-Capture-Botnet-44/capture20110812.binetflow,2011-08-13T03:20:00,2011-08-13T03:25:00,639,638,24,11,4,0,4,635,train
CTU-Malware-Capture-Botnet-44,Rbot,C:\Users\Montana\My Code\CSCI611_Montana_Pawek\GNN\packagedData\graphs\CTU-Malware-Capture-Botnet-44\CTU-Malware-Capture-Botnet-44__20110813_032500.pt,CTU-Malware-Capture-Botnet-44\CTU-Malware-Capture-Botnet-44__20110813_032500.pt,data/rbotFamily/CTU-Malware-Capture-Botnet-44/capture20110812.binetflow,2011-08-13T03:25:00,2011-08-13T03:30:00,1579,1797,24,11,7,1,6,1572,train
CTU-Malware-Capture-Botnet-44,Rbot,C:\Users\Montana\My Code\CSCI611_Montana_Pawek\GNN\packagedData\graphs\CTU-Malware-Capture-Botnet-44\CTU-Malware-Capture-Botnet-44__20110813_033000.pt,CTU-Malware-Capture-Botnet-44\CTU-Malware-Capture-Botnet-44__20110813_033000.pt,data/rbotFamily/CTU-Malware-Capture-Botnet-44/capture20110812.binetflow,2011-08-13T03:30:00,2011-08-13T03:35:00,576,582,24,11,5,0,5,571,train
CTU-Malware-Capture-Botnet-44,Rbot,C:\Users\Montana\My Code\CSCI611_Montana_Pawek\GNN\packagedData\graphs\CTU-Malware-Capture-Botnet-44\CTU-Malware-Capture-Botnet-44__20110813_033500.pt,CTU-Malware-Capture-Botnet-44\CTU-Malware-Capture-Botnet-44__20110813_033500.pt,data/rbotFamily/CTU-Malware-Capture-Botnet-44/capture20110812.binetflow,2011-08-13T03:35:00,2011-08-13T03:40:00,593,573,24,11,4,0,4,589,train
CTU-Malware-Capture-Botnet-44,Rbot,C:\Users\Montana\My Code\CSCI611_Montana_Pawek\GNN\packagedData\graphs\CTU-Malware-Capture-Botnet-44\CTU-Malware-Capture-Botnet-44__20110813_034000.pt,CTU-Malware-Capture-Botnet-44\CTU-Malware-Capture-Botnet-44__20110813_034000.pt,data/rbotFamily/CTU-Malware-Capture-Botnet-44/capture20110812.binetflow,2011-08-13T03:40:00,2011-08-13T03:45:00,620,623,24,11,4,0,4,616,train
CTU-Malware-Capture-Botnet-44,Rbot,C:\Users\Montana\My Code\CSCI611_Montana_Pawek\GNN\packagedData\graphs\CTU-Malware-Capture-Botnet-44\CTU-Malware-Capture-Botnet-44__20110813_034500.pt,CTU-Malware-Capture-Botnet-44\CTU-Malware-Capture-Botnet-44__20110813_034500.pt,data/rbotFamily/CTU-Malware-Capture-Botnet-44/capture20110812.binetflow,2011-08-13T03:45:00,2011-08-13T03:50:00,600,613,24,11,6,2,4,594,train
CTU-Malware-Capture-Botnet-44,Rbot,C:\Users\Montana\My Code\CSCI611_Montana_Pawek\GNN\packagedData\graphs\CTU-Malware-Capture-Botnet-44\CTU-Malware-Capture-Botnet-44__20110813_035000.pt,CTU-Malware-Capture-Botnet-44\CTU-Malware-Capture-Botnet-44__20110813_035000.pt,data/rbotFamily/CTU-Malware-Capture-Botnet-44/capture20110812.binetflow,2011-08-13T03:50:00,2011-08-13T03:55:00,577,612,24,11,4,0,4,573,train
CTU-Malware-Capture-Botnet-44,Rbot,C:\Users\Montana\My Code\CSCI611_Montana_Pawek\GNN\packagedData\graphs\CTU-Malware-Capture-Botnet-44\CTU-Malware-Capture-Botnet-44__20110813_035500.pt,CTU-Malware-Capture-Botnet-44\CTU-Malware-Capture-Botnet-44__20110813_035500.pt,data/rbotFamily/CTU-Malware-Capture-Botnet-44/capture20110812.binetflow,2011-08-13T03:55:00,2011-08-13T04:00:00,587,604,24,11,5,0,5,582,train
CTU-Malware-Capture-Botnet-44,Rbot,C:\Users\Montana\My Code\CSCI611_Montana_Pawek\GNN\packagedData\graphs\CTU-Malware-Capture-Botnet-44\CTU-Malware-Capture-Botnet-44__20110813_040000.pt,CTU-Malware-Capture-Botnet-44\CTU-Malware-Capture-Botnet-44__20110813_040000.pt,data/rbotFamily/CTU-Malware-Capture-Botnet-44/capture20110812.binetflow,2011-08-13T04:00:00,2011-08-13T04:05:00,628,654,24,11,4,0,4,624,train
CTU-Malware-Capture-Botnet-44,Rbot,C:\Users\Montana\My Code\CSCI611_Montana_Pawek\GNN\packagedData\graphs\CTU-Malware-Capture-Botnet-44\CTU-Malware-Capture-Botnet-44__20110813_040500.pt,CTU-Malware-Capture-Botnet-44\CTU-Malware-Capture-Botnet-44__20110813_040500.pt,data/rbotFamily/CTU-Malware-Capture-Botnet-44/capture20110812.binetflow,2011-08-13T04:05:00,2011-08-13T04:10:00,535,531,24,11,4,0,4,531,train
CTU-Malware-Capture-Botnet-44,Rbot,C:\Users\Montana\My Code\CSCI611_Montana_Pawek\GNN\packagedData\graphs\CTU-Malware-Capture-Botnet-44\CTU-Malware-Capture-Botnet-44__20110813_041000.pt,CTU-Malware-Capture-Botnet-44\CTU-Malware-Capture-Botnet-44__20110813_041000.pt,data/rbotFamily/CTU-Malware-Capture-Botnet-44/capture20110812.binetflow,2011-08-13T04:10:00,2011-08-13T04:15:00,553,549,24,11,4,0,4,549,train
CTU-Malware-Capture-Botnet-44,Rbot,C:\Users\Montana\My Code\CSCI611_Montana_Pawek\GNN\packagedData\graphs\CTU-Malware-Capture-Botnet-44\CTU-Malware-Capture-Botnet-44__20110813_041500.pt,CTU-Malware-Capture-Botnet-44\CTU-Malware-Capture-Botnet-44__20110813_041500.pt,data/rbotFamily/CTU-Malware-Capture-Botnet-44/capture20110812.binetflow,2011-08-13T04:15:00,2011-08-13T04:20:00,586,608,24,11,4,0,4,582,train
CTU-Malware-Capture-Botnet-44,Rbot,C:\Users\Montana\My Code\CSCI611_Montana_Pawek\GNN\packagedData\graphs\CTU-Malware-Capture-Botnet-44\CTU-Malware-Capture-Botnet-44__20110813_042000.pt,CTU-Malware-Capture-Botnet-44\CTU-Malware-Capture-Botnet-44__20110813_042000.pt,data/rbotFamily/CTU-Malware-Capture-Botnet-44/capture20110812.binetflow,2011-08-13T04:20:00,2011-08-13T04:25:00,620,638,24,11,4,0,4,616,train
CTU-Malware-Capture-Botnet-44,Rbot,C:\Users\Montana\My Code\CSCI611_Montana_Pawek\GNN\packagedData\graphs\CTU-Malware-Capture-Botnet-44\CTU-Malware-Capture-Botnet-44__20110813_042500.pt,CTU-Malware-Capture-Botnet-44\CTU-Malware-Capture-Botnet-44__20110813_042500.pt,data/rbotFamily/CTU-Malware-Capture-Botnet-44/capture20110812.binetflow,2011-08-13T04:25:00,2011-08-13T04:30:00,633,696,24,11,4,0,4,629,train
CTU-Malware-Capture-Botnet-44,Rbot,C:\Users\Montana\My Code\CSCI611_Montana_Pawek\GNN\packagedData\graphs\CTU-Malware-Capture-Botnet-44\CTU-Malware-Capture-Botnet-44__20110813_043000.pt,CTU-Malware-Capture-Botnet-44\CTU-Malware-Capture-Botnet-44__20110813_043000.pt,data/rbotFamily/CTU-Malware-Capture-Botnet-44/capture20110812.binetflow,2011-08-13T04:30:00,2011-08-13T04:35:00,600,614,24,11,5,0,5,595,train
CTU-Malware-Capture-Botnet-44,Rbot,C:\Users\Montana\My Code\CSCI611_Montana_Pawek\GNN\packagedData\graphs\CTU-Malware-Capture-Botnet-44\CTU-Malware-Capture-Botnet-44__20110813_043500.pt,CTU-Malware-Capture-Botnet-44\CTU-Malware-Capture-Botnet-44__20110813_043500.pt,data/rbotFamily/CTU-Malware-Capture-Botnet-44/capture20110812.binetflow,2011-08-13T04:35:00,2011-08-13T04:40:00,576,576,24,11,4,0,4,572,train
CTU-Malware-Capture-Botnet-44,Rbot,C:\Users\Montana\My Code\CSCI611_Montana_Pawek\GNN\packagedData\graphs\CTU-Malware-Capture-Botnet-44\CTU-Malware-Capture-Botnet-44__20110813_044000.pt,CTU-Malware-Capture-Botnet-44\CTU-Malware-Capture-Botnet-44__20110813_044000.pt,data/rbotFamily/CTU-Malware-Capture-Botnet-44/capture20110812.binetflow,2011-08-13T04:40:00,2011-08-13T04:45:00,626,623,24,11,5,0,5,621,train
CTU-Malware-Capture-Botnet-44,Rbot,C:\Users\Montana\My Code\CSCI611_Montana_Pawek\GNN\packagedData\graphs\CTU-Malware-Capture-Botnet-44\CTU-Malware-Capture-Botnet-44__20110813_044500.pt,CTU-Malware-Capture-Botnet-44\CTU-Malware-Capture-Botnet-44__20110813_044500.pt,data/rbotFamily/CTU-Malware-Capture-Botnet-44/capture20110812.binetflow,2011-08-13T04:45:00,2011-08-13T04:50:00,591,633,24,11,4,0,4,587,train
CTU-Malware-Capture-Botnet-44,Rbot,C:\Users\Montana\My Code\CSCI611_Montana_Pawek\GNN\packagedData\graphs\CTU-Malware-Capture-Botnet-44\CTU-Malware-Capture-Botnet-44__20110813_045000.pt,CTU-Malware-Capture-Botnet-44\CTU-Malware-Capture-Botnet-44__20110813_045000.pt,data/rbotFamily/CTU-Malware-Capture-Botnet-44/capture20110812.binetflow,2011-08-13T04:50:00,2011-08-13T04:55:00,587,612,24,11,6,2,4,581,train
CTU-Malware-Capture-Botnet-44,Rbot,C:\Users\Montana\My Code\CSCI611_Montana_Pawek\GNN\packagedData\graphs\CTU-Malware-Capture-Botnet-44\CTU-Malware-Capture-Botnet-44__20110813_045500.pt,CTU-Malware-Capture-Botnet-44\CTU-Malware-Capture-Botnet-44__20110813_045500.pt,data/rbotFamily/CTU-Malware-Capture-Botnet-44/capture20110812.binetflow,2011-08-13T04:55:00,2011-08-13T05:00:00,547,546,24,11,4,0,4,543,train
CTU-Malware-Capture-Botnet-44,Rbot,C:\Users\Montana\My Code\CSCI611_Montana_Pawek\GNN\packagedData\graphs\CTU-Malware-Capture-Botnet-44\CTU-Malware-Capture-Botnet-44__20110813_050000.pt,CTU-Malware-Capture-Botnet-44\CTU-Malware-Capture-Botnet-44__20110813_050000.pt,data/rbotFamily/CTU-Malware-Capture-Botnet-44/capture20110812.binetflow,2011-08-13T05:00:00,2011-08-13T05:05:00,625,625,24,11,5,0,5,620,train
CTU-Malware-Capture-Botnet-44,Rbot,C:\Users\Montana\My Code\CSCI611_Montana_Pawek\GNN\packagedData\graphs\CTU-Malware-Capture-Botnet-44\CTU-Malware-Capture-Botnet-44__20110813_050500.pt,CTU-Malware-Capture-Botnet-44\CTU-Malware-Capture-Botnet-44__20110813_050500.pt,data/rbotFamily/CTU-Malware-Capture-Botnet-44/capture20110812.binetflow,2011-08-13T05:05:00,2011-08-13T05:10:00,625,622,24,11,4,0,4,621,train
CTU-Malware-Capture-Botnet-44,Rbot,C:\Users\Montana\My Code\CSCI611_Montana_Pawek\GNN\packagedData\graphs\CTU-Malware-Capture-Botnet-44\CTU-Malware-Capture-Botnet-44__20110813_051000.pt,CTU-Malware-Capture-Botnet-44\CTU-Malware-Capture-Botnet-44__20110813_051000.pt,data/rbotFamily/CTU-Malware-Capture-Botnet-44/capture20110812.binetflow,2011-08-13T05:10:00,2011-08-13T05:15:00,1198,1204,24,11,4,0,4,1194,train
CTU-Malware-Capture-Botnet-44,Rbot,C:\Users\Montana\My Code\CSCI611_Montana_Pawek\GNN\packagedData\graphs\CTU-Malware-Capture-Botnet-44\CTU-Malware-Capture-Botnet-44__20110813_051500.pt,CTU-Malware-Capture-Botnet-44\CTU-Malware-Capture-Botnet-44__20110813_051500.pt,data/rbotFamily/CTU-Malware-Capture-Botnet-44/capture20110812.binetflow,2011-08-13T05:15:00,2011-08-13T05:20:00,689,834,24,11,5,0,5,684,train
CTU-Malware-Capture-Botnet-44,Rbot,C:\Users\Montana\My Code\CSCI611_Montana_Pawek\GNN\packagedData\graphs\CTU-Malware-Capture-Botnet-44\CTU-Malware-Capture-Botnet-44__20110813_052000.pt,CTU-Malware-Capture-Botnet-44\CTU-Malware-Capture-Botnet-44__20110813_052000.pt,data/rbotFamily/CTU-Malware-Capture-Botnet-44/capture20110812.binetflow,2011-08-13T05:20:00,2011-08-13T05:25:00,585,688,24,11,5,0,5,580,train
CTU-Malware-Capture-Botnet-44,Rbot,C:\Users\Montana\My Code\CSCI611_Montana_Pawek\GNN\packagedData\graphs\CTU-Malware-Capture-Botnet-44\CTU-Malware-Capture-Botnet-44__20110813_052500.pt,CTU-Malware-Capture-Botnet-44\CTU-Malware-Capture-Botnet-44__20110813_052500.pt,data/rbotFamily/CTU-Malware-Capture-Botnet-44/capture20110812.binetflow,2011-08-13T05:25:00,2011-08-13T05:30:00,692,830,24,11,5,0,5,687,train
CTU-Malware-Capture-Botnet-44,Rbot,C:\Users\Montana\My Code\CSCI611_Montana_Pawek\GNN\packagedData\graphs\CTU-Malware-Capture-Botnet-44\CTU-Malware-Capture-Botnet-44__20110813_053000.pt,CTU-Malware-Capture-Botnet-44\CTU-Malware-Capture-Botnet-44__20110813_053000.pt,data/rbotFamily/CTU-Malware-Capture-Botnet-44/capture20110812.binetflow,2011-08-13T05:30:00,2011-08-13T05:35:00,638,772,24,11,5,0,5,633,train
CTU-Malware-Capture-Botnet-44,Rbot,C:\Users\Montana\My Code\CSCI611_Montana_Pawek\GNN\packagedData\graphs\CTU-Malware-Capture-Botnet-44\CTU-Malware-Capture-Botnet-44__20110813_053500.pt,CTU-Malware-Capture-Botnet-44\CTU-Malware-Capture-Botnet-44__20110813_053500.pt,data/rbotFamily/CTU-Malware-Capture-Botnet-44/capture20110812.binetflow,2011-08-13T05:35:00,2011-08-13T05:40:00,636,706,24,11,5,0,5,631,train
CTU-Malware-Capture-Botnet-44,Rbot,C:\Users\Montana\My Code\CSCI611_Montana_Pawek\GNN\packagedData\graphs\CTU-Malware-Capture-Botnet-44\CTU-Malware-Capture-Botnet-44__20110813_054000.pt,CTU-Malware-Capture-Botnet-44\CTU-Malware-Capture-Botnet-44__20110813_054000.pt,data/rbotFamily/CTU-Malware-Capture-Botnet-44/capture20110812.binetflow,2011-08-13T05:40:00,2011-08-13T05:45:00,602,643,24,11,5,0,5,597,train
CTU-Malware-Capture-Botnet-44,Rbot,C:\Users\Montana\My Code\CSCI611_Montana_Pawek\GNN\packagedData\graphs\CTU-Malware-Capture-Botnet-44\CTU-Malware-Capture-Botnet-44__20110813_054500.pt,CTU-Malware-Capture-Botnet-44\CTU-Malware-Capture-Botnet-44__20110813_054500.pt,data/rbotFamily/CTU-Malware-Capture-Botnet-44/capture20110812.binetflow,2011-08-13T05:45:00,2011-08-13T05:50:00,536,548,24,11,5,0,5,531,train
CTU-Malware-Capture-Botnet-44,Rbot,C:\Users\Montana\My Code\CSCI611_Montana_Pawek\GNN\packagedData\graphs\CTU-Malware-Capture-Botnet-44\CTU-Malware-Capture-Botnet-44__20110813_055000.pt,CTU-Malware-Capture-Botnet-44\CTU-Malware-Capture-Botnet-44__20110813_055000.pt,data/rbotFamily/CTU-Malware-Capture-Botnet-44/capture20110812.binetflow,2011-08-13T05:50:00,2011-08-13T05:55:00,587,578,24,11,7,2,5,580,train
CTU-Malware-Capture-Botnet-44,Rbot,C:\Users\Montana\My Code\CSCI611_Montana_Pawek\GNN\packagedData\graphs\CTU-Malware-Capture-Botnet-44\CTU-Malware-Capture-Botnet-44__20110813_055500.pt,CTU-Malware-Capture-Botnet-44\CTU-Malware-Capture-Botnet-44__20110813_055500.pt,data/rbotFamily/CTU-Malware-Capture-Botnet-44/capture20110812.binetflow,2011-08-13T05:55:00,2011-08-13T06:00:00,558,576,24,11,5,0,5,553,train
CTU-Malware-Capture-Botnet-44,Rbot,C:\Users\Montana\My Code\CSCI611_Montana_Pawek\GNN\packagedData\graphs\CTU-Malware-Capture-Botnet-44\CTU-Malware-Capture-Botnet-44__20110813_060000.pt,CTU-Malware-Capture-Botnet-44\CTU-Malware-Capture-Botnet-44__20110813_060000.pt,data/rbotFamily/CTU-Malware-Capture-Botnet-44/capture20110812.binetflow,2011-08-13T06:00:00,2011-08-13T06:05:00,556,580,24,11,4,0,4,552,train
CTU-Malware-Capture-Botnet-44,Rbot,C:\Users\Montana\My Code\CSCI611_Montana_Pawek\GNN\packagedData\graphs\CTU-Malware-Capture-Botnet-44\CTU-Malware-Capture-Botnet-44__20110813_060500.pt,CTU-Malware-Capture-Botnet-44\CTU-Malware-Capture-Botnet-44__20110813_060500.pt,data/rbotFamily/CTU-Malware-Capture-Botnet-44/capture20110812.binetflow,2011-08-13T06:05:00,2011-08-13T06:10:00,631,638,24,11,4,0,4,627,train
CTU-Malware-Capture-Botnet-44,Rbot,C:\Users\Montana\My Code\CSCI611_Montana_Pawek\GNN\packagedData\graphs\CTU-Malware-Capture-Botnet-44\CTU-Malware-Capture-Botnet-44__20110813_061000.pt,CTU-Malware-Capture-Botnet-44\CTU-Malware-Capture-Botnet-44__20110813_061000.pt,data/rbotFamily/CTU-Malware-Capture-Botnet-44/capture20110812.binetflow,2011-08-13T06:10:00,2011-08-13T06:15:00,576,562,24,11,5,0,5,571,train
CTU-Malware-Capture-Botnet-44,Rbot,C:\Users\Montana\My Code\CSCI611_Montana_Pawek\GNN\packagedData\graphs\CTU-Malware-Capture-Botnet-44\CTU-Malware-Capture-Botnet-44__20110813_061500.pt,CTU-Malware-Capture-Botnet-44\CTU-Malware-Capture-Botnet-44__20110813_061500.pt,data/rbotFamily/CTU-Malware-Capture-Botnet-44/capture20110812.binetflow,2011-08-13T06:15:00,2011-08-13T06:20:00,545,541,24,11,4,0,4,541,train
CTU-Malware-Capture-Botnet-44,Rbot,C:\Users\Montana\My Code\CSCI611_Montana_Pawek\GNN\packagedData\graphs\CTU-Malware-Capture-Botnet-44\CTU-Malware-Capture-Botnet-44__20110813_062000.pt,CTU-Malware-Capture-Botnet-44\CTU-Malware-Capture-Botnet-44__20110813_062000.pt,data/rbotFamily/CTU-Malware-Capture-Botnet-44/capture20110812.binetflow,2011-08-13T06:20:00,2011-08-13T06:25:00,542,545,24,11,4,0,4,538,train
CTU-Malware-Capture-Botnet-44,Rbot,C:\Users\Montana\My Code\CSCI611_Montana_Pawek\GNN\packagedData\graphs\CTU-Malware-Capture-Botnet-44\CTU-Malware-Capture-Botnet-44__20110813_062500.pt,CTU-Malware-Capture-Botnet-44\CTU-Malware-Capture-Botnet-44__20110813_062500.pt,data/rbotFamily/CTU-Malware-Capture-Botnet-44/capture20110812.binetflow,2011-08-13T06:25:00,2011-08-13T06:30:00,584,605,24,11,4,0,4,580,train
CTU-Malware-Capture-Botnet-44,Rbot,C:\Users\Montana\My Code\CSCI611_Montana_Pawek\GNN\packagedData\graphs\CTU-Malware-Capture-Botnet-44\CTU-Malware-Capture-Botnet-44__20110813_063000.pt,CTU-Malware-Capture-Botnet-44\CTU-Malware-Capture-Botnet-44__20110813_063000.pt,data/rbotFamily/CTU-Malware-Capture-Botnet-44/capture20110812.binetflow,2011-08-13T06:30:00,2011-08-13T06:35:00,582,619,24,11,5,0,5,577,train
CTU-Malware-Capture-Botnet-44,Rbot,C:\Users\Montana\My Code\CSCI611_Montana_Pawek\GNN\packagedData\graphs\CTU-Malware-Capture-Botnet-44\CTU-Malware-Capture-Botnet-44__20110813_063500.pt,CTU-Malware-Capture-Botnet-44\CTU-Malware-Capture-Botnet-44__20110813_063500.pt,data/rbotFamily/CTU-Malware-Capture-Botnet-44/capture20110812.binetflow,2011-08-13T06:35:00,2011-08-13T06:40:00,553,568,24,11,5,0,5,548,train
CTU-Malware-Capture-Botnet-44,Rbot,C:\Users\Montana\My Code\CSCI611_Montana_Pawek\GNN\packagedData\graphs\CTU-Malware-Capture-Botnet-44\CTU-Malware-Capture-Botnet-44__20110813_064000.pt,CTU-Malware-Capture-Botnet-44\CTU-Malware-Capture-Botnet-44__20110813_064000.pt,data/rbotFamily/CTU-Malware-Capture-Botnet-44/capture20110812.binetflow,2011-08-13T06:40:00,2011-08-13T06:45:00,624,600,24,11,4,0,4,620,train
CTU-Malware-Capture-Botnet-44,Rbot,C:\Users\Montana\My Code\CSCI611_Montana_Pawek\GNN\packagedData\graphs\CTU-Malware-Capture-Botnet-44\CTU-Malware-Capture-Botnet-44__20110813_064500.pt,CTU-Malware-Capture-Botnet-44\CTU-Malware-Capture-Botnet-44__20110813_064500.pt,data/rbotFamily/CTU-Malware-Capture-Botnet-44/capture20110812.binetflow,2011-08-13T06:45:00,2011-08-13T06:50:00,584,589,24,11,5,0,5,579,train
CTU-Malware-Capture-Botnet-44,Rbot,C:\Users\Montana\My Code\CSCI611_Montana_Pawek\GNN\packagedData\graphs\CTU-Malware-Capture-Botnet-44\CTU-Malware-Capture-Botnet-44__20110813_065000.pt,CTU-Malware-Capture-Botnet-44\CTU-Malware-Capture-Botnet-44__20110813_065000.pt,data/rbotFamily/CTU-Malware-Capture-Botnet-44/capture20110812.binetflow,2011-08-13T06:50:00,2011-08-13T06:55:00,565,582,24,11,5,0,5,560,train
CTU-Malware-Capture-Botnet-44,Rbot,C:\Users\Montana\My Code\CSCI611_Montana_Pawek\GNN\packagedData\graphs\CTU-Malware-Capture-Botnet-44\CTU-Malware-Capture-Botnet-44__20110813_065500.pt,CTU-Malware-Capture-Botnet-44\CTU-Malware-Capture-Botnet-44__20110813_065500.pt,data/rbotFamily/CTU-Malware-Capture-Botnet-44/capture20110812.binetflow,2011-08-13T06:55:00,2011-08-13T07:00:00,617,621,24,11,6,2,4,611,train
CTU-Malware-Capture-Botnet-44,Rbot,C:\Users\Montana\My Code\CSCI611_Montana_Pawek\GNN\packagedData\graphs\CTU-Malware-Capture-Botnet-44\CTU-Malware-Capture-Botnet-44__20110813_070000.pt,CTU-Malware-Capture-Botnet-44\CTU-Malware-Capture-Botnet-44__20110813_070000.pt,data/rbotFamily/CTU-Malware-Capture-Botnet-44/capture20110812.binetflow,2011-08-13T07:00:00,2011-08-13T07:05:00,578,593,24,11,5,0,5,573,train
CTU-Malware-Capture-Botnet-44,Rbot,C:\Users\Montana\My Code\CSCI611_Montana_Pawek\GNN\packagedData\graphs\CTU-Malware-Capture-Botnet-44\CTU-Malware-Capture-Botnet-44__20110813_070500.pt,CTU-Malware-Capture-Botnet-44\CTU-Malware-Capture-Botnet-44__20110813_070500.pt,data/rbotFamily/CTU-Malware-Capture-Botnet-44/capture20110812.binetflow,2011-08-13T07:05:00,2011-08-13T07:10:00,551,573,24,11,4,0,4,547,train
CTU-Malware-Capture-Botnet-44,Rbot,C:\Users\Montana\My Code\CSCI611_Montana_Pawek\GNN\packagedData\graphs\CTU-Malware-Capture-Botnet-44\CTU-Malware-Capture-Botnet-44__20110813_071000.pt,CTU-Malware-Capture-Botnet-44\CTU-Malware-Capture-Botnet-44__20110813_071000.pt,data/rbotFamily/CTU-Malware-Capture-Botnet-44/capture20110812.binetflow,2011-08-13T07:10:00,2011-08-13T07:15:00,570,590,24,11,5,0,5,565,train
CTU-Malware-Capture-Botnet-44,Rbot,C:\Users\Montana\My Code\CSCI611_Montana_Pawek\GNN\packagedData\graphs\CTU-Malware-Capture-Botnet-44\CTU-Malware-Capture-Botnet-44__20110813_071500.pt,CTU-Malware-Capture-Botnet-44\CTU-Malware-Capture-Botnet-44__20110813_071500.pt,data/rbotFamily/CTU-Malware-Capture-Botnet-44/capture20110812.binetflow,2011-08-13T07:15:00,2011-08-13T07:20:00,538,539,24,11,5,0,5,533,train
CTU-Malware-Capture-Botnet-44,Rbot,C:\Users\Montana\My Code\CSCI611_Montana_Pawek\GNN\packagedData\graphs\CTU-Malware-Capture-Botnet-44\CTU-Malware-Capture-Botnet-44__20110813_072000.pt,CTU-Malware-Capture-Botnet-44\CTU-Malware-Capture-Botnet-44__20110813_072000.pt,data/rbotFamily/CTU-Malware-Capture-Botnet-44/capture20110812.binetflow,2011-08-13T07:20:00,2011-08-13T07:25:00,579,591,24,11,5,0,5,574,train
CTU-Malware-Capture-Botnet-44,Rbot,C:\Users\Montana\My Code\CSCI611_Montana_Pawek\GNN\packagedData\graphs\CTU-Malware-Capture-Botnet-44\CTU-Malware-Capture-Botnet-44__20110813_072500.pt,CTU-Malware-Capture-Botnet-44\CTU-Malware-Capture-Botnet-44__20110813_072500.pt,data/rbotFamily/CTU-Malware-Capture-Botnet-44/capture20110812.binetflow,2011-08-13T07:25:00,2011-08-13T07:30:00,654,642,24,11,5,0,5,649,train
CTU-Malware-Capture-Botnet-44,Rbot,C:\Users\Montana\My Code\CSCI611_Montana_Pawek\GNN\packagedData\graphs\CTU-Malware-Capture-Botnet-44\CTU-Malware-Capture-Botnet-44__20110813_073000.pt,CTU-Malware-Capture-Botnet-44\CTU-Malware-Capture-Botnet-44__20110813_073000.pt,data/rbotFamily/CTU-Malware-Capture-Botnet-44/capture20110812.binetflow,2011-08-13T07:30:00,2011-08-13T07:35:00,614,620,24,11,5,0,5,609,train
CTU-Malware-Capture-Botnet-44,Rbot,C:\Users\Montana\My Code\CSCI611_Montana_Pawek\GNN\packagedData\graphs\CTU-Malware-Capture-Botnet-44\CTU-Malware-Capture-Botnet-44__20110813_073500.pt,CTU-Malware-Capture-Botnet-44\CTU-Malware-Capture-Botnet-44__20110813_073500.pt,data/rbotFamily/CTU-Malware-Capture-Botnet-44/capture20110812.binetflow,2011-08-13T07:35:00,2011-08-13T07:40:00,1420,1620,24,11,7,1,6,1413,train
CTU-Malware-Capture-Botnet-44,Rbot,C:\Users\Montana\My Code\CSCI611_Montana_Pawek\GNN\packagedData\graphs\CTU-Malware-Capture-Botnet-44\CTU-Malware-Capture-Botnet-44__20110813_074000.pt,CTU-Malware-Capture-Botnet-44\CTU-Malware-Capture-Botnet-44__20110813_074000.pt,data/rbotFamily/CTU-Malware-Capture-Botnet-44/capture20110812.binetflow,2011-08-13T07:40:00,2011-08-13T07:45:00,1273,1430,24,11,7,1,6,1266,train
CTU-Malware-Capture-Botnet-44,Rbot,C:\Users\Montana\My Code\CSCI611_Montana_Pawek\GNN\packagedData\graphs\CTU-Malware-Capture-Botnet-44\CTU-Malware-Capture-Botnet-44__20110813_074500.pt,CTU-Malware-Capture-Botnet-44\CTU-Malware-Capture-Botnet-44__20110813_074500.pt,data/rbotFamily/CTU-Malware-Capture-Botnet-44/capture20110812.binetflow,2011-08-13T07:45:00,2011-08-13T07:50:00,612,613,24,11,4,0,4,608,train
CTU-Malware-Capture-Botnet-44,Rbot,C:\Users\Montana\My Code\CSCI611_Montana_Pawek\GNN\packagedData\graphs\CTU-Malware-Capture-Botnet-44\CTU-Malware-Capture-Botnet-44__20110813_075000.pt,CTU-Malware-Capture-Botnet-44\CTU-Malware-Capture-Botnet-44__20110813_075000.pt,data/rbotFamily/CTU-Malware-Capture-Botnet-44/capture20110812.binetflow,2011-08-13T07:50:00,2011-08-13T07:55:00,634,637,24,11,4,0,4,630,train
CTU-Malware-Capture-Botnet-44,Rbot,C:\Users\Montana\My Code\CSCI611_Montana_Pawek\GNN\packagedData\graphs\CTU-Malware-Capture-Botnet-44\CTU-Malware-Capture-Botnet-44__20110813_075500.pt,CTU-Malware-Capture-Botnet-44\CTU-Malware-Capture-Botnet-44__20110813_075500.pt,data/rbotFamily/CTU-Malware-Capture-Botnet-44/capture20110812.binetflow,2011-08-13T07:55:00,2011-08-13T08:00:00,1004,1024,24,11,7,2,5,997,train
CTU-Malware-Capture-Botnet-44,Rbot,C:\Users\Montana\My Code\CSCI611_Montana_Pawek\GNN\packagedData\graphs\CTU-Malware-Capture-Botnet-44\CTU-Malware-Capture-Botnet-44__20110813_080000.pt,CTU-Malware-Capture-Botnet-44\CTU-Malware-Capture-Botnet-44__20110813_080000.pt,data/rbotFamily/CTU-Malware-Capture-Botnet-44/capture20110812.binetflow,2011-08-13T08:00:00,2011-08-13T08:05:00,731,753,24,11,5,0,5,726,train
CTU-Malware-Capture-Botnet-44,Rbot,C:\Users\Montana\My Code\CSCI611_Montana_Pawek\GNN\packagedData\graphs\CTU-Malware-Capture-Botnet-44\CTU-Malware-Capture-Botnet-44__20110813_080500.pt,CTU-Malware-Capture-Botnet-44\CTU-Malware-Capture-Botnet-44__20110813_080500.pt,data/rbotFamily/CTU-Malware-Capture-Botnet-44/capture20110812.binetflow,2011-08-13T08:05:00,2011-08-13T08:10:00,809,817,24,11,4,0,4,805,train
CTU-Malware-Capture-Botnet-44,Rbot,C:\Users\Montana\My Code\CSCI611_Montana_Pawek\GNN\packagedData\graphs\CTU-Malware-Capture-Botnet-44\CTU-Malware-Capture-Botnet-44__20110813_081000.pt,CTU-Malware-Capture-Botnet-44\CTU-Malware-Capture-Botnet-44__20110813_081000.pt,data/rbotFamily/CTU-Malware-Capture-Botnet-44/capture20110812.binetflow,2011-08-13T08:10:00,2011-08-13T08:15:00,768,796,24,11,5,0,5,763,train
CTU-Malware-Capture-Botnet-44,Rbot,C:\Users\Montana\My Code\CSCI611_Montana_Pawek\GNN\packagedData\graphs\CTU-Malware-Capture-Botnet-44\CTU-Malware-Capture-Botnet-44__20110813_081500.pt,CTU-Malware-Capture-Botnet-44\CTU-Malware-Capture-Botnet-44__20110813_081500.pt,data/rbotFamily/CTU-Malware-Capture-Botnet-44/capture20110812.binetflow,2011-08-13T08:15:00,2011-08-13T08:20:00,1011,1037,24,11,4,0,4,1007,train
CTU-Malware-Capture-Botnet-44,Rbot,C:\Users\Montana\My Code\CSCI611_Montana_Pawek\GNN\packagedData\graphs\CTU-Malware-Capture-Botnet-44\CTU-Malware-Capture-Botnet-44__20110813_082000.pt,CTU-Malware-Capture-Botnet-44\CTU-Malware-Capture-Botnet-44__20110813_082000.pt,data/rbotFamily/CTU-Malware-Capture-Botnet-44/capture20110812.binetflow,2011-08-13T08:20:00,2011-08-13T08:25:00,574,580,24,11,6,0,6,568,train
CTU-Malware-Capture-Botnet-44,Rbot,C:\Users\Montana\My Code\CSCI611_Montana_Pawek\GNN\packagedData\graphs\CTU-Malware-Capture-Botnet-44\CTU-Malware-Capture-Botnet-44__20110813_082500.pt,CTU-Malware-Capture-Botnet-44\CTU-Malware-Capture-Botnet-44__20110813_082500.pt,data/rbotFamily/CTU-Malware-Capture-Botnet-44/capture20110812.binetflow,2011-08-13T08:25:00,2011-08-13T08:30:00,865,880,24,11,5,0,5,860,train
CTU-Malware-Capture-Botnet-44,Rbot,C:\Users\Montana\My Code\CSCI611_Montana_Pawek\GNN\packagedData\graphs\CTU-Malware-Capture-Botnet-44\CTU-Malware-Capture-Botnet-44__20110813_083000.pt,CTU-Malware-Capture-Botnet-44\CTU-Malware-Capture-Botnet-44__20110813_083000.pt,data/rbotFamily/CTU-Malware-Capture-Botnet-44/capture20110812.binetflow,2011-08-13T08:30:00,2011-08-13T08:35:00,990,1021,24,11,5,0,5,985,train
CTU-Malware-Capture-Botnet-44,Rbot,C:\Users\Montana\My Code\CSCI611_Montana_Pawek\GNN\packagedData\graphs\CTU-Malware-Capture-Botnet-44\CTU-Malware-Capture-Botnet-44__20110813_083500.pt,CTU-Malware-Capture-Botnet-44\CTU-Malware-Capture-Botnet-44__20110813_083500.pt,data/rbotFamily/CTU-Malware-Capture-Botnet-44/capture20110812.binetflow,2011-08-13T08:35:00,2011-08-13T08:40:00,662,677,24,11,5,0,5,657,train
CTU-Malware-Capture-Botnet-44,Rbot,C:\Users\Montana\My Code\CSCI611_Montana_Pawek\GNN\packagedData\graphs\CTU-Malware-Capture-Botnet-44\CTU-Malware-Capture-Botnet-44__20110813_084000.pt,CTU-Malware-Capture-Botnet-44\CTU-Malware-Capture-Botnet-44__20110813_084000.pt,data/rbotFamily/CTU-Malware-Capture-Botnet-44/capture20110812.binetflow,2011-08-13T08:40:00,2011-08-13T08:45:00,626,629,24,11,6,1,5,620,train
CTU-Malware-Capture-Botnet-44,Rbot,C:\Users\Montana\My Code\CSCI611_Montana_Pawek\GNN\packagedData\graphs\CTU-Malware-Capture-Botnet-44\CTU-Malware-Capture-Botnet-44__20110813_084500.pt,CTU-Malware-Capture-Botnet-44\CTU-Malware-Capture-Botnet-44__20110813_084500.pt,data/rbotFamily/CTU-Malware-Capture-Botnet-44/capture20110812.binetflow,2011-08-13T08:45:00,2011-08-13T08:50:00,634,654,24,11,5,1,4,629,train
CTU-Malware-Capture-Botnet-44,Rbot,C:\Users\Montana\My Code\CSCI611_Montana_Pawek\GNN\packagedData\graphs\CTU-Malware-Capture-Botnet-44\CTU-Malware-Capture-Botnet-44__20110813_085000.pt,CTU-Malware-Capture-Botnet-44\CTU-Malware-Capture-Botnet-44__20110813_085000.pt,data/rbotFamily/CTU-Malware-Capture-Botnet-44/capture20110812.binetflow,2011-08-13T08:50:00,2011-08-13T08:55:00,608,599,24,11,5,1,4,603,train
CTU-Malware-Capture-Botnet-44,Rbot,C:\Users\Montana\My Code\CSCI611_Montana_Pawek\GNN\packagedData\graphs\CTU-Malware-Capture-Botnet-44\CTU-Malware-Capture-Botnet-44__20110813_085500.pt,CTU-Malware-Capture-Botnet-44\CTU-Malware-Capture-Botnet-44__20110813_085500.pt,data/rbotFamily/CTU-Malware-Capture-Botnet-44/capture20110812.binetflow,2011-08-13T08:55:00,2011-08-13T09:00:00,662,667,24,11,6,2,4,656,train
CTU-Malware-Capture-Botnet-44,Rbot,C:\Users\Montana\My Code\CSCI611_Montana_Pawek\GNN\packagedData\graphs\CTU-Malware-Capture-Botnet-44\CTU-Malware-Capture-Botnet-44__20110813_090000.pt,CTU-Malware-Capture-Botnet-44\CTU-Malware-Capture-Botnet-44__20110813_090000.pt,data/rbotFamily/CTU-Malware-Capture-Botnet-44/capture20110812.binetflow,2011-08-13T09:00:00,2011-08-13T09:05:00,657,665,24,11,6,1,5,651,train
CTU-Malware-Capture-Botnet-44,Rbot,C:\Users\Montana\My Code\CSCI611_Montana_Pawek\GNN\packagedData\graphs\CTU-Malware-Capture-Botnet-44\CTU-Malware-Capture-Botnet-44__20110813_090500.pt,CTU-Malware-Capture-Botnet-44\CTU-Malware-Capture-Botnet-44__20110813_090500.pt,data/rbotFamily/CTU-Malware-Capture-Botnet-44/capture20110812.binetflow,2011-08-13T09:05:00,2011-08-13T09:10:00,685,680,24,11,5,0,5,680,train
CTU-Malware-Capture-Botnet-44,Rbot,C:\Users\Montana\My Code\CSCI611_Montana_Pawek\GNN\packagedData\graphs\CTU-Malware-Capture-Botnet-44\CTU-Malware-Capture-Botnet-44__20110813_091000.pt,CTU-Malware-Capture-Botnet-44\CTU-Malware-Capture-Botnet-44__20110813_091000.pt,data/rbotFamily/CTU-Malware-Capture-Botnet-44/capture20110812.binetflow,2011-08-13T09:10:00,2011-08-13T09:15:00,664,640,24,11,4,0,4,660,train
CTU-Malware-Capture-Botnet-44,Rbot,C:\Users\Montana\My Code\CSCI611_Montana_Pawek\GNN\packagedData\graphs\CTU-Malware-Capture-Botnet-44\CTU-Malware-Capture-Botnet-44__20110813_091500.pt,CTU-Malware-Capture-Botnet-44\CTU-Malware-Capture-Botnet-44__20110813_091500.pt,data/rbotFamily/CTU-Malware-Capture-Botnet-44/capture20110812.binetflow,2011-08-13T09:15:00,2011-08-13T09:20:00,668,687,24,11,4,0,4,664,train
CTU-Malware-Capture-Botnet-44,Rbot,C:\Users\Montana\My Code\CSCI611_Montana_Pawek\GNN\packagedData\graphs\CTU-Malware-Capture-Botnet-44\CTU-Malware-Capture-Botnet-44__20110813_092000.pt,CTU-Malware-Capture-Botnet-44\CTU-Malware-Capture-Botnet-44__20110813_092000.pt,data/rbotFamily/CTU-Malware-Capture-Botnet-44/capture20110812.binetflow,2011-08-13T09:20:00,2011-08-13T09:25:00,639,626,24,11,5,1,4,634,train
CTU-Malware-Capture-Botnet-44,Rbot,C:\Users\Montana\My Code\CSCI611_Montana_Pawek\GNN\packagedData\graphs\CTU-Malware-Capture-Botnet-44\CTU-Malware-Capture-Botnet-44__20110813_092500.pt,CTU-Malware-Capture-Botnet-44\CTU-Malware-Capture-Botnet-44__20110813_092500.pt,data/rbotFamily/CTU-Malware-Capture-Botnet-44/capture20110812.binetflow,2011-08-13T09:25:00,2011-08-13T09:30:00,620,620,24,11,5,0,5,615,train
CTU-Malware-Capture-Botnet-44,Rbot,C:\Users\Montana\My Code\CSCI611_Montana_Pawek\GNN\packagedData\graphs\CTU-Malware-Capture-Botnet-44\CTU-Malware-Capture-Botnet-44__20110813_093000.pt,CTU-Malware-Capture-Botnet-44\CTU-Malware-Capture-Botnet-44__20110813_093000.pt,data/rbotFamily/CTU-Malware-Capture-Botnet-44/capture20110812.binetflow,2011-08-13T09:30:00,2011-08-13T09:35:00,611,609,24,11,5,0,5,606,train
CTU-Malware-Capture-Botnet-44,Rbot,C:\Users\Montana\My Code\CSCI611_Montana_Pawek\GNN\packagedData\graphs\CTU-Malware-Capture-Botnet-44\CTU-Malware-Capture-Botnet-44__20110813_093500.pt,CTU-Malware-Capture-Botnet-44\CTU-Malware-Capture-Botnet-44__20110813_093500.pt,data/rbotFamily/CTU-Malware-Capture-Botnet-44/capture20110812.binetflow,2011-08-13T09:35:00,2011-08-13T09:40:00,633,640,24,11,4,0,4,629,train
CTU-Malware-Capture-Botnet-44,Rbot,C:\Users\Montana\My Code\CSCI611_Montana_Pawek\GNN\packagedData\graphs\CTU-Malware-Capture-Botnet-44\CTU-Malware-Capture-Botnet-44__20110813_094000.pt,CTU-Malware-Capture-Botnet-44\CTU-Malware-Capture-Botnet-44__20110813_094000.pt,data/rbotFamily/CTU-Malware-Capture-Botnet-44/capture20110812.binetflow,2011-08-13T09:40:00,2011-08-13T09:45:00,665,669,24,11,5,0,5,660,train
CTU-Malware-Capture-Botnet-44,Rbot,C:\Users\Montana\My Code\CSCI611_Montana_Pawek\GNN\packagedData\graphs\CTU-Malware-Capture-Botnet-44\CTU-Malware-Capture-Botnet-44__20110813_094500.pt,CTU-Malware-Capture-Botnet-44\CTU-Malware-Capture-Botnet-44__20110813_094500.pt,data/rbotFamily/CTU-Malware-Capture-Botnet-44/capture20110812.binetflow,2011-08-13T09:45:00,2011-08-13T09:50:00,655,654,24,11,5,0,5,650,train
CTU-Malware-Capture-Botnet-44,Rbot,C:\Users\Montana\My Code\CSCI611_Montana_Pawek\GNN\packagedData\graphs\CTU-Malware-Capture-Botnet-44\CTU-Malware-Capture-Botnet-44__20110813_095000.pt,CTU-Malware-Capture-Botnet-44\CTU-Malware-Capture-Botnet-44__20110813_095000.pt,data/rbotFamily/CTU-Malware-Capture-Botnet-44/capture20110812.binetflow,2011-08-13T09:50:00,2011-08-13T09:55:00,665,650,24,11,4,0,4,661,train
CTU-Malware-Capture-Botnet-44,Rbot,C:\Users\Montana\My Code\CSCI611_Montana_Pawek\GNN\packagedData\graphs\CTU-Malware-Capture-Botnet-44\CTU-Malware-Capture-Botnet-44__20110813_095500.pt,CTU-Malware-Capture-Botnet-44\CTU-Malware-Capture-Botnet-44__20110813_095500.pt,data/rbotFamily/CTU-Malware-Capture-Botnet-44/capture20110812.binetflow,2011-08-13T09:55:00,2011-08-13T10:00:00,716,735,24,11,5,0,5,711,train
CTU-Malware-Capture-Botnet-44,Rbot,C:\Users\Montana\My Code\CSCI611_Montana_Pawek\GNN\packagedData\graphs\CTU-Malware-Capture-Botnet-44\CTU-Malware-Capture-Botnet-44__20110813_100000.pt,CTU-Malware-Capture-Botnet-44\CTU-Malware-Capture-Botnet-44__20110813_100000.pt,data/rbotFamily/CTU-Malware-Capture-Botnet-44/capture20110812.binetflow,2011-08-13T10:00:00,2011-08-13T10:05:00,666,668,24,11,7,2,5,659,train
CTU-Malware-Capture-Botnet-44,Rbot,C:\Users\Montana\My Code\CSCI611_Montana_Pawek\GNN\packagedData\graphs\CTU-Malware-Capture-Botnet-44\CTU-Malware-Capture-Botnet-44__20110813_100500.pt,CTU-Malware-Capture-Botnet-44\CTU-Malware-Capture-Botnet-44__20110813_100500.pt,data/rbotFamily/CTU-Malware-Capture-Botnet-44/capture20110812.binetflow,2011-08-13T10:05:00,2011-08-13T10:10:00,636,627,24,11,4,0,4,632,train
CTU-Malware-Capture-Botnet-44,Rbot,C:\Users\Montana\My Code\CSCI611_Montana_Pawek\GNN\packagedData\graphs\CTU-Malware-Capture-Botnet-44\CTU-Malware-Capture-Botnet-44__20110813_101000.pt,CTU-Malware-Capture-Botnet-44\CTU-Malware-Capture-Botnet-44__20110813_101000.pt,data/rbotFamily/CTU-Malware-Capture-Botnet-44/capture20110812.binetflow,2011-08-13T10:10:00,2011-08-13T10:15:00,656,641,24,11,5,0,5,651,train
CTU-Malware-Capture-Botnet-44,Rbot,C:\Users\Montana\My Code\CSCI611_Montana_Pawek\GNN\packagedData\graphs\CTU-Malware-Capture-Botnet-44\CTU-Malware-Capture-Botnet-44__20110813_101500.pt,CTU-Malware-Capture-Botnet-44\CTU-Malware-Capture-Botnet-44__20110813_101500.pt,data/rbotFamily/CTU-Malware-Capture-Botnet-44/capture20110812.binetflow,2011-08-13T10:15:00,2011-08-13T10:20:00,1488,1705,24,11,7,1,6,1481,train
CTU-Malware-Capture-Botnet-44,Rbot,C:\Users\Montana\My Code\CSCI611_Montana_Pawek\GNN\packagedData\graphs\CTU-Malware-Capture-Botnet-44\CTU-Malware-Capture-Botnet-44__20110813_102000.pt,CTU-Malware-Capture-Botnet-44\CTU-Malware-Capture-Botnet-44__20110813_102000.pt,data/rbotFamily/CTU-Malware-Capture-Botnet-44/capture20110812.binetflow,2011-08-13T10:20:00,2011-08-13T10:25:00,668,656,24,11,4,0,4,664,train
CTU-Malware-Capture-Botnet-44,Rbot,C:\Users\Montana\My Code\CSCI611_Montana_Pawek\GNN\packagedData\graphs\CTU-Malware-Capture-Botnet-44\CTU-Malware-Capture-Botnet-44__20110813_102500.pt,CTU-Malware-Capture-Botnet-44\CTU-Malware-Capture-Botnet-44__20110813_102500.pt,data/rbotFamily/CTU-Malware-Capture-Botnet-44/capture20110812.binetflow,2011-08-13T10:25:00,2011-08-13T10:30:00,1419,2449,24,11,7,1,6,1412,train
CTU-Malware-Capture-Botnet-44,Rbot,C:\Users\Montana\My Code\CSCI611_Montana_Pawek\GNN\packagedData\graphs\CTU-Malware-Capture-Botnet-44\CTU-Malware-Capture-Botnet-44__20110813_103000.pt,CTU-Malware-Capture-Botnet-44\CTU-Malware-Capture-Botnet-44__20110813_103000.pt,data/rbotFamily/CTU-Malware-Capture-Botnet-44/capture20110812.binetflow,2011-08-13T10:30:00,2011-08-13T10:35:00,700,702,24,11,5,0,5,695,train
CTU-Malware-Capture-Botnet-44,Rbot,C:\Users\Montana\My Code\CSCI611_Montana_Pawek\GNN\packagedData\graphs\CTU-Malware-Capture-Botnet-44\CTU-Malware-Capture-Botnet-44__20110813_103500.pt,CTU-Malware-Capture-Botnet-44\CTU-Malware-Capture-Botnet-44__20110813_103500.pt,data/rbotFamily/CTU-Malware-Capture-Botnet-44/capture20110812.binetflow,2011-08-13T10:35:00,2011-08-13T10:40:00,625,630,24,11,6,1,5,619,train
CTU-Malware-Capture-Botnet-44,Rbot,C:\Users\Montana\My Code\CSCI611_Montana_Pawek\GNN\packagedData\graphs\CTU-Malware-Capture-Botnet-44\CTU-Malware-Capture-Botnet-44__20110813_104000.pt,CTU-Malware-Capture-Botnet-44\CTU-Malware-Capture-Botnet-44__20110813_104000.pt,data/rbotFamily/CTU-Malware-Capture-Botnet-44/capture20110812.binetflow,2011-08-13T10:40:00,2011-08-13T10:45:00,657,643,24,11,4,0,4,653,train
CTU-Malware-Capture-Botnet-44,Rbot,C:\Users\Montana\My Code\CSCI611_Montana_Pawek\GNN\packagedData\graphs\CTU-Malware-Capture-Botnet-44\CTU-Malware-Capture-Botnet-44__20110813_104500.pt,CTU-Malware-Capture-Botnet-44\CTU-Malware-Capture-Botnet-44__20110813_104500.pt,data/rbotFamily/CTU-Malware-Capture-Botnet-44/capture20110812.binetflow,2011-08-13T10:45:00,2011-08-13T10:50:00,1443,1660,24,11,7,1,6,1436,train
CTU-Malware-Capture-Botnet-44,Rbot,C:\Users\Montana\My Code\CSCI611_Montana_Pawek\GNN\packagedData\graphs\CTU-Malware-Capture-Botnet-44\CTU-Malware-Capture-Botnet-44__20110813_105000.pt,CTU-Malware-Capture-Botnet-44\CTU-Malware-Capture-Botnet-44__20110813_105000.pt,data/rbotFamily/CTU-Malware-Capture-Botnet-44/capture20110812.binetflow,2011-08-13T10:50:00,2011-08-13T10:55:00,719,712,24,11,5,0,5,714,train
CTU-Malware-Capture-Botnet-44,Rbot,C:\Users\Montana\My Code\CSCI611_Montana_Pawek\GNN\packagedData\graphs\CTU-Malware-Capture-Botnet-44\CTU-Malware-Capture-Botnet-44__20110813_105500.pt,CTU-Malware-Capture-Botnet-44\CTU-Malware-Capture-Botnet-44__20110813_105500.pt,data/rbotFamily/CTU-Malware-Capture-Botnet-44/capture20110812.binetflow,2011-08-13T10:55:00,2011-08-13T11:00:00,710,709,24,11,4,0,4,706,train
CTU-Malware-Capture-Botnet-44,Rbot,C:\Users\Montana\My Code\CSCI611_Montana_Pawek\GNN\packagedData\graphs\CTU-Malware-Capture-Botnet-44\CTU-Malware-Capture-Botnet-44__20110813_110000.pt,CTU-Malware-Capture-Botnet-44\CTU-Malware-Capture-Botnet-44__20110813_110000.pt,data/rbotFamily/CTU-Malware-Capture-Botnet-44/capture20110812.binetflow,2011-08-13T11:00:00,2011-08-13T11:05:00,755,748,24,11,7,2,5,748,train
CTU-Malware-Capture-Botnet-44,Rbot,C:\Users\Montana\My Code\CSCI611_Montana_Pawek\GNN\packagedData\graphs\CTU-Malware-Capture-Botnet-44\CTU-Malware-Capture-Botnet-44__20110813_110500.pt,CTU-Malware-Capture-Botnet-44\CTU-Malware-Capture-Botnet-44__20110813_110500.pt,data/rbotFamily/CTU-Malware-Capture-Botnet-44/capture20110812.binetflow,2011-08-13T11:05:00,2011-08-13T11:10:00,683,663,24,11,4,0,4,679,train
CTU-Malware-Capture-Botnet-44,Rbot,C:\Users\Montana\My Code\CSCI611_Montana_Pawek\GNN\packagedData\graphs\CTU-Malware-Capture-Botnet-44\CTU-Malware-Capture-Botnet-44__20110813_111000.pt,CTU-Malware-Capture-Botnet-44\CTU-Malware-Capture-Botnet-44__20110813_111000.pt,data/rbotFamily/CTU-Malware-Capture-Botnet-44/capture20110812.binetflow,2011-08-13T11:10:00,2011-08-13T11:15:00,666,633,24,11,4,0,4,662,train
CTU-Malware-Capture-Botnet-44,Rbot,C:\Users\Montana\My Code\CSCI611_Montana_Pawek\GNN\packagedData\graphs\CTU-Malware-Capture-Botnet-44\CTU-Malware-Capture-Botnet-44__20110813_111500.pt,CTU-Malware-Capture-Botnet-44\CTU-Malware-Capture-Botnet-44__20110813_111500.pt,data/rbotFamily/CTU-Malware-Capture-Botnet-44/capture20110812.binetflow,2011-08-13T11:15:00,2011-08-13T11:20:00,690,700,24,11,5,0,5,685,train
CTU-Malware-Capture-Botnet-44,Rbot,C:\Users\Montana\My Code\CSCI611_Montana_Pawek\GNN\packagedData\graphs\CTU-Malware-Capture-Botnet-44\CTU-Malware-Capture-Botnet-44__20110813_112000.pt,CTU-Malware-Capture-Botnet-44\CTU-Malware-Capture-Botnet-44__20110813_112000.pt,data/rbotFamily/CTU-Malware-Capture-Botnet-44/capture20110812.binetflow,2011-08-13T11:20:00,2011-08-13T11:25:00,684,691,24,11,4,0,4,680,train
CTU-Malware-Capture-Botnet-44,Rbot,C:\Users\Montana\My Code\CSCI611_Montana_Pawek\GNN\packagedData\graphs\CTU-Malware-Capture-Botnet-44\CTU-Malware-Capture-Botnet-44__20110813_112500.pt,CTU-Malware-Capture-Botnet-44\CTU-Malware-Capture-Botnet-44__20110813_112500.pt,data/rbotFamily/CTU-Malware-Capture-Botnet-44/capture20110812.binetflow,2011-08-13T11:25:00,2011-08-13T11:30:00,737,700,24,11,4,0,4,733,train
CTU-Malware-Capture-Botnet-44,Rbot,C:\Users\Montana\My Code\CSCI611_Montana_Pawek\GNN\packagedData\graphs\CTU-Malware-Capture-Botnet-44\CTU-Malware-Capture-Botnet-44__20110813_113000.pt,CTU-Malware-Capture-Botnet-44\CTU-Malware-Capture-Botnet-44__20110813_113000.pt,data/rbotFamily/CTU-Malware-Capture-Botnet-44/capture20110812.binetflow,2011-08-13T11:30:00,2011-08-13T11:35:00,684,670,24,11,4,0,4,680,train
CTU-Malware-Capture-Botnet-44,Rbot,C:\Users\Montana\My Code\CSCI611_Montana_Pawek\GNN\packagedData\graphs\CTU-Malware-Capture-Botnet-44\CTU-Malware-Capture-Botnet-44__20110813_113500.pt,CTU-Malware-Capture-Botnet-44\CTU-Malware-Capture-Botnet-44__20110813_113500.pt,data/rbotFamily/CTU-Malware-Capture-Botnet-44/capture20110812.binetflow,2011-08-13T11:35:00,2011-08-13T11:40:00,637,609,24,11,5,0,5,632,train
CTU-Malware-Capture-Botnet-44,Rbot,C:\Users\Montana\My Code\CSCI611_Montana_Pawek\GNN\packagedData\graphs\CTU-Malware-Capture-Botnet-44\CTU-Malware-Capture-Botnet-44__20110813_114000.pt,CTU-Malware-Capture-Botnet-44\CTU-Malware-Capture-Botnet-44__20110813_114000.pt,data/rbotFamily/CTU-Malware-Capture-Botnet-44/capture20110812.binetflow,2011-08-13T11:40:00,2011-08-13T11:45:00,708,715,24,11,5,0,5,703,train
CTU-Malware-Capture-Botnet-44,Rbot,C:\Users\Montana\My Code\CSCI611_Montana_Pawek\GNN\packagedData\graphs\CTU-Malware-Capture-Botnet-44\CTU-Malware-Capture-Botnet-44__20110813_114500.pt,CTU-Malware-Capture-Botnet-44\CTU-Malware-Capture-Botnet-44__20110813_114500.pt,data/rbotFamily/CTU-Malware-Capture-Botnet-44/capture20110812.binetflow,2011-08-13T11:45:00,2011-08-13T11:50:00,711,694,24,11,5,0,5,706,train
CTU-Malware-Capture-Botnet-44,Rbot,C:\Users\Montana\My Code\CSCI611_Montana_Pawek\GNN\packagedData\graphs\CTU-Malware-Capture-Botnet-44\CTU-Malware-Capture-Botnet-44__20110813_115000.pt,CTU-Malware-Capture-Botnet-44\CTU-Malware-Capture-Botnet-44__20110813_115000.pt,data/rbotFamily/CTU-Malware-Capture-Botnet-44/capture20110812.binetflow,2011-08-13T11:50:00,2011-08-13T11:55:00,656,665,24,11,5,0,5,651,train
CTU-Malware-Capture-Botnet-44,Rbot,C:\Users\Montana\My Code\CSCI611_Montana_Pawek\GNN\packagedData\graphs\CTU-Malware-Capture-Botnet-44\CTU-Malware-Capture-Botnet-44__20110813_115500.pt,CTU-Malware-Capture-Botnet-44\CTU-Malware-Capture-Botnet-44__20110813_115500.pt,data/rbotFamily/CTU-Malware-Capture-Botnet-44/capture20110812.binetflow,2011-08-13T11:55:00,2011-08-13T12:00:00,603,603,24,11,5,0,5,598,train
CTU-Malware-Capture-Botnet-44,Rbot,C:\Users\Montana\My Code\CSCI611_Montana_Pawek\GNN\packagedData\graphs\CTU-Malware-Capture-Botnet-44\CTU-Malware-Capture-Botnet-44__20110813_120000.pt,CTU-Malware-Capture-Botnet-44\CTU-Malware-Capture-Botnet-44__20110813_120000.pt,data/rbotFamily/CTU-Malware-Capture-Botnet-44/capture20110812.binetflow,2011-08-13T12:00:00,2011-08-13T12:05:00,751,754,24,11,4,0,4,747,train
CTU-Malware-Capture-Botnet-44,Rbot,C:\Users\Montana\My Code\CSCI611_Montana_Pawek\GNN\packagedData\graphs\CTU-Malware-Capture-Botnet-44\CTU-Malware-Capture-Botnet-44__20110813_120500.pt,CTU-Malware-Capture-Botnet-44\CTU-Malware-Capture-Botnet-44__20110813_120500.pt,data/rbotFamily/CTU-Malware-Capture-Botnet-44/capture20110812.binetflow,2011-08-13T12:05:00,2011-08-13T12:10:00,648,670,24,11,6,2,4,642,train
CTU-Malware-Capture-Botnet-44,Rbot,C:\Users\Montana\My Code\CSCI611_Montana_Pawek\GNN\packagedData\graphs\CTU-Malware-Capture-Botnet-44\CTU-Malware-Capture-Botnet-44__20110813_121000.pt,CTU-Malware-Capture-Botnet-44\CTU-Malware-Capture-Botnet-44__20110813_121000.pt,data/rbotFamily/CTU-Malware-Capture-Botnet-44/capture20110812.binetflow,2011-08-13T12:10:00,2011-08-13T12:15:00,678,654,24,11,5,0,5,673,train
CTU-Malware-Capture-Botnet-44,Rbot,C:\Users\Montana\My Code\CSCI611_Montana_Pawek\GNN\packagedData\graphs\CTU-Malware-Capture-Botnet-44\CTU-Malware-Capture-Botnet-44__20110813_121500.pt,CTU-Malware-Capture-Botnet-44\CTU-Malware-Capture-Botnet-44__20110813_121500.pt,data/rbotFamily/CTU-Malware-Capture-Botnet-44/capture20110812.binetflow,2011-08-13T12:15:00,2011-08-13T12:20:00,682,662,24,11,4,0,4,678,train
CTU-Malware-Capture-Botnet-44,Rbot,C:\Users\Montana\My Code\CSCI611_Montana_Pawek\GNN\packagedData\graphs\CTU-Malware-Capture-Botnet-44\CTU-Malware-Capture-Botnet-44__20110813_122000.pt,CTU-Malware-Capture-Botnet-44\CTU-Malware-Capture-Botnet-44__20110813_122000.pt,data/rbotFamily/CTU-Malware-Capture-Botnet-44/capture20110812.binetflow,2011-08-13T12:20:00,2011-08-13T12:25:00,646,635,24,11,5,0,5,641,train
CTU-Malware-Capture-Botnet-44,Rbot,C:\Users\Montana\My Code\CSCI611_Montana_Pawek\GNN\packagedData\graphs\CTU-Malware-Capture-Botnet-44\CTU-Malware-Capture-Botnet-44__20110813_122500.pt,CTU-Malware-Capture-Botnet-44\CTU-Malware-Capture-Botnet-44__20110813_122500.pt,data/rbotFamily/CTU-Malware-Capture-Botnet-44/capture20110812.binetflow,2011-08-13T12:25:00,2011-08-13T12:30:00,674,668,24,11,4,0,4,670,train
CTU-Malware-Capture-Botnet-44,Rbot,C:\Users\Montana\My Code\CSCI611_Montana_Pawek\GNN\packagedData\graphs\CTU-Malware-Capture-Botnet-44\CTU-Malware-Capture-Botnet-44__20110813_123000.pt,CTU-Malware-Capture-Botnet-44\CTU-Malware-Capture-Botnet-44__20110813_123000.pt,data/rbotFamily/CTU-Malware-Capture-Botnet-44/capture20110812.binetflow,2011-08-13T12:30:00,2011-08-13T12:35:00,693,686,24,11,4,0,4,689,train
CTU-Malware-Capture-Botnet-44,Rbot,C:\Users\Montana\My Code\CSCI611_Montana_Pawek\GNN\packagedData\graphs\CTU-Malware-Capture-Botnet-44\CTU-Malware-Capture-Botnet-44__20110813_123500.pt,CTU-Malware-Capture-Botnet-44\CTU-Malware-Capture-Botnet-44__20110813_123500.pt,data/rbotFamily/CTU-Malware-Capture-Botnet-44/capture20110812.binetflow,2011-08-13T12:35:00,2011-08-13T12:40:00,634,624,24,11,5,0,5,629,train
CTU-Malware-Capture-Botnet-44,Rbot,C:\Users\Montana\My Code\CSCI611_Montana_Pawek\GNN\packagedData\graphs\CTU-Malware-Capture-Botnet-44\CTU-Malware-Capture-Botnet-44__20110813_124000.pt,CTU-Malware-Capture-Botnet-44\CTU-Malware-Capture-Botnet-44__20110813_124000.pt,data/rbotFamily/CTU-Malware-Capture-Botnet-44/capture20110812.binetflow,2011-08-13T12:40:00,2011-08-13T12:45:00,673,660,24,11,4,0,4,669,train
CTU-Malware-Capture-Botnet-44,Rbot,C:\Users\Montana\My Code\CSCI611_Montana_Pawek\GNN\packagedData\graphs\CTU-Malware-Capture-Botnet-44\CTU-Malware-Capture-Botnet-44__20110813_124500.pt,CTU-Malware-Capture-Botnet-44\CTU-Malware-Capture-Botnet-44__20110813_124500.pt,data/rbotFamily/CTU-Malware-Capture-Botnet-44/capture20110812.binetflow,2011-08-13T12:45:00,2011-08-13T12:50:00,1368,1546,24,11,7,1,6,1361,train
CTU-Malware-Capture-Botnet-44,Rbot,C:\Users\Montana\My Code\CSCI611_Montana_Pawek\GNN\packagedData\graphs\CTU-Malware-Capture-Botnet-44\CTU-Malware-Capture-Botnet-44__20110813_125000.pt,CTU-Malware-Capture-Botnet-44\CTU-Malware-Capture-Botnet-44__20110813_125000.pt,data/rbotFamily/CTU-Malware-Capture-Botnet-44/capture20110812.binetflow,2011-08-13T12:50:00,2011-08-13T12:55:00,654,628,24,11,4,0,4,650,train
CTU-Malware-Capture-Botnet-44,Rbot,C:\Users\Montana\My Code\CSCI611_Montana_Pawek\GNN\packagedData\graphs\CTU-Malware-Capture-Botnet-44\CTU-Malware-Capture-Botnet-44__20110813_125500.pt,CTU-Malware-Capture-Botnet-44\CTU-Malware-Capture-Botnet-44__20110813_125500.pt,data/rbotFamily/CTU-Malware-Capture-Botnet-44/capture20110812.binetflow,2011-08-13T12:55:00,2011-08-13T13:00:00,630,623,24,11,5,0,5,625,train
CTU-Malware-Capture-Botnet-44,Rbot,C:\Users\Montana\My Code\CSCI611_Montana_Pawek\GNN\packagedData\graphs\CTU-Malware-Capture-Botnet-44\CTU-Malware-Capture-Botnet-44__20110813_130000.pt,CTU-Malware-Capture-Botnet-44\CTU-Malware-Capture-Botnet-44__20110813_130000.pt,data/rbotFamily/CTU-Malware-Capture-Botnet-44/capture20110812.binetflow,2011-08-13T13:00:00,2011-08-13T13:05:00,720,722,24,11,5,0,5,715,train
CTU-Malware-Capture-Botnet-44,Rbot,C:\Users\Montana\My Code\CSCI611_Montana_Pawek\GNN\packagedData\graphs\CTU-Malware-Capture-Botnet-44\CTU-Malware-Capture-Botnet-44__20110813_130500.pt,CTU-Malware-Capture-Botnet-44\CTU-Malware-Capture-Botnet-44__20110813_130500.pt,data/rbotFamily/CTU-Malware-Capture-Botnet-44/capture20110812.binetflow,2011-08-13T13:05:00,2011-08-13T13:10:00,721,705,24,11,6,2,4,715,train
CTU-Malware-Capture-Botnet-44,Rbot,C:\Users\Montana\My Code\CSCI611_Montana_Pawek\GNN\packagedData\graphs\CTU-Malware-Capture-Botnet-44\CTU-Malware-Capture-Botnet-44__20110813_131000.pt,CTU-Malware-Capture-Botnet-44\CTU-Malware-Capture-Botnet-44__20110813_131000.pt,data/rbotFamily/CTU-Malware-Capture-Botnet-44/capture20110812.binetflow,2011-08-13T13:10:00,2011-08-13T13:15:00,716,700,24,11,5,0,5,711,train
CTU-Malware-Capture-Botnet-44,Rbot,C:\Users\Montana\My Code\CSCI611_Montana_Pawek\GNN\packagedData\graphs\CTU-Malware-Capture-Botnet-44\CTU-Malware-Capture-Botnet-44__20110813_131500.pt,CTU-Malware-Capture-Botnet-44\CTU-Malware-Capture-Botnet-44__20110813_131500.pt,data/rbotFamily/CTU-Malware-Capture-Botnet-44/capture20110812.binetflow,2011-08-13T13:15:00,2011-08-13T13:20:00,722,709,24,11,5,0,5,717,train
CTU-Malware-Capture-Botnet-44,Rbot,C:\Users\Montana\My Code\CSCI611_Montana_Pawek\GNN\packagedData\graphs\CTU-Malware-Capture-Botnet-44\CTU-Malware-Capture-Botnet-44__20110813_132000.pt,CTU-Malware-Capture-Botnet-44\CTU-Malware-Capture-Botnet-44__20110813_132000.pt,data/rbotFamily/CTU-Malware-Capture-Botnet-44/capture20110812.binetflow,2011-08-13T13:20:00,2011-08-13T13:25:00,677,655,24,11,4,0,4,673,train
CTU-Malware-Capture-Botnet-44,Rbot,C:\Users\Montana\My Code\CSCI611_Montana_Pawek\GNN\packagedData\graphs\CTU-Malware-Capture-Botnet-44\CTU-Malware-Capture-Botnet-44__20110813_132500.pt,CTU-Malware-Capture-Botnet-44\CTU-Malware-Capture-Botnet-44__20110813_132500.pt,data/rbotFamily/CTU-Malware-Capture-Botnet-44/capture20110812.binetflow,2011-08-13T13:25:00,2011-08-13T13:30:00,724,723,24,11,4,0,4,720,train
CTU-Malware-Capture-Botnet-44,Rbot,C:\Users\Montana\My Code\CSCI611_Montana_Pawek\GNN\packagedData\graphs\CTU-Malware-Capture-Botnet-44\CTU-Malware-Capture-Botnet-44__20110813_133000.pt,CTU-Malware-Capture-Botnet-44\CTU-Malware-Capture-Botnet-44__20110813_133000.pt,data/rbotFamily/CTU-Malware-Capture-Botnet-44/capture20110812.binetflow,2011-08-13T13:30:00,2011-08-13T13:35:00,685,681,24,11,5,0,5,680,train
CTU-Malware-Capture-Botnet-44,Rbot,C:\Users\Montana\My Code\CSCI611_Montana_Pawek\GNN\packagedData\graphs\CTU-Malware-Capture-Botnet-44\CTU-Malware-Capture-Botnet-44__20110813_133500.pt,CTU-Malware-Capture-Botnet-44\CTU-Malware-Capture-Botnet-44__20110813_133500.pt,data/rbotFamily/CTU-Malware-Capture-Botnet-44/capture20110812.binetflow,2011-08-13T13:35:00,2011-08-13T13:40:00,734,689,24,11,5,0,5,729,train
CTU-Malware-Capture-Botnet-44,Rbot,C:\Users\Montana\My Code\CSCI611_Montana_Pawek\GNN\packagedData\graphs\CTU-Malware-Capture-Botnet-44\CTU-Malware-Capture-Botnet-44__20110813_134000.pt,CTU-Malware-Capture-Botnet-44\CTU-Malware-Capture-Botnet-44__20110813_134000.pt,data/rbotFamily/CTU-Malware-Capture-Botnet-44/capture20110812.binetflow,2011-08-13T13:40:00,2011-08-13T13:45:00,713,720,24,11,5,1,4,708,train
CTU-Malware-Capture-Botnet-44,Rbot,C:\Users\Montana\My Code\CSCI611_Montana_Pawek\GNN\packagedData\graphs\CTU-Malware-Capture-Botnet-44\CTU-Malware-Capture-Botnet-44__20110813_134500.pt,CTU-Malware-Capture-Botnet-44\CTU-Malware-Capture-Botnet-44__20110813_134500.pt,data/rbotFamily/CTU-Malware-Capture-Botnet-44/capture20110812.binetflow,2011-08-13T13:45:00,2011-08-13T13:50:00,676,714,24,11,5,1,4,671,train
CTU-Malware-Capture-Botnet-44,Rbot,C:\Users\Montana\My Code\CSCI611_Montana_Pawek\GNN\packagedData\graphs\CTU-Malware-Capture-Botnet-44\CTU-Malware-Capture-Botnet-44__20110813_135000.pt,CTU-Malware-Capture-Botnet-44\CTU-Malware-Capture-Botnet-44__20110813_135000.pt,data/rbotFamily/CTU-Malware-Capture-Botnet-44/capture20110812.binetflow,2011-08-13T13:50:00,2011-08-13T13:55:00,703,699,24,11,6,1,5,697,train
CTU-Malware-Capture-Botnet-44,Rbot,C:\Users\Montana\My Code\CSCI611_Montana_Pawek\GNN\packagedData\graphs\CTU-Malware-Capture-Botnet-44\CTU-Malware-Capture-Botnet-44__20110813_135500.pt,CTU-Malware-Capture-Botnet-44\CTU-Malware-Capture-Botnet-44__20110813_135500.pt,data/rbotFamily/CTU-Malware-Capture-Botnet-44/capture20110812.binetflow,2011-08-13T13:55:00,2011-08-13T14:00:00,765,792,24,11,5,0,5,760,train
CTU-Malware-Capture-Botnet-44,Rbot,C:\Users\Montana\My Code\CSCI611_Montana_Pawek\GNN\packagedData\graphs\CTU-Malware-Capture-Botnet-44\CTU-Malware-Capture-Botnet-44__20110813_140000.pt,CTU-Malware-Capture-Botnet-44\CTU-Malware-Capture-Botnet-44__20110813_140000.pt,data/rbotFamily/CTU-Malware-Capture-Botnet-44/capture20110812.binetflow,2011-08-13T14:00:00,2011-08-13T14:05:00,764,774,24,11,6,0,6,758,train
CTU-Malware-Capture-Botnet-44,Rbot,C:\Users\Montana\My Code\CSCI611_Montana_Pawek\GNN\packagedData\graphs\CTU-Malware-Capture-Botnet-44\CTU-Malware-Capture-Botnet-44__20110813_140500.pt,CTU-Malware-Capture-Botnet-44\CTU-Malware-Capture-Botnet-44__20110813_140500.pt,data/rbotFamily/CTU-Malware-Capture-Botnet-44/capture20110812.binetflow,2011-08-13T14:05:00,2011-08-13T14:10:00,696,696,24,11,7,2,5,689,train
CTU-Malware-Capture-Botnet-44,Rbot,C:\Users\Montana\My Code\CSCI611_Montana_Pawek\GNN\packagedData\graphs\CTU-Malware-Capture-Botnet-44\CTU-Malware-Capture-Botnet-44__20110813_141000.pt,CTU-Malware-Capture-Botnet-44\CTU-Malware-Capture-Botnet-44__20110813_141000.pt,data/rbotFamily/CTU-Malware-Capture-Botnet-44/capture20110812.binetflow,2011-08-13T14:10:00,2011-08-13T14:15:00,690,703,24,11,5,0,5,685,train
CTU-Malware-Capture-Botnet-44,Rbot,C:\Users\Montana\My Code\CSCI611_Montana_Pawek\GNN\packagedData\graphs\CTU-Malware-Capture-Botnet-44\CTU-Malware-Capture-Botnet-44__20110813_141500.pt,CTU-Malware-Capture-Botnet-44\CTU-Malware-Capture-Botnet-44__20110813_141500.pt,data/rbotFamily/CTU-Malware-Capture-Botnet-44/capture20110812.binetflow,2011-08-13T14:15:00,2011-08-13T14:20:00,761,778,24,11,5,0,5,756,train
CTU-Malware-Capture-Botnet-44,Rbot,C:\Users\Montana\My Code\CSCI611_Montana_Pawek\GNN\packagedData\graphs\CTU-Malware-Capture-Botnet-44\CTU-Malware-Capture-Botnet-44__20110813_142000.pt,CTU-Malware-Capture-Botnet-44\CTU-Malware-Capture-Botnet-44__20110813_142000.pt,data/rbotFamily/CTU-Malware-Capture-Botnet-44/capture20110812.binetflow,2011-08-13T14:20:00,2011-08-13T14:25:00,704,707,24,11,4,0,4,700,train
CTU-Malware-Capture-Botnet-44,Rbot,C:\Users\Montana\My Code\CSCI611_Montana_Pawek\GNN\packagedData\graphs\CTU-Malware-Capture-Botnet-44\CTU-Malware-Capture-Botnet-44__20110813_142500.pt,CTU-Malware-Capture-Botnet-44\CTU-Malware-Capture-Botnet-44__20110813_142500.pt,data/rbotFamily/CTU-Malware-Capture-Botnet-44/capture20110812.binetflow,2011-08-13T14:25:00,2011-08-13T14:30:00,741,761,24,11,4,0,4,737,train
CTU-Malware-Capture-Botnet-44,Rbot,C:\Users\Montana\My Code\CSCI611_Montana_Pawek\GNN\packagedData\graphs\CTU-Malware-Capture-Botnet-44\CTU-Malware-Capture-Botnet-44__20110813_143000.pt,CTU-Malware-Capture-Botnet-44\CTU-Malware-Capture-Botnet-44__20110813_143000.pt,data/rbotFamily/CTU-Malware-Capture-Botnet-44/capture20110812.binetflow,2011-08-13T14:30:00,2011-08-13T14:35:00,734,754,24,11,5,0,5,729,train
CTU-Malware-Capture-Botnet-44,Rbot,C:\Users\Montana\My Code\CSCI611_Montana_Pawek\GNN\packagedData\graphs\CTU-Malware-Capture-Botnet-44\CTU-Malware-Capture-Botnet-44__20110813_143500.pt,CTU-Malware-Capture-Botnet-44\CTU-Malware-Capture-Botnet-44__20110813_143500.pt,data/rbotFamily/CTU-Malware-Capture-Botnet-44/capture20110812.binetflow,2011-08-13T14:35:00,2011-08-13T14:40:00,742,732,24,11,5,0,5,737,train
CTU-Malware-Capture-Botnet-44,Rbot,C:\Users\Montana\My Code\CSCI611_Montana_Pawek\GNN\packagedData\graphs\CTU-Malware-Capture-Botnet-44\CTU-Malware-Capture-Botnet-44__20110813_144000.pt,CTU-Malware-Capture-Botnet-44\CTU-Malware-Capture-Botnet-44__20110813_144000.pt,data/rbotFamily/CTU-Malware-Capture-Botnet-44/capture20110812.binetflow,2011-08-13T14:40:00,2011-08-13T14:45:00,787,819,24,11,6,0,6,781,train
CTU-Malware-Capture-Botnet-44,Rbot,C:\Users\Montana\My Code\CSCI611_Montana_Pawek\GNN\packagedData\graphs\CTU-Malware-Capture-Botnet-44\CTU-Malware-Capture-Botnet-44__20110813_144500.pt,CTU-Malware-Capture-Botnet-44\CTU-Malware-Capture-Botnet-44__20110813_144500.pt,data/rbotFamily/CTU-Malware-Capture-Botnet-44/capture20110812.binetflow,2011-08-13T14:45:00,2011-08-13T14:50:00,768,814,24,11,5,0,5,763,train
CTU-Malware-Capture-Botnet-44,Rbot,C:\Users\Montana\My Code\CSCI611_Montana_Pawek\GNN\packagedData\graphs\CTU-Malware-Capture-Botnet-44\CTU-Malware-Capture-Botnet-44__20110813_145000.pt,CTU-Malware-Capture-Botnet-44\CTU-Malware-Capture-Botnet-44__20110813_145000.pt,data/rbotFamily/CTU-Malware-Capture-Botnet-44/capture20110812.binetflow,2011-08-13T14:50:00,2011-08-13T14:55:00,947,1132,24,11,4,0,4,943,train
CTU-Malware-Capture-Botnet-44,Rbot,C:\Users\Montana\My Code\CSCI611_Montana_Pawek\GNN\packagedData\graphs\CTU-Malware-Capture-Botnet-44\CTU-Malware-Capture-Botnet-44__20110813_145500.pt,CTU-Malware-Capture-Botnet-44\CTU-Malware-Capture-Botnet-44__20110813_145500.pt,data/rbotFamily/CTU-Malware-Capture-Botnet-44/capture20110812.binetflow,2011-08-13T14:55:00,2011-08-13T15:00:00,711,711,24,11,4,0,4,707,train
CTU-Malware-Capture-Botnet-44,Rbot,C:\Users\Montana\My Code\CSCI611_Montana_Pawek\GNN\packagedData\graphs\CTU-Malware-Capture-Botnet-44\CTU-Malware-Capture-Botnet-44__20110813_150000.pt,CTU-Malware-Capture-Botnet-44\CTU-Malware-Capture-Botnet-44__20110813_150000.pt,data/rbotFamily/CTU-Malware-Capture-Botnet-44/capture20110812.binetflow,2011-08-13T15:00:00,2011-08-13T15:05:00,734,748,24,11,5,1,4,729,train
CTU-Malware-Capture-Botnet-44,Rbot,C:\Users\Montana\My Code\CSCI611_Montana_Pawek\GNN\packagedData\graphs\CTU-Malware-Capture-Botnet-44\CTU-Malware-Capture-Botnet-44__20110813_150500.pt,CTU-Malware-Capture-Botnet-44\CTU-Malware-Capture-Botnet-44__20110813_150500.pt,data/rbotFamily/CTU-Malware-Capture-Botnet-44/capture20110812.binetflow,2011-08-13T15:05:00,2011-08-13T15:10:00,726,729,24,11,4,0,4,722,train
CTU-Malware-Capture-Botnet-44,Rbot,C:\Users\Montana\My Code\CSCI611_Montana_Pawek\GNN\packagedData\graphs\CTU-Malware-Capture-Botnet-44\CTU-Malware-Capture-Botnet-44__20110813_151000.pt,CTU-Malware-Capture-Botnet-44\CTU-Malware-Capture-Botnet-44__20110813_151000.pt,data/rbotFamily/CTU-Malware-Capture-Botnet-44/capture20110812.binetflow,2011-08-13T15:10:00,2011-08-13T15:15:00,896,893,24,11,6,2,4,890,train
CTU-Malware-Capture-Botnet-44,Rbot,C:\Users\Montana\My Code\CSCI611_Montana_Pawek\GNN\packagedData\graphs\CTU-Malware-Capture-Botnet-44\CTU-Malware-Capture-Botnet-44__20110813_151500.pt,CTU-Malware-Capture-Botnet-44\CTU-Malware-Capture-Botnet-44__20110813_151500.pt,data/rbotFamily/CTU-Malware-Capture-Botnet-44/capture20110812.binetflow,2011-08-13T15:15:00,2011-08-13T15:20:00,745,767,24,11,5,0,5,740,train
CTU-Malware-Capture-Botnet-44,Rbot,C:\Users\Montana\My Code\CSCI611_Montana_Pawek\GNN\packagedData\graphs\CTU-Malware-Capture-Botnet-44\CTU-Malware-Capture-Botnet-44__20110813_152000.pt,CTU-Malware-Capture-Botnet-44\CTU-Malware-Capture-Botnet-44__20110813_152000.pt,data/rbotFamily/CTU-Malware-Capture-Botnet-44/capture20110812.binetflow,2011-08-13T15:20:00,2011-08-13T15:25:00,726,732,24,11,4,0,4,722,train
CTU-Malware-Capture-Botnet-44,Rbot,C:\Users\Montana\My Code\CSCI611_Montana_Pawek\GNN\packagedData\graphs\CTU-Malware-Capture-Botnet-44\CTU-Malware-Capture-Botnet-44__20110813_152500.pt,CTU-Malware-Capture-Botnet-44\CTU-Malware-Capture-Botnet-44__20110813_152500.pt,data/rbotFamily/CTU-Malware-Capture-Botnet-44/capture20110812.binetflow,2011-08-13T15:25:00,2011-08-13T15:30:00,766,766,24,11,5,0,5,761,train
CTU-Malware-Capture-Botnet-44,Rbot,C:\Users\Montana\My Code\CSCI611_Montana_Pawek\GNN\packagedData\graphs\CTU-Malware-Capture-Botnet-44\CTU-Malware-Capture-Botnet-44__20110813_153000.pt,CTU-Malware-Capture-Botnet-44\CTU-Malware-Capture-Botnet-44__20110813_153000.pt,data/rbotFamily/CTU-Malware-Capture-Botnet-44/capture20110812.binetflow,2011-08-13T15:30:00,2011-08-13T15:35:00,1461,1886,24,11,7,1,6,1454,train
CTU-Malware-Capture-Botnet-44,Rbot,C:\Users\Montana\My Code\CSCI611_Montana_Pawek\GNN\packagedData\graphs\CTU-Malware-Capture-Botnet-44\CTU-Malware-Capture-Botnet-44__20110813_153500.pt,CTU-Malware-Capture-Botnet-44\CTU-Malware-Capture-Botnet-44__20110813_153500.pt,data/rbotFamily/CTU-Malware-Capture-Botnet-44/capture20110812.binetflow,2011-08-13T15:35:00,2011-08-13T15:40:00,696,676,24,11,5,0,5,691,train
CTU-Malware-Capture-Botnet-44,Rbot,C:\Users\Montana\My Code\CSCI611_Montana_Pawek\GNN\packagedData\graphs\CTU-Malware-Capture-Botnet-44\CTU-Malware-Capture-Botnet-44__20110813_154000.pt,CTU-Malware-Capture-Botnet-44\CTU-Malware-Capture-Botnet-44__20110813_154000.pt,data/rbotFamily/CTU-Malware-Capture-Botnet-44/capture20110812.binetflow,2011-08-13T15:40:00,2011-08-13T15:45:00,705,693,24,11,4,0,4,701,train
CTU-Malware-Capture-Botnet-44,Rbot,C:\Users\Montana\My Code\CSCI611_Montana_Pawek\GNN\packagedData\graphs\CTU-Malware-Capture-Botnet-44\CTU-Malware-Capture-Botnet-44__20110813_154500.pt,CTU-Malware-Capture-Botnet-44\CTU-Malware-Capture-Botnet-44__20110813_154500.pt,data/rbotFamily/CTU-Malware-Capture-Botnet-44/capture20110812.binetflow,2011-08-13T15:45:00,2011-08-13T15:50:00,894,910,24,11,5,0,5,889,train
CTU-Malware-Capture-Botnet-44,Rbot,C:\Users\Montana\My Code\CSCI611_Montana_Pawek\GNN\packagedData\graphs\CTU-Malware-Capture-Botnet-44\CTU-Malware-Capture-Botnet-44__20110813_155000.pt,CTU-Malware-Capture-Botnet-44\CTU-Malware-Capture-Botnet-44__20110813_155000.pt,data/rbotFamily/CTU-Malware-Capture-Botnet-44/capture20110812.binetflow,2011-08-13T15:50:00,2011-08-13T15:55:00,688,692,24,11,4,0,4,684,train
CTU-Malware-Capture-Botnet-44,Rbot,C:\Users\Montana\My Code\CSCI611_Montana_Pawek\GNN\packagedData\graphs\CTU-Malware-Capture-Botnet-44\CTU-Malware-Capture-Botnet-44__20110813_155500.pt,CTU-Malware-Capture-Botnet-44\CTU-Malware-Capture-Botnet-44__20110813_155500.pt,data/rbotFamily/CTU-Malware-Capture-Botnet-44/capture20110812.binetflow,2011-08-13T15:55:00,2011-08-13T16:00:00,709,686,24,11,5,0,5,704,train
CTU-Malware-Capture-Botnet-44,Rbot,C:\Users\Montana\My Code\CSCI611_Montana_Pawek\GNN\packagedData\graphs\CTU-Malware-Capture-Botnet-44\CTU-Malware-Capture-Botnet-44__20110813_160000.pt,CTU-Malware-Capture-Botnet-44\CTU-Malware-Capture-Botnet-44__20110813_160000.pt,data/rbotFamily/CTU-Malware-Capture-Botnet-44/capture20110812.binetflow,2011-08-13T16:00:00,2011-08-13T16:05:00,730,732,24,11,5,0,5,725,train
CTU-Malware-Capture-Botnet-44,Rbot,C:\Users\Montana\My Code\CSCI611_Montana_Pawek\GNN\packagedData\graphs\CTU-Malware-Capture-Botnet-44\CTU-Malware-Capture-Botnet-44__20110813_160500.pt,CTU-Malware-Capture-Botnet-44\CTU-Malware-Capture-Botnet-44__20110813_160500.pt,data/rbotFamily/CTU-Malware-Capture-Botnet-44/capture20110812.binetflow,2011-08-13T16:05:00,2011-08-13T16:10:00,762,736,24,11,5,0,5,757,train
CTU-Malware-Capture-Botnet-44,Rbot,C:\Users\Montana\My Code\CSCI611_Montana_Pawek\GNN\packagedData\graphs\CTU-Malware-Capture-Botnet-44\CTU-Malware-Capture-Botnet-44__20110813_161000.pt,CTU-Malware-Capture-Botnet-44\CTU-Malware-Capture-Botnet-44__20110813_161000.pt,data/rbotFamily/CTU-Malware-Capture-Botnet-44/capture20110812.binetflow,2011-08-13T16:10:00,2011-08-13T16:15:00,664,679,24,11,6,2,4,658,train
CTU-Malware-Capture-Botnet-44,Rbot,C:\Users\Montana\My Code\CSCI611_Montana_Pawek\GNN\packagedData\graphs\CTU-Malware-Capture-Botnet-44\CTU-Malware-Capture-Botnet-44__20110813_161500.pt,CTU-Malware-Capture-Botnet-44\CTU-Malware-Capture-Botnet-44__20110813_161500.pt,data/rbotFamily/CTU-Malware-Capture-Botnet-44/capture20110812.binetflow,2011-08-13T16:15:00,2011-08-13T16:20:00,683,675,24,11,7,1,6,676,train
CTU-Malware-Capture-Botnet-44,Rbot,C:\Users\Montana\My Code\CSCI611_Montana_Pawek\GNN\packagedData\graphs\CTU-Malware-Capture-Botnet-44\CTU-Malware-Capture-Botnet-44__20110813_162000.pt,CTU-Malware-Capture-Botnet-44\CTU-Malware-Capture-Botnet-44__20110813_162000.pt,data/rbotFamily/CTU-Malware-Capture-Botnet-44/capture20110812.binetflow,2011-08-13T16:20:00,2011-08-13T16:25:00,674,672,24,11,5,0,5,669,train
CTU-Malware-Capture-Botnet-44,Rbot,C:\Users\Montana\My Code\CSCI611_Montana_Pawek\GNN\packagedData\graphs\CTU-Malware-Capture-Botnet-44\CTU-Malware-Capture-Botnet-44__20110813_162500.pt,CTU-Malware-Capture-Botnet-44\CTU-Malware-Capture-Botnet-44__20110813_162500.pt,data/rbotFamily/CTU-Malware-Capture-Botnet-44/capture20110812.binetflow,2011-08-13T16:25:00,2011-08-13T16:30:00,779,777,24,11,4,0,4,775,train
CTU-Malware-Capture-Botnet-44,Rbot,C:\Users\Montana\My Code\CSCI611_Montana_Pawek\GNN\packagedData\graphs\CTU-Malware-Capture-Botnet-44\CTU-Malware-Capture-Botnet-44__20110813_163000.pt,CTU-Malware-Capture-Botnet-44\CTU-Malware-Capture-Botnet-44__20110813_163000.pt,data/rbotFamily/CTU-Malware-Capture-Botnet-44/capture20110812.binetflow,2011-08-13T16:30:00,2011-08-13T16:35:00,770,765,24,11,4,0,4,766,train
CTU-Malware-Capture-Botnet-44,Rbot,C:\Users\Montana\My Code\CSCI611_Montana_Pawek\GNN\packagedData\graphs\CTU-Malware-Capture-Botnet-44\CTU-Malware-Capture-Botnet-44__20110813_163500.pt,CTU-Malware-Capture-Botnet-44\CTU-Malware-Capture-Botnet-44__20110813_163500.pt,data/rbotFamily/CTU-Malware-Capture-Botnet-44/capture20110812.binetflow,2011-08-13T16:35:00,2011-08-13T16:40:00,741,769,24,11,5,0,5,736,train
CTU-Malware-Capture-Botnet-44,Rbot,C:\Users\Montana\My Code\CSCI611_Montana_Pawek\GNN\packagedData\graphs\CTU-Malware-Capture-Botnet-44\CTU-Malware-Capture-Botnet-44__20110813_164000.pt,CTU-Malware-Capture-Botnet-44\CTU-Malware-Capture-Botnet-44__20110813_164000.pt,data/rbotFamily/CTU-Malware-Capture-Botnet-44/capture20110812.binetflow,2011-08-13T16:40:00,2011-08-13T16:45:00,759,755,24,11,4,0,4,755,train
CTU-Malware-Capture-Botnet-44,Rbot,C:\Users\Montana\My Code\CSCI611_Montana_Pawek\GNN\packagedData\graphs\CTU-Malware-Capture-Botnet-44\CTU-Malware-Capture-Botnet-44__20110813_164500.pt,CTU-Malware-Capture-Botnet-44\CTU-Malware-Capture-Botnet-44__20110813_164500.pt,data/rbotFamily/CTU-Malware-Capture-Botnet-44/capture20110812.binetflow,2011-08-13T16:45:00,2011-08-13T16:50:00,897,961,24,11,5,0,5,892,train
CTU-Malware-Capture-Botnet-44,Rbot,C:\Users\Montana\My Code\CSCI611_Montana_Pawek\GNN\packagedData\graphs\CTU-Malware-Capture-Botnet-44\CTU-Malware-Capture-Botnet-44__20110813_165000.pt,CTU-Malware-Capture-Botnet-44\CTU-Malware-Capture-Botnet-44__20110813_165000.pt,data/rbotFamily/CTU-Malware-Capture-Botnet-44/capture20110812.binetflow,2011-08-13T16:50:00,2011-08-13T16:55:00,841,887,24,11,6,0,6,835,train
CTU-Malware-Capture-Botnet-44,Rbot,C:\Users\Montana\My Code\CSCI611_Montana_Pawek\GNN\packagedData\graphs\CTU-Malware-Capture-Botnet-44\CTU-Malware-Capture-Botnet-44__20110813_165500.pt,CTU-Malware-Capture-Botnet-44\CTU-Malware-Capture-Botnet-44__20110813_165500.pt,data/rbotFamily/CTU-Malware-Capture-Botnet-44/capture20110812.binetflow,2011-08-13T16:55:00,2011-08-13T17:00:00,804,862,24,11,5,0,5,799,train
CTU-Malware-Capture-Botnet-44,Rbot,C:\Users\Montana\My Code\CSCI611_Montana_Pawek\GNN\packagedData\graphs\CTU-Malware-Capture-Botnet-44\CTU-Malware-Capture-Botnet-44__20110813_170000.pt,CTU-Malware-Capture-Botnet-44\CTU-Malware-Capture-Botnet-44__20110813_170000.pt,data/rbotFamily/CTU-Malware-Capture-Botnet-44/capture20110812.binetflow,2011-08-13T17:00:00,2011-08-13T17:05:00,858,909,24,11,6,0,6,852,train
CTU-Malware-Capture-Botnet-44,Rbot,C:\Users\Montana\My Code\CSCI611_Montana_Pawek\GNN\packagedData\graphs\CTU-Malware-Capture-Botnet-44\CTU-Malware-Capture-Botnet-44__20110813_170500.pt,CTU-Malware-Capture-Botnet-44\CTU-Malware-Capture-Botnet-44__20110813_170500.pt,data/rbotFamily/CTU-Malware-Capture-Botnet-44/capture20110812.binetflow,2011-08-13T17:05:00,2011-08-13T17:10:00,903,981,24,11,6,1,5,897,train
CTU-Malware-Capture-Botnet-44,Rbot,C:\Users\Montana\My Code\CSCI611_Montana_Pawek\GNN\packagedData\graphs\CTU-Malware-Capture-Botnet-44\CTU-Malware-Capture-Botnet-44__20110813_171000.pt,CTU-Malware-Capture-Botnet-44\CTU-Malware-Capture-Botnet-44__20110813_171000.pt,data/rbotFamily/CTU-Malware-Capture-Botnet-44/capture20110812.binetflow,2011-08-13T17:10:00,2011-08-13T17:15:00,806,873,24,11,5,1,4,801,train
CTU-Malware-Capture-Botnet-44,Rbot,C:\Users\Montana\My Code\CSCI611_Montana_Pawek\GNN\packagedData\graphs\CTU-Malware-Capture-Botnet-44\CTU-Malware-Capture-Botnet-44__20110813_171500.pt,CTU-Malware-Capture-Botnet-44\CTU-Malware-Capture-Botnet-44__20110813_171500.pt,data/rbotFamily/CTU-Malware-Capture-Botnet-44/capture20110812.binetflow,2011-08-13T17:15:00,2011-08-13T17:20:00,1002,1092,24,11,7,2,5,995,train
CTU-Malware-Capture-Botnet-44,Rbot,C:\Users\Montana\My Code\CSCI611_Montana_Pawek\GNN\packagedData\graphs\CTU-Malware-Capture-Botnet-44\CTU-Malware-Capture-Botnet-44__20110813_172000.pt,CTU-Malware-Capture-Botnet-44\CTU-Malware-Capture-Botnet-44__20110813_172000.pt,data/rbotFamily/CTU-Malware-Capture-Botnet-44/capture20110812.binetflow,2011-08-13T17:20:00,2011-08-13T17:25:00,925,1040,24,11,5,0,5,920,train
CTU-Malware-Capture-Botnet-44,Rbot,C:\Users\Montana\My Code\CSCI611_Montana_Pawek\GNN\packagedData\graphs\CTU-Malware-Capture-Botnet-44\CTU-Malware-Capture-Botnet-44__20110813_172500.pt,CTU-Malware-Capture-Botnet-44\CTU-Malware-Capture-Botnet-44__20110813_172500.pt,data/rbotFamily/CTU-Malware-Capture-Botnet-44/capture20110812.binetflow,2011-08-13T17:25:00,2011-08-13T17:30:00,801,844,24,11,5,0,5,796,train
CTU-Malware-Capture-Botnet-44,Rbot,C:\Users\Montana\My Code\CSCI611_Montana_Pawek\GNN\packagedData\graphs\CTU-Malware-Capture-Botnet-44\CTU-Malware-Capture-Botnet-44__20110813_173000.pt,CTU-Malware-Capture-Botnet-44\CTU-Malware-Capture-Botnet-44__20110813_173000.pt,data/rbotFamily/CTU-Malware-Capture-Botnet-44/capture20110812.binetflow,2011-08-13T17:30:00,2011-08-13T17:35:00,824,864,24,11,5,0,5,819,train
CTU-Malware-Capture-Botnet-44,Rbot,C:\Users\Montana\My Code\CSCI611_Montana_Pawek\GNN\packagedData\graphs\CTU-Malware-Capture-Botnet-44\CTU-Malware-Capture-Botnet-44__20110813_173500.pt,CTU-Malware-Capture-Botnet-44\CTU-Malware-Capture-Botnet-44__20110813_173500.pt,data/rbotFamily/CTU-Malware-Capture-Botnet-44/capture20110812.binetflow,2011-08-13T17:35:00,2011-08-13T17:40:00,816,852,24,11,5,0,5,811,train
CTU-Malware-Capture-Botnet-44,Rbot,C:\Users\Montana\My Code\CSCI611_Montana_Pawek\GNN\packagedData\graphs\CTU-Malware-Capture-Botnet-44\CTU-Malware-Capture-Botnet-44__20110813_174000.pt,CTU-Malware-Capture-Botnet-44\CTU-Malware-Capture-Botnet-44__20110813_174000.pt,data/rbotFamily/CTU-Malware-Capture-Botnet-44/capture20110812.binetflow,2011-08-13T17:40:00,2011-08-13T17:45:00,766,781,24,11,5,0,5,761,train
CTU-Malware-Capture-Botnet-44,Rbot,C:\Users\Montana\My Code\CSCI611_Montana_Pawek\GNN\packagedData\graphs\CTU-Malware-Capture-Botnet-44\CTU-Malware-Capture-Botnet-44__20110813_174500.pt,CTU-Malware-Capture-Botnet-44\CTU-Malware-Capture-Botnet-44__20110813_174500.pt,data/rbotFamily/CTU-Malware-Capture-Botnet-44/capture20110812.binetflow,2011-08-13T17:45:00,2011-08-13T17:50:00,775,792,24,11,5,0,5,770,train
CTU-Malware-Capture-Botnet-44,Rbot,C:\Users\Montana\My Code\CSCI611_Montana_Pawek\GNN\packagedData\graphs\CTU-Malware-Capture-Botnet-44\CTU-Malware-Capture-Botnet-44__20110813_175000.pt,CTU-Malware-Capture-Botnet-44\CTU-Malware-Capture-Botnet-44__20110813_175000.pt,data/rbotFamily/CTU-Malware-Capture-Botnet-44/capture20110812.binetflow,2011-08-13T17:50:00,2011-08-13T17:55:00,694,718,24,11,5,0,5,689,train
CTU-Malware-Capture-Botnet-44,Rbot,C:\Users\Montana\My Code\CSCI611_Montana_Pawek\GNN\packagedData\graphs\CTU-Malware-Capture-Botnet-44\CTU-Malware-Capture-Botnet-44__20110813_175500.pt,CTU-Malware-Capture-Botnet-44\CTU-Malware-Capture-Botnet-44__20110813_175500.pt,data/rbotFamily/CTU-Malware-Capture-Botnet-44/capture20110812.binetflow,2011-08-13T17:55:00,2011-08-13T18:00:00,652,651,24,11,4,0,4,648,train
CTU-Malware-Capture-Botnet-44,Rbot,C:\Users\Montana\My Code\CSCI611_Montana_Pawek\GNN\packagedData\graphs\CTU-Malware-Capture-Botnet-44\CTU-Malware-Capture-Botnet-44__20110813_180000.pt,CTU-Malware-Capture-Botnet-44\CTU-Malware-Capture-Botnet-44__20110813_180000.pt,data/rbotFamily/CTU-Malware-Capture-Botnet-44/capture20110812.binetflow,2011-08-13T18:00:00,2011-08-13T18:05:00,687,705,24,11,5,0,5,682,train
CTU-Malware-Capture-Botnet-44,Rbot,C:\Users\Montana\My Code\CSCI611_Montana_Pawek\GNN\packagedData\graphs\CTU-Malware-Capture-Botnet-44\CTU-Malware-Capture-Botnet-44__20110813_180500.pt,CTU-Malware-Capture-Botnet-44\CTU-Malware-Capture-Botnet-44__20110813_180500.pt,data/rbotFamily/CTU-Malware-Capture-Botnet-44/capture20110812.binetflow,2011-08-13T18:05:00,2011-08-13T18:10:00,718,742,24,11,5,0,5,713,train
CTU-Malware-Capture-Botnet-44,Rbot,C:\Users\Montana\My Code\CSCI611_Montana_Pawek\GNN\packagedData\graphs\CTU-Malware-Capture-Botnet-44\CTU-Malware-Capture-Botnet-44__20110813_181000.pt,CTU-Malware-Capture-Botnet-44\CTU-Malware-Capture-Botnet-44__20110813_181000.pt,data/rbotFamily/CTU-Malware-Capture-Botnet-44/capture20110812.binetflow,2011-08-13T18:10:00,2011-08-13T18:15:00,697,707,24,11,5,1,4,692,train
CTU-Malware-Capture-Botnet-44,Rbot,C:\Users\Montana\My Code\CSCI611_Montana_Pawek\GNN\packagedData\graphs\CTU-Malware-Capture-Botnet-44\CTU-Malware-Capture-Botnet-44__20110813_181500.pt,CTU-Malware-Capture-Botnet-44\CTU-Malware-Capture-Botnet-44__20110813_181500.pt,data/rbotFamily/CTU-Malware-Capture-Botnet-44/capture20110812.binetflow,2011-08-13T18:15:00,2011-08-13T18:20:00,710,709,24,11,6,2,4,704,train
CTU-Malware-Capture-Botnet-44,Rbot,C:\Users\Montana\My Code\CSCI611_Montana_Pawek\GNN\packagedData\graphs\CTU-Malware-Capture-Botnet-44\CTU-Malware-Capture-Botnet-44__20110813_182000.pt,CTU-Malware-Capture-Botnet-44\CTU-Malware-Capture-Botnet-44__20110813_182000.pt,data/rbotFamily/CTU-Malware-Capture-Botnet-44/capture20110812.binetflow,2011-08-13T18:20:00,2011-08-13T18:25:00,722,737,24,11,4,0,4,718,train
CTU-Malware-Capture-Botnet-44,Rbot,C:\Users\Montana\My Code\CSCI611_Montana_Pawek\GNN\packagedData\graphs\CTU-Malware-Capture-Botnet-44\CTU-Malware-Capture-Botnet-44__20110813_182500.pt,CTU-Malware-Capture-Botnet-44\CTU-Malware-Capture-Botnet-44__20110813_182500.pt,data/rbotFamily/CTU-Malware-Capture-Botnet-44/capture20110812.binetflow,2011-08-13T18:25:00,2011-08-13T18:30:00,702,712,24,11,5,1,4,697,train
CTU-Malware-Capture-Botnet-44,Rbot,C:\Users\Montana\My Code\CSCI611_Montana_Pawek\GNN\packagedData\graphs\CTU-Malware-Capture-Botnet-44\CTU-Malware-Capture-Botnet-44__20110813_183000.pt,CTU-Malware-Capture-Botnet-44\CTU-Malware-Capture-Botnet-44__20110813_183000.pt,data/rbotFamily/CTU-Malware-Capture-Botnet-44/capture20110812.binetflow,2011-08-13T18:30:00,2011-08-13T18:35:00,722,751,24,11,5,0,5,717,train
CTU-Malware-Capture-Botnet-44,Rbot,C:\Users\Montana\My Code\CSCI611_Montana_Pawek\GNN\packagedData\graphs\CTU-Malware-Capture-Botnet-44\CTU-Malware-Capture-Botnet-44__20110813_183500.pt,CTU-Malware-Capture-Botnet-44\CTU-Malware-Capture-Botnet-44__20110813_183500.pt,data/rbotFamily/CTU-Malware-Capture-Botnet-44/capture20110812.binetflow,2011-08-13T18:35:00,2011-08-13T18:40:00,703,720,24,11,6,1,5,697,train
CTU-Malware-Capture-Botnet-44,Rbot,C:\Users\Montana\My Code\CSCI611_Montana_Pawek\GNN\packagedData\graphs\CTU-Malware-Capture-Botnet-44\CTU-Malware-Capture-Botnet-44__20110813_184000.pt,CTU-Malware-Capture-Botnet-44\CTU-Malware-Capture-Botnet-44__20110813_184000.pt,data/rbotFamily/CTU-Malware-Capture-Botnet-44/capture20110812.binetflow,2011-08-13T18:40:00,2011-08-13T18:45:00,732,755,24,11,5,1,4,727,train
CTU-Malware-Capture-Botnet-44,Rbot,C:\Users\Montana\My Code\CSCI611_Montana_Pawek\GNN\packagedData\graphs\CTU-Malware-Capture-Botnet-44\CTU-Malware-Capture-Botnet-44__20110813_184500.pt,CTU-Malware-Capture-Botnet-44\CTU-Malware-Capture-Botnet-44__20110813_184500.pt,data/rbotFamily/CTU-Malware-Capture-Botnet-44/capture20110812.binetflow,2011-08-13T18:45:00,2011-08-13T18:50:00,758,800,24,11,5,1,4,753,train
CTU-Malware-Capture-Botnet-44,Rbot,C:\Users\Montana\My Code\CSCI611_Montana_Pawek\GNN\packagedData\graphs\CTU-Malware-Capture-Botnet-44\CTU-Malware-Capture-Botnet-44__20110813_185000.pt,CTU-Malware-Capture-Botnet-44\CTU-Malware-Capture-Botnet-44__20110813_185000.pt,data/rbotFamily/CTU-Malware-Capture-Botnet-44/capture20110812.binetflow,2011-08-13T18:50:00,2011-08-13T18:55:00,683,702,24,11,6,1,5,677,train
CTU-Malware-Capture-Botnet-44,Rbot,C:\Users\Montana\My Code\CSCI611_Montana_Pawek\GNN\packagedData\graphs\CTU-Malware-Capture-Botnet-44\CTU-Malware-Capture-Botnet-44__20110813_185500.pt,CTU-Malware-Capture-Botnet-44\CTU-Malware-Capture-Botnet-44__20110813_185500.pt,data/rbotFamily/CTU-Malware-Capture-Botnet-44/capture20110812.binetflow,2011-08-13T18:55:00,2011-08-13T19:00:00,668,666,24,11,5,0,5,663,train
CTU-Malware-Capture-Botnet-44,Rbot,C:\Users\Montana\My Code\CSCI611_Montana_Pawek\GNN\packagedData\graphs\CTU-Malware-Capture-Botnet-44\CTU-Malware-Capture-Botnet-44__20110813_190000.pt,CTU-Malware-Capture-Botnet-44\CTU-Malware-Capture-Botnet-44__20110813_190000.pt,data/rbotFamily/CTU-Malware-Capture-Botnet-44/capture20110812.binetflow,2011-08-13T19:00:00,2011-08-13T19:05:00,689,699,24,11,6,1,5,683,train
CTU-Malware-Capture-Botnet-44,Rbot,C:\Users\Montana\My Code\CSCI611_Montana_Pawek\GNN\packagedData\graphs\CTU-Malware-Capture-Botnet-44\CTU-Malware-Capture-Botnet-44__20110813_190500.pt,CTU-Malware-Capture-Botnet-44\CTU-Malware-Capture-Botnet-44__20110813_190500.pt,data/rbotFamily/CTU-Malware-Capture-Botnet-44/capture20110812.binetflow,2011-08-13T19:05:00,2011-08-13T19:10:00,681,697,24,11,5,1,4,676,train
CTU-Malware-Capture-Botnet-44,Rbot,C:\Users\Montana\My Code\CSCI611_Montana_Pawek\GNN\packagedData\graphs\CTU-Malware-Capture-Botnet-44\CTU-Malware-Capture-Botnet-44__20110813_191000.pt,CTU-Malware-Capture-Botnet-44\CTU-Malware-Capture-Botnet-44__20110813_191000.pt,data/rbotFamily/CTU-Malware-Capture-Botnet-44/capture20110812.binetflow,2011-08-13T19:10:00,2011-08-13T19:15:00,693,707,24,11,5,1,4,688,train
CTU-Malware-Capture-Botnet-44,Rbot,C:\Users\Montana\My Code\CSCI611_Montana_Pawek\GNN\packagedData\graphs\CTU-Malware-Capture-Botnet-44\CTU-Malware-Capture-Botnet-44__20110813_191500.pt,CTU-Malware-Capture-Botnet-44\CTU-Malware-Capture-Botnet-44__20110813_191500.pt,data/rbotFamily/CTU-Malware-Capture-Botnet-44/capture20110812.binetflow,2011-08-13T19:15:00,2011-08-13T19:20:00,710,717,24,11,8,2,6,702,train
CTU-Malware-Capture-Botnet-44,Rbot,C:\Users\Montana\My Code\CSCI611_Montana_Pawek\GNN\packagedData\graphs\CTU-Malware-Capture-Botnet-44\CTU-Malware-Capture-Botnet-44__20110813_192000.pt,CTU-Malware-Capture-Botnet-44\CTU-Malware-Capture-Botnet-44__20110813_192000.pt,data/rbotFamily/CTU-Malware-Capture-Botnet-44/capture20110812.binetflow,2011-08-13T19:20:00,2011-08-13T19:25:00,673,687,24,11,5,1,4,668,train
CTU-Malware-Capture-Botnet-44,Rbot,C:\Users\Montana\My Code\CSCI611_Montana_Pawek\GNN\packagedData\graphs\CTU-Malware-Capture-Botnet-44\CTU-Malware-Capture-Botnet-44__20110813_192500.pt,CTU-Malware-Capture-Botnet-44\CTU-Malware-Capture-Botnet-44__20110813_192500.pt,data/rbotFamily/CTU-Malware-Capture-Botnet-44/capture20110812.binetflow,2011-08-13T19:25:00,2011-08-13T19:30:00,674,686,24,11,4,0,4,670,train
CTU-Malware-Capture-Botnet-44,Rbot,C:\Users\Montana\My Code\CSCI611_Montana_Pawek\GNN\packagedData\graphs\CTU-Malware-Capture-Botnet-44\CTU-Malware-Capture-Botnet-44__20110813_193000.pt,CTU-Malware-Capture-Botnet-44\CTU-Malware-Capture-Botnet-44__20110813_193000.pt,data/rbotFamily/CTU-Malware-Capture-Botnet-44/capture20110812.binetflow,2011-08-13T19:30:00,2011-08-13T19:35:00,708,727,24,11,4,0,4,704,train
CTU-Malware-Capture-Botnet-44,Rbot,C:\Users\Montana\My Code\CSCI611_Montana_Pawek\GNN\packagedData\graphs\CTU-Malware-Capture-Botnet-44\CTU-Malware-Capture-Botnet-44__20110813_193500.pt,CTU-Malware-Capture-Botnet-44\CTU-Malware-Capture-Botnet-44__20110813_193500.pt,data/rbotFamily/CTU-Malware-Capture-Botnet-44/capture20110812.binetflow,2011-08-13T19:35:00,2011-08-13T19:40:00,741,740,24,11,5,0,5,736,train
CTU-Malware-Capture-Botnet-44,Rbot,C:\Users\Montana\My Code\CSCI611_Montana_Pawek\GNN\packagedData\graphs\CTU-Malware-Capture-Botnet-44\CTU-Malware-Capture-Botnet-44__20110813_194000.pt,CTU-Malware-Capture-Botnet-44\CTU-Malware-Capture-Botnet-44__20110813_194000.pt,data/rbotFamily/CTU-Malware-Capture-Botnet-44/capture20110812.binetflow,2011-08-13T19:40:00,2011-08-13T19:45:00,759,777,24,11,5,1,4,754,train
CTU-Malware-Capture-Botnet-44,Rbot,C:\Users\Montana\My Code\CSCI611_Montana_Pawek\GNN\packagedData\graphs\CTU-Malware-Capture-Botnet-44\CTU-Malware-Capture-Botnet-44__20110813_194500.pt,CTU-Malware-Capture-Botnet-44\CTU-Malware-Capture-Botnet-44__20110813_194500.pt,data/rbotFamily/CTU-Malware-Capture-Botnet-44/capture20110812.binetflow,2011-08-13T19:45:00,2011-08-13T19:50:00,699,722,24,11,5,1,4,694,train
CTU-Malware-Capture-Botnet-44,Rbot,C:\Users\Montana\My Code\CSCI611_Montana_Pawek\GNN\packagedData\graphs\CTU-Malware-Capture-Botnet-44\CTU-Malware-Capture-Botnet-44__20110813_195000.pt,CTU-Malware-Capture-Botnet-44\CTU-Malware-Capture-Botnet-44__20110813_195000.pt,data/rbotFamily/CTU-Malware-Capture-Botnet-44/capture20110812.binetflow,2011-08-13T19:50:00,2011-08-13T19:55:00,709,730,24,11,5,0,5,704,train
CTU-Malware-Capture-Botnet-44,Rbot,C:\Users\Montana\My Code\CSCI611_Montana_Pawek\GNN\packagedData\graphs\CTU-Malware-Capture-Botnet-44\CTU-Malware-Capture-Botnet-44__20110813_195500.pt,CTU-Malware-Capture-Botnet-44\CTU-Malware-Capture-Botnet-44__20110813_195500.pt,data/rbotFamily/CTU-Malware-Capture-Botnet-44/capture20110812.binetflow,2011-08-13T19:55:00,2011-08-13T20:00:00,720,728,24,11,4,0,4,716,train
CTU-Malware-Capture-Botnet-44,Rbot,C:\Users\Montana\My Code\CSCI611_Montana_Pawek\GNN\packagedData\graphs\CTU-Malware-Capture-Botnet-44\CTU-Malware-Capture-Botnet-44__20110813_200000.pt,CTU-Malware-Capture-Botnet-44\CTU-Malware-Capture-Botnet-44__20110813_200000.pt,data/rbotFamily/CTU-Malware-Capture-Botnet-44/capture20110812.binetflow,2011-08-13T20:00:00,2011-08-13T20:05:00,730,762,24,11,5,0,5,725,train
CTU-Malware-Capture-Botnet-44,Rbot,C:\Users\Montana\My Code\CSCI611_Montana_Pawek\GNN\packagedData\graphs\CTU-Malware-Capture-Botnet-44\CTU-Malware-Capture-Botnet-44__20110813_200500.pt,CTU-Malware-Capture-Botnet-44\CTU-Malware-Capture-Botnet-44__20110813_200500.pt,data/rbotFamily/CTU-Malware-Capture-Botnet-44/capture20110812.binetflow,2011-08-13T20:05:00,2011-08-13T20:10:00,778,800,24,11,6,1,5,772,train
CTU-Malware-Capture-Botnet-44,Rbot,C:\Users\Montana\My Code\CSCI611_Montana_Pawek\GNN\packagedData\graphs\CTU-Malware-Capture-Botnet-44\CTU-Malware-Capture-Botnet-44__20110813_201000.pt,CTU-Malware-Capture-Botnet-44\CTU-Malware-Capture-Botnet-44__20110813_201000.pt,data/rbotFamily/CTU-Malware-Capture-Botnet-44/capture20110812.binetflow,2011-08-13T20:10:00,2011-08-13T20:15:00,700,710,24,11,6,1,5,694,train
CTU-Malware-Capture-Botnet-44,Rbot,C:\Users\Montana\My Code\CSCI611_Montana_Pawek\GNN\packagedData\graphs\CTU-Malware-Capture-Botnet-44\CTU-Malware-Capture-Botnet-44__20110813_201500.pt,CTU-Malware-Capture-Botnet-44\CTU-Malware-Capture-Botnet-44__20110813_201500.pt,data/rbotFamily/CTU-Malware-Capture-Botnet-44/capture20110812.binetflow,2011-08-13T20:15:00,2011-08-13T20:20:00,754,770,24,11,5,0,5,749,train
CTU-Malware-Capture-Botnet-44,Rbot,C:\Users\Montana\My Code\CSCI611_Montana_Pawek\GNN\packagedData\graphs\CTU-Malware-Capture-Botnet-44\CTU-Malware-Capture-Botnet-44__20110813_202000.pt,CTU-Malware-Capture-Botnet-44\CTU-Malware-Capture-Botnet-44__20110813_202000.pt,data/rbotFamily/CTU-Malware-Capture-Botnet-44/capture20110812.binetflow,2011-08-13T20:20:00,2011-08-13T20:25:00,621,623,24,11,8,2,6,613,train
CTU-Malware-Capture-Botnet-44,Rbot,C:\Users\Montana\My Code\CSCI611_Montana_Pawek\GNN\packagedData\graphs\CTU-Malware-Capture-Botnet-44\CTU-Malware-Capture-Botnet-44__20110813_202500.pt,CTU-Malware-Capture-Botnet-44\CTU-Malware-Capture-Botnet-44__20110813_202500.pt,data/rbotFamily/CTU-Malware-Capture-Botnet-44/capture20110812.binetflow,2011-08-13T20:25:00,2011-08-13T20:30:00,694,694,24,11,5,0,5,689,train
CTU-Malware-Capture-Botnet-44,Rbot,C:\Users\Montana\My Code\CSCI611_Montana_Pawek\GNN\packagedData\graphs\CTU-Malware-Capture-Botnet-44\CTU-Malware-Capture-Botnet-44__20110813_203000.pt,CTU-Malware-Capture-Botnet-44\CTU-Malware-Capture-Botnet-44__20110813_203000.pt,data/rbotFamily/CTU-Malware-Capture-Botnet-44/capture20110812.binetflow,2011-08-13T20:30:00,2011-08-13T20:35:00,661,660,24,11,4,0,4,657,train
CTU-Malware-Capture-Botnet-44,Rbot,C:\Users\Montana\My Code\CSCI611_Montana_Pawek\GNN\packagedData\graphs\CTU-Malware-Capture-Botnet-44\CTU-Malware-Capture-Botnet-44__20110813_203500.pt,CTU-Malware-Capture-Botnet-44\CTU-Malware-Capture-Botnet-44__20110813_203500.pt,data/rbotFamily/CTU-Malware-Capture-Botnet-44/capture20110812.binetflow,2011-08-13T20:35:00,2011-08-13T20:40:00,713,741,24,11,4,0,4,709,train
CTU-Malware-Capture-Botnet-44,Rbot,C:\Users\Montana\My Code\CSCI611_Montana_Pawek\GNN\packagedData\graphs\CTU-Malware-Capture-Botnet-44\CTU-Malware-Capture-Botnet-44__20110813_204000.pt,CTU-Malware-Capture-Botnet-44\CTU-Malware-Capture-Botnet-44__20110813_204000.pt,data/rbotFamily/CTU-Malware-Capture-Botnet-44/capture20110812.binetflow,2011-08-13T20:40:00,2011-08-13T20:45:00,679,689,24,11,5,0,5,674,train
CTU-Malware-Capture-Botnet-44,Rbot,C:\Users\Montana\My Code\CSCI611_Montana_Pawek\GNN\packagedData\graphs\CTU-Malware-Capture-Botnet-44\CTU-Malware-Capture-Botnet-44__20110813_204500.pt,CTU-Malware-Capture-Botnet-44\CTU-Malware-Capture-Botnet-44__20110813_204500.pt,data/rbotFamily/CTU-Malware-Capture-Botnet-44/capture20110812.binetflow,2011-08-13T20:45:00,2011-08-13T20:50:00,687,695,24,11,4,0,4,683,train
CTU-Malware-Capture-Botnet-44,Rbot,C:\Users\Montana\My Code\CSCI611_Montana_Pawek\GNN\packagedData\graphs\CTU-Malware-Capture-Botnet-44\CTU-Malware-Capture-Botnet-44__20110813_205000.pt,CTU-Malware-Capture-Botnet-44\CTU-Malware-Capture-Botnet-44__20110813_205000.pt,data/rbotFamily/CTU-Malware-Capture-Botnet-44/capture20110812.binetflow,2011-08-13T20:50:00,2011-08-13T20:55:00,725,750,24,11,5,1,4,720,train
CTU-Malware-Capture-Botnet-44,Rbot,C:\Users\Montana\My Code\CSCI611_Montana_Pawek\GNN\packagedData\graphs\CTU-Malware-Capture-Botnet-44\CTU-Malware-Capture-Botnet-44__20110813_205500.pt,CTU-Malware-Capture-Botnet-44\CTU-Malware-Capture-Botnet-44__20110813_205500.pt,data/rbotFamily/CTU-Malware-Capture-Botnet-44/capture20110812.binetflow,2011-08-13T20:55:00,2011-08-13T21:00:00,662,686,24,11,5,0,5,657,train
CTU-Malware-Capture-Botnet-44,Rbot,C:\Users\Montana\My Code\CSCI611_Montana_Pawek\GNN\packagedData\graphs\CTU-Malware-Capture-Botnet-44\CTU-Malware-Capture-Botnet-44__20110813_210000.pt,CTU-Malware-Capture-Botnet-44\CTU-Malware-Capture-Botnet-44__20110813_210000.pt,data/rbotFamily/CTU-Malware-Capture-Botnet-44/capture20110812.binetflow,2011-08-13T21:00:00,2011-08-13T21:05:00,699,724,24,11,5,0,5,694,train
CTU-Malware-Capture-Botnet-44,Rbot,C:\Users\Montana\My Code\CSCI611_Montana_Pawek\GNN\packagedData\graphs\CTU-Malware-Capture-Botnet-44\CTU-Malware-Capture-Botnet-44__20110813_210500.pt,CTU-Malware-Capture-Botnet-44\CTU-Malware-Capture-Botnet-44__20110813_210500.pt,data/rbotFamily/CTU-Malware-Capture-Botnet-44/capture20110812.binetflow,2011-08-13T21:05:00,2011-08-13T21:10:00,718,737,24,11,5,0,5,713,train
CTU-Malware-Capture-Botnet-44,Rbot,C:\Users\Montana\My Code\CSCI611_Montana_Pawek\GNN\packagedData\graphs\CTU-Malware-Capture-Botnet-44\CTU-Malware-Capture-Botnet-44__20110813_211000.pt,CTU-Malware-Capture-Botnet-44\CTU-Malware-Capture-Botnet-44__20110813_211000.pt,data/rbotFamily/CTU-Malware-Capture-Botnet-44/capture20110812.binetflow,2011-08-13T21:10:00,2011-08-13T21:15:00,676,684,24,11,6,1,5,670,train
CTU-Malware-Capture-Botnet-44,Rbot,C:\Users\Montana\My Code\CSCI611_Montana_Pawek\GNN\packagedData\graphs\CTU-Malware-Capture-Botnet-44\CTU-Malware-Capture-Botnet-44__20110813_211500.pt,CTU-Malware-Capture-Botnet-44\CTU-Malware-Capture-Botnet-44__20110813_211500.pt,data/rbotFamily/CTU-Malware-Capture-Botnet-44/capture20110812.binetflow,2011-08-13T21:15:00,2011-08-13T21:20:00,646,648,24,11,5,0,5,641,train
CTU-Malware-Capture-Botnet-44,Rbot,C:\Users\Montana\My Code\CSCI611_Montana_Pawek\GNN\packagedData\graphs\CTU-Malware-Capture-Botnet-44\CTU-Malware-Capture-Botnet-44__20110813_212000.pt,CTU-Malware-Capture-Botnet-44\CTU-Malware-Capture-Botnet-44__20110813_212000.pt,data/rbotFamily/CTU-Malware-Capture-Botnet-44/capture20110812.binetflow,2011-08-13T21:20:00,2011-08-13T21:25:00,683,702,24,11,6,2,4,677,train
CTU-Malware-Capture-Botnet-44,Rbot,C:\Users\Montana\My Code\CSCI611_Montana_Pawek\GNN\packagedData\graphs\CTU-Malware-Capture-Botnet-44\CTU-Malware-Capture-Botnet-44__20110813_212500.pt,CTU-Malware-Capture-Botnet-44\CTU-Malware-Capture-Botnet-44__20110813_212500.pt,data/rbotFamily/CTU-Malware-Capture-Botnet-44/capture20110812.binetflow,2011-08-13T21:25:00,2011-08-13T21:30:00,853,859,24,11,6,1,5,847,train
CTU-Malware-Capture-Botnet-44,Rbot,C:\Users\Montana\My Code\CSCI611_Montana_Pawek\GNN\packagedData\graphs\CTU-Malware-Capture-Botnet-44\CTU-Malware-Capture-Botnet-44__20110813_213000.pt,CTU-Malware-Capture-Botnet-44\CTU-Malware-Capture-Botnet-44__20110813_213000.pt,data/rbotFamily/CTU-Malware-Capture-Botnet-44/capture20110812.binetflow,2011-08-13T21:30:00,2011-08-13T21:35:00,853,859,24,11,5,1,4,848,train
CTU-Malware-Capture-Botnet-44,Rbot,C:\Users\Montana\My Code\CSCI611_Montana_Pawek\GNN\packagedData\graphs\CTU-Malware-Capture-Botnet-44\CTU-Malware-Capture-Botnet-44__20110813_213500.pt,CTU-Malware-Capture-Botnet-44\CTU-Malware-Capture-Botnet-44__20110813_213500.pt,data/rbotFamily/CTU-Malware-Capture-Botnet-44/capture20110812.binetflow,2011-08-13T21:35:00,2011-08-13T21:40:00,904,945,24,11,6,1,5,898,train
CTU-Malware-Capture-Botnet-44,Rbot,C:\Users\Montana\My Code\CSCI611_Montana_Pawek\GNN\packagedData\graphs\CTU-Malware-Capture-Botnet-44\CTU-Malware-Capture-Botnet-44__20110813_214000.pt,CTU-Malware-Capture-Botnet-44\CTU-Malware-Capture-Botnet-44__20110813_214000.pt,data/rbotFamily/CTU-Malware-Capture-Botnet-44/capture20110812.binetflow,2011-08-13T21:40:00,2011-08-13T21:45:00,863,876,24,11,6,1,5,857,train
CTU-Malware-Capture-Botnet-44,Rbot,C:\Users\Montana\My Code\CSCI611_Montana_Pawek\GNN\packagedData\graphs\CTU-Malware-Capture-Botnet-44\CTU-Malware-Capture-Botnet-44__20110813_214500.pt,CTU-Malware-Capture-Botnet-44\CTU-Malware-Capture-Botnet-44__20110813_214500.pt,data/rbotFamily/CTU-Malware-Capture-Botnet-44/capture20110812.binetflow,2011-08-13T21:45:00,2011-08-13T21:50:00,802,790,24,11,5,1,4,797,train
CTU-Malware-Capture-Botnet-44,Rbot,C:\Users\Montana\My Code\CSCI611_Montana_Pawek\GNN\packagedData\graphs\CTU-Malware-Capture-Botnet-44\CTU-Malware-Capture-Botnet-44__20110813_215000.pt,CTU-Malware-Capture-Botnet-44\CTU-Malware-Capture-Botnet-44__20110813_215000.pt,data/rbotFamily/CTU-Malware-Capture-Botnet-44/capture20110812.binetflow,2011-08-13T21:50:00,2011-08-13T21:55:00,806,813,24,11,5,1,4,801,train
CTU-Malware-Capture-Botnet-44,Rbot,C:\Users\Montana\My Code\CSCI611_Montana_Pawek\GNN\packagedData\graphs\CTU-Malware-Capture-Botnet-44\CTU-Malware-Capture-Botnet-44__20110813_215500.pt,CTU-Malware-Capture-Botnet-44\CTU-Malware-Capture-Botnet-44__20110813_215500.pt,data/rbotFamily/CTU-Malware-Capture-Botnet-44/capture20110812.binetflow,2011-08-13T21:55:00,2011-08-13T22:00:00,900,905,24,11,5,1,4,895,train
CTU-Malware-Capture-Botnet-44,Rbot,C:\Users\Montana\My Code\CSCI611_Montana_Pawek\GNN\packagedData\graphs\CTU-Malware-Capture-Botnet-44\CTU-Malware-Capture-Botnet-44__20110813_220000.pt,CTU-Malware-Capture-Botnet-44\CTU-Malware-Capture-Botnet-44__20110813_220000.pt,data/rbotFamily/CTU-Malware-Capture-Botnet-44/capture20110812.binetflow,2011-08-13T22:00:00,2011-08-13T22:05:00,887,915,24,11,5,1,4,882,train
CTU-Malware-Capture-Botnet-44,Rbot,C:\Users\Montana\My Code\CSCI611_Montana_Pawek\GNN\packagedData\graphs\CTU-Malware-Capture-Botnet-44\CTU-Malware-Capture-Botnet-44__20110813_220500.pt,CTU-Malware-Capture-Botnet-44\CTU-Malware-Capture-Botnet-44__20110813_220500.pt,data/rbotFamily/CTU-Malware-Capture-Botnet-44/capture20110812.binetflow,2011-08-13T22:05:00,2011-08-13T22:10:00,885,906,24,11,6,1,5,879,train
CTU-Malware-Capture-Botnet-44,Rbot,C:\Users\Montana\My Code\CSCI611_Montana_Pawek\GNN\packagedData\graphs\CTU-Malware-Capture-Botnet-44\CTU-Malware-Capture-Botnet-44__20110813_221000.pt,CTU-Malware-Capture-Botnet-44\CTU-Malware-Capture-Botnet-44__20110813_221000.pt,data/rbotFamily/CTU-Malware-Capture-Botnet-44/capture20110812.binetflow,2011-08-13T22:10:00,2011-08-13T22:15:00,823,852,24,11,5,1,4,818,train
CTU-Malware-Capture-Botnet-44,Rbot,C:\Users\Montana\My Code\CSCI611_Montana_Pawek\GNN\packagedData\graphs\CTU-Malware-Capture-Botnet-44\CTU-Malware-Capture-Botnet-44__20110813_221500.pt,CTU-Malware-Capture-Botnet-44\CTU-Malware-Capture-Botnet-44__20110813_221500.pt,data/rbotFamily/CTU-Malware-Capture-Botnet-44/capture20110812.binetflow,2011-08-13T22:15:00,2011-08-13T22:20:00,876,912,24,11,5,1,4,871,train
CTU-Malware-Capture-Botnet-44,Rbot,C:\Users\Montana\My Code\CSCI611_Montana_Pawek\GNN\packagedData\graphs\CTU-Malware-Capture-Botnet-44\CTU-Malware-Capture-Botnet-44__20110813_222000.pt,CTU-Malware-Capture-Botnet-44\CTU-Malware-Capture-Botnet-44__20110813_222000.pt,data/rbotFamily/CTU-Malware-Capture-Botnet-44/capture20110812.binetflow,2011-08-13T22:20:00,2011-08-13T22:25:00,830,839,24,11,6,2,4,824,train
CTU-Malware-Capture-Botnet-44,Rbot,C:\Users\Montana\My Code\CSCI611_Montana_Pawek\GNN\packagedData\graphs\CTU-Malware-Capture-Botnet-44\CTU-Malware-Capture-Botnet-44__20110813_222500.pt,CTU-Malware-Capture-Botnet-44\CTU-Malware-Capture-Botnet-44__20110813_222500.pt,data/rbotFamily/CTU-Malware-Capture-Botnet-44/capture20110812.binetflow,2011-08-13T22:25:00,2011-08-13T22:30:00,846,883,24,11,6,1,5,840,train
CTU-Malware-Capture-Botnet-44,Rbot,C:\Users\Montana\My Code\CSCI611_Montana_Pawek\GNN\packagedData\graphs\CTU-Malware-Capture-Botnet-44\CTU-Malware-Capture-Botnet-44__20110813_223000.pt,CTU-Malware-Capture-Botnet-44\CTU-Malware-Capture-Botnet-44__20110813_223000.pt,data/rbotFamily/CTU-Malware-Capture-Botnet-44/capture20110812.binetflow,2011-08-13T22:30:00,2011-08-13T22:35:00,822,880,24,11,5,1,4,817,train
CTU-Malware-Capture-Botnet-44,Rbot,C:\Users\Montana\My Code\CSCI611_Montana_Pawek\GNN\packagedData\graphs\CTU-Malware-Capture-Botnet-44\CTU-Malware-Capture-Botnet-44__20110813_223500.pt,CTU-Malware-Capture-Botnet-44\CTU-Malware-Capture-Botnet-44__20110813_223500.pt,data/rbotFamily/CTU-Malware-Capture-Botnet-44/capture20110812.binetflow,2011-08-13T22:35:00,2011-08-13T22:40:00,792,806,24,11,5,1,4,787,train
CTU-Malware-Capture-Botnet-44,Rbot,C:\Users\Montana\My Code\CSCI611_Montana_Pawek\GNN\packagedData\graphs\CTU-Malware-Capture-Botnet-44\CTU-Malware-Capture-Botnet-44__20110813_224000.pt,CTU-Malware-Capture-Botnet-44\CTU-Malware-Capture-Botnet-44__20110813_224000.pt,data/rbotFamily/CTU-Malware-Capture-Botnet-44/capture20110812.binetflow,2011-08-13T22:40:00,2011-08-13T22:45:00,835,859,24,11,6,1,5,829,train
CTU-Malware-Capture-Botnet-44,Rbot,C:\Users\Montana\My Code\CSCI611_Montana_Pawek\GNN\packagedData\graphs\CTU-Malware-Capture-Botnet-44\CTU-Malware-Capture-Botnet-44__20110813_224500.pt,CTU-Malware-Capture-Botnet-44\CTU-Malware-Capture-Botnet-44__20110813_224500.pt,data/rbotFamily/CTU-Malware-Capture-Botnet-44/capture20110812.binetflow,2011-08-13T22:45:00,2011-08-13T22:50:00,1530,1781,24,11,7,1,6,1523,train
CTU-Malware-Capture-Botnet-44,Rbot,C:\Users\Montana\My Code\CSCI611_Montana_Pawek\GNN\packagedData\graphs\CTU-Malware-Capture-Botnet-44\CTU-Malware-Capture-Botnet-44__20110813_225000.pt,CTU-Malware-Capture-Botnet-44\CTU-Malware-Capture-Botnet-44__20110813_225000.pt,data/rbotFamily/CTU-Malware-Capture-Botnet-44/capture20110812.binetflow,2011-08-13T22:50:00,2011-08-13T22:55:00,804,825,24,11,5,1,4,799,train
CTU-Malware-Capture-Botnet-44,Rbot,C:\Users\Montana\My Code\CSCI611_Montana_Pawek\GNN\packagedData\graphs\CTU-Malware-Capture-Botnet-44\CTU-Malware-Capture-Botnet-44__20110813_225500.pt,CTU-Malware-Capture-Botnet-44\CTU-Malware-Capture-Botnet-44__20110813_225500.pt,data/rbotFamily/CTU-Malware-Capture-Botnet-44/capture20110812.binetflow,2011-08-13T22:55:00,2011-08-13T23:00:00,777,816,24,11,6,1,5,771,train
CTU-Malware-Capture-Botnet-44,Rbot,C:\Users\Montana\My Code\CSCI611_Montana_Pawek\GNN\packagedData\graphs\CTU-Malware-Capture-Botnet-44\CTU-Malware-Capture-Botnet-44__20110813_230000.pt,CTU-Malware-Capture-Botnet-44\CTU-Malware-Capture-Botnet-44__20110813_230000.pt,data/rbotFamily/CTU-Malware-Capture-Botnet-44/capture20110812.binetflow,2011-08-13T23:00:00,2011-08-13T23:05:00,810,848,24,11,5,1,4,805,train
CTU-Malware-Capture-Botnet-44,Rbot,C:\Users\Montana\My Code\CSCI611_Montana_Pawek\GNN\packagedData\graphs\CTU-Malware-Capture-Botnet-44\CTU-Malware-Capture-Botnet-44__20110813_230500.pt,CTU-Malware-Capture-Botnet-44\CTU-Malware-Capture-Botnet-44__20110813_230500.pt,data/rbotFamily/CTU-Malware-Capture-Botnet-44/capture20110812.binetflow,2011-08-13T23:05:00,2011-08-13T23:10:00,1562,1828,24,11,7,1,6,1555,train
CTU-Malware-Capture-Botnet-44,Rbot,C:\Users\Montana\My Code\CSCI611_Montana_Pawek\GNN\packagedData\graphs\CTU-Malware-Capture-Botnet-44\CTU-Malware-Capture-Botnet-44__20110813_231000.pt,CTU-Malware-Capture-Botnet-44\CTU-Malware-Capture-Botnet-44__20110813_231000.pt,data/rbotFamily/CTU-Malware-Capture-Botnet-44/capture20110812.binetflow,2011-08-13T23:10:00,2011-08-13T23:15:00,834,866,24,11,6,1,5,828,train
CTU-Malware-Capture-Botnet-44,Rbot,C:\Users\Montana\My Code\CSCI611_Montana_Pawek\GNN\packagedData\graphs\CTU-Malware-Capture-Botnet-44\CTU-Malware-Capture-Botnet-44__20110813_231500.pt,CTU-Malware-Capture-Botnet-44\CTU-Malware-Capture-Botnet-44__20110813_231500.pt,data/rbotFamily/CTU-Malware-Capture-Botnet-44/capture20110812.binetflow,2011-08-13T23:15:00,2011-08-13T23:20:00,834,850,24,11,5,1,4,829,train
CTU-Malware-Capture-Botnet-44,Rbot,C:\Users\Montana\My Code\CSCI611_Montana_Pawek\GNN\packagedData\graphs\CTU-Malware-Capture-Botnet-44\CTU-Malware-Capture-Botnet-44__20110813_232000.pt,CTU-Malware-Capture-Botnet-44\CTU-Malware-Capture-Botnet-44__20110813_232000.pt,data/rbotFamily/CTU-Malware-Capture-Botnet-44/capture20110812.binetflow,2011-08-13T23:20:00,2011-08-13T23:25:00,827,851,24,11,5,1,4,822,train
CTU-Malware-Capture-Botnet-44,Rbot,C:\Users\Montana\My Code\CSCI611_Montana_Pawek\GNN\packagedData\graphs\CTU-Malware-Capture-Botnet-44\CTU-Malware-Capture-Botnet-44__20110813_232500.pt,CTU-Malware-Capture-Botnet-44\CTU-Malware-Capture-Botnet-44__20110813_232500.pt,data/rbotFamily/CTU-Malware-Capture-Botnet-44/capture20110812.binetflow,2011-08-13T23:25:00,2011-08-13T23:30:00,1557,1814,24,11,8,2,6,1549,train
CTU-Malware-Capture-Botnet-44,Rbot,C:\Users\Montana\My Code\CSCI611_Montana_Pawek\GNN\packagedData\graphs\CTU-Malware-Capture-Botnet-44\CTU-Malware-Capture-Botnet-44__20110813_233000.pt,CTU-Malware-Capture-Botnet-44\CTU-Malware-Capture-Botnet-44__20110813_233000.pt,data/rbotFamily/CTU-Malware-Capture-Botnet-44/capture20110812.binetflow,2011-08-13T23:30:00,2011-08-13T23:35:00,766,796,24,11,5,1,4,761,train
CTU-Malware-Capture-Botnet-44,Rbot,C:\Users\Montana\My Code\CSCI611_Montana_Pawek\GNN\packagedData\graphs\CTU-Malware-Capture-Botnet-44\CTU-Malware-Capture-Botnet-44__20110813_233500.pt,CTU-Malware-Capture-Botnet-44\CTU-Malware-Capture-Botnet-44__20110813_233500.pt,data/rbotFamily/CTU-Malware-Capture-Botnet-44/capture20110812.binetflow,2011-08-13T23:35:00,2011-08-13T23:40:00,814,965,24,11,6,1,5,808,train
CTU-Malware-Capture-Botnet-44,Rbot,C:\Users\Montana\My Code\CSCI611_Montana_Pawek\GNN\packagedData\graphs\CTU-Malware-Capture-Botnet-44\CTU-Malware-Capture-Botnet-44__20110813_234000.pt,CTU-Malware-Capture-Botnet-44\CTU-Malware-Capture-Botnet-44__20110813_234000.pt,data/rbotFamily/CTU-Malware-Capture-Botnet-44/capture20110812.binetflow,2011-08-13T23:40:00,2011-08-13T23:45:00,755,762,24,11,6,1,5,749,train
CTU-Malware-Capture-Botnet-44,Rbot,C:\Users\Montana\My Code\CSCI611_Montana_Pawek\GNN\packagedData\graphs\CTU-Malware-Capture-Botnet-44\CTU-Malware-Capture-Botnet-44__20110813_234500.pt,CTU-Malware-Capture-Botnet-44\CTU-Malware-Capture-Botnet-44__20110813_234500.pt,data/rbotFamily/CTU-Malware-Capture-Botnet-44/capture20110812.binetflow,2011-08-13T23:45:00,2011-08-13T23:50:00,727,747,24,11,6,1,5,721,train
CTU-Malware-Capture-Botnet-44,Rbot,C:\Users\Montana\My Code\CSCI611_Montana_Pawek\GNN\packagedData\graphs\CTU-Malware-Capture-Botnet-44\CTU-Malware-Capture-Botnet-44__20110813_235000.pt,CTU-Malware-Capture-Botnet-44\CTU-Malware-Capture-Botnet-44__20110813_235000.pt,data/rbotFamily/CTU-Malware-Capture-Botnet-44/capture20110812.binetflow,2011-08-13T23:50:00,2011-08-13T23:55:00,773,783,24,11,5,1,4,768,train
CTU-Malware-Capture-Botnet-44,Rbot,C:\Users\Montana\My Code\CSCI611_Montana_Pawek\GNN\packagedData\graphs\CTU-Malware-Capture-Botnet-44\CTU-Malware-Capture-Botnet-44__20110813_235500.pt,CTU-Malware-Capture-Botnet-44\CTU-Malware-Capture-Botnet-44__20110813_235500.pt,data/rbotFamily/CTU-Malware-Capture-Botnet-44/capture20110812.binetflow,2011-08-13T23:55:00,2011-08-14T00:00:00,778,799,24,11,5,1,4,773,train
CTU-Malware-Capture-Botnet-44,Rbot,C:\Users\Montana\My Code\CSCI611_Montana_Pawek\GNN\packagedData\graphs\CTU-Malware-Capture-Botnet-44\CTU-Malware-Capture-Botnet-44__20110814_000000.pt,CTU-Malware-Capture-Botnet-44\CTU-Malware-Capture-Botnet-44__20110814_000000.pt,data/rbotFamily/CTU-Malware-Capture-Botnet-44/capture20110812.binetflow,2011-08-14T00:00:00,2011-08-14T00:05:00,612,643,24,11,4,0,4,608,train
CTU-Malware-Capture-Botnet-44,Rbot,C:\Users\Montana\My Code\CSCI611_Montana_Pawek\GNN\packagedData\graphs\CTU-Malware-Capture-Botnet-44\CTU-Malware-Capture-Botnet-44__20110814_000500.pt,CTU-Malware-Capture-Botnet-44\CTU-Malware-Capture-Botnet-44__20110814_000500.pt,data/rbotFamily/CTU-Malware-Capture-Botnet-44/capture20110812.binetflow,2011-08-14T00:05:00,2011-08-14T00:10:00,583,598,24,11,4,0,4,579,train
CTU-Malware-Capture-Botnet-44,Rbot,C:\Users\Montana\My Code\CSCI611_Montana_Pawek\GNN\packagedData\graphs\CTU-Malware-Capture-Botnet-44\CTU-Malware-Capture-Botnet-44__20110814_001000.pt,CTU-Malware-Capture-Botnet-44\CTU-Malware-Capture-Botnet-44__20110814_001000.pt,data/rbotFamily/CTU-Malware-Capture-Botnet-44/capture20110812.binetflow,2011-08-14T00:10:00,2011-08-14T00:15:00,576,581,24,11,5,0,5,571,train
CTU-Malware-Capture-Botnet-44,Rbot,C:\Users\Montana\My Code\CSCI611_Montana_Pawek\GNN\packagedData\graphs\CTU-Malware-Capture-Botnet-44\CTU-Malware-Capture-Botnet-44__20110814_001500.pt,CTU-Malware-Capture-Botnet-44\CTU-Malware-Capture-Botnet-44__20110814_001500.pt,data/rbotFamily/CTU-Malware-Capture-Botnet-44/capture20110812.binetflow,2011-08-14T00:15:00,2011-08-14T00:20:00,629,652,24,11,5,0,5,624,train
CTU-Malware-Capture-Botnet-44,Rbot,C:\Users\Montana\My Code\CSCI611_Montana_Pawek\GNN\packagedData\graphs\CTU-Malware-Capture-Botnet-44\CTU-Malware-Capture-Botnet-44__20110814_002000.pt,CTU-Malware-Capture-Botnet-44\CTU-Malware-Capture-Botnet-44__20110814_002000.pt,data/rbotFamily/CTU-Malware-Capture-Botnet-44/capture20110812.binetflow,2011-08-14T00:20:00,2011-08-14T00:25:00,556,560,24,11,4,0,4,552,train
CTU-Malware-Capture-Botnet-44,Rbot,C:\Users\Montana\My Code\CSCI611_Montana_Pawek\GNN\packagedData\graphs\CTU-Malware-Capture-Botnet-44\CTU-Malware-Capture-Botnet-44__20110814_002500.pt,CTU-Malware-Capture-Botnet-44\CTU-Malware-Capture-Botnet-44__20110814_002500.pt,data/rbotFamily/CTU-Malware-Capture-Botnet-44/capture20110812.binetflow,2011-08-14T00:25:00,2011-08-14T00:30:00,614,627,24,11,7,2,5,607,train
CTU-Malware-Capture-Botnet-44,Rbot,C:\Users\Montana\My Code\CSCI611_Montana_Pawek\GNN\packagedData\graphs\CTU-Malware-Capture-Botnet-44\CTU-Malware-Capture-Botnet-44__20110814_003000.pt,CTU-Malware-Capture-Botnet-44\CTU-Malware-Capture-Botnet-44__20110814_003000.pt,data/rbotFamily/CTU-Malware-Capture-Botnet-44/capture20110812.binetflow,2011-08-14T00:30:00,2011-08-14T00:35:00,619,639,24,11,4,0,4,615,train
CTU-Malware-Capture-Botnet-44,Rbot,C:\Users\Montana\My Code\CSCI611_Montana_Pawek\GNN\packagedData\graphs\CTU-Malware-Capture-Botnet-44\CTU-Malware-Capture-Botnet-44__20110814_003500.pt,CTU-Malware-Capture-Botnet-44\CTU-Malware-Capture-Botnet-44__20110814_003500.pt,data/rbotFamily/CTU-Malware-Capture-Botnet-44/capture20110812.binetflow,2011-08-14T00:35:00,2011-08-14T00:40:00,597,609,24,11,5,0,5,592,train
CTU-Malware-Capture-Botnet-44,Rbot,C:\Users\Montana\My Code\CSCI611_Montana_Pawek\GNN\packagedData\graphs\CTU-Malware-Capture-Botnet-44\CTU-Malware-Capture-Botnet-44__20110814_004000.pt,CTU-Malware-Capture-Botnet-44\CTU-Malware-Capture-Botnet-44__20110814_004000.pt,data/rbotFamily/CTU-Malware-Capture-Botnet-44/capture20110812.binetflow,2011-08-14T00:40:00,2011-08-14T00:45:00,620,622,24,11,5,0,5,615,train
CTU-Malware-Capture-Botnet-44,Rbot,C:\Users\Montana\My Code\CSCI611_Montana_Pawek\GNN\packagedData\graphs\CTU-Malware-Capture-Botnet-44\CTU-Malware-Capture-Botnet-44__20110814_004500.pt,CTU-Malware-Capture-Botnet-44\CTU-Malware-Capture-Botnet-44__20110814_004500.pt,data/rbotFamily/CTU-Malware-Capture-Botnet-44/capture20110812.binetflow,2011-08-14T00:45:00,2011-08-14T00:50:00,566,575,24,11,4,0,4,562,train
CTU-Malware-Capture-Botnet-44,Rbot,C:\Users\Montana\My Code\CSCI611_Montana_Pawek\GNN\packagedData\graphs\CTU-Malware-Capture-Botnet-44\CTU-Malware-Capture-Botnet-44__20110814_005000.pt,CTU-Malware-Capture-Botnet-44\CTU-Malware-Capture-Botnet-44__20110814_005000.pt,data/rbotFamily/CTU-Malware-Capture-Botnet-44/capture20110812.binetflow,2011-08-14T00:50:00,2011-08-14T00:55:00,571,579,24,11,4,0,4,567,train
CTU-Malware-Capture-Botnet-44,Rbot,C:\Users\Montana\My Code\CSCI611_Montana_Pawek\GNN\packagedData\graphs\CTU-Malware-Capture-Botnet-44\CTU-Malware-Capture-Botnet-44__20110814_005500.pt,CTU-Malware-Capture-Botnet-44\CTU-Malware-Capture-Botnet-44__20110814_005500.pt,data/rbotFamily/CTU-Malware-Capture-Botnet-44/capture20110812.binetflow,2011-08-14T00:55:00,2011-08-14T01:00:00,589,620,24,11,4,0,4,585,train
CTU-Malware-Capture-Botnet-44,Rbot,C:\Users\Montana\My Code\CSCI611_Montana_Pawek\GNN\packagedData\graphs\CTU-Malware-Capture-Botnet-44\CTU-Malware-Capture-Botnet-44__20110814_010000.pt,CTU-Malware-Capture-Botnet-44\CTU-Malware-Capture-Botnet-44__20110814_010000.pt,data/rbotFamily/CTU-Malware-Capture-Botnet-44/capture20110812.binetflow,2011-08-14T01:00:00,2011-08-14T01:05:00,608,645,24,11,4,0,4,604,train
CTU-Malware-Capture-Botnet-44,Rbot,C:\Users\Montana\My Code\CSCI611_Montana_Pawek\GNN\packagedData\graphs\CTU-Malware-Capture-Botnet-44\CTU-Malware-Capture-Botnet-44__20110814_010500.pt,CTU-Malware-Capture-Botnet-44\CTU-Malware-Capture-Botnet-44__20110814_010500.pt,data/rbotFamily/CTU-Malware-Capture-Botnet-44/capture20110812.binetflow,2011-08-14T01:05:00,2011-08-14T01:10:00,644,654,24,11,5,0,5,639,train
CTU-Malware-Capture-Botnet-44,Rbot,C:\Users\Montana\My Code\CSCI611_Montana_Pawek\GNN\packagedData\graphs\CTU-Malware-Capture-Botnet-44\CTU-Malware-Capture-Botnet-44__20110814_011000.pt,CTU-Malware-Capture-Botnet-44\CTU-Malware-Capture-Botnet-44__20110814_011000.pt,data/rbotFamily/CTU-Malware-Capture-Botnet-44/capture20110812.binetflow,2011-08-14T01:10:00,2011-08-14T01:15:00,577,594,24,11,4,0,4,573,train
CTU-Malware-Capture-Botnet-44,Rbot,C:\Users\Montana\My Code\CSCI611_Montana_Pawek\GNN\packagedData\graphs\CTU-Malware-Capture-Botnet-44\CTU-Malware-Capture-Botnet-44__20110814_011500.pt,CTU-Malware-Capture-Botnet-44\CTU-Malware-Capture-Botnet-44__20110814_011500.pt,data/rbotFamily/CTU-Malware-Capture-Botnet-44/capture20110812.binetflow,2011-08-14T01:15:00,2011-08-14T01:20:00,619,645,24,11,4,0,4,615,train
CTU-Malware-Capture-Botnet-44,Rbot,C:\Users\Montana\My Code\CSCI611_Montana_Pawek\GNN\packagedData\graphs\CTU-Malware-Capture-Botnet-44\CTU-Malware-Capture-Botnet-44__20110814_012000.pt,CTU-Malware-Capture-Botnet-44\CTU-Malware-Capture-Botnet-44__20110814_012000.pt,data/rbotFamily/CTU-Malware-Capture-Botnet-44/capture20110812.binetflow,2011-08-14T01:20:00,2011-08-14T01:25:00,597,601,24,11,5,0,5,592,train
CTU-Malware-Capture-Botnet-44,Rbot,C:\Users\Montana\My Code\CSCI611_Montana_Pawek\GNN\packagedData\graphs\CTU-Malware-Capture-Botnet-44\CTU-Malware-Capture-Botnet-44__20110814_012500.pt,CTU-Malware-Capture-Botnet-44\CTU-Malware-Capture-Botnet-44__20110814_012500.pt,data/rbotFamily/CTU-Malware-Capture-Botnet-44/capture20110812.binetflow,2011-08-14T01:25:00,2011-08-14T01:30:00,603,609,24,11,7,2,5,596,train
CTU-Malware-Capture-Botnet-44,Rbot,C:\Users\Montana\My Code\CSCI611_Montana_Pawek\GNN\packagedData\graphs\CTU-Malware-Capture-Botnet-44\CTU-Malware-Capture-Botnet-44__20110814_013000.pt,CTU-Malware-Capture-Botnet-44\CTU-Malware-Capture-Botnet-44__20110814_013000.pt,data/rbotFamily/CTU-Malware-Capture-Botnet-44/capture20110812.binetflow,2011-08-14T01:30:00,2011-08-14T01:35:00,603,618,24,11,4,0,4,599,train
CTU-Malware-Capture-Botnet-44,Rbot,C:\Users\Montana\My Code\CSCI611_Montana_Pawek\GNN\packagedData\graphs\CTU-Malware-Capture-Botnet-44\CTU-Malware-Capture-Botnet-44__20110814_013500.pt,CTU-Malware-Capture-Botnet-44\CTU-Malware-Capture-Botnet-44__20110814_013500.pt,data/rbotFamily/CTU-Malware-Capture-Botnet-44/capture20110812.binetflow,2011-08-14T01:35:00,2011-08-14T01:40:00,618,633,24,11,5,0,5,613,train
CTU-Malware-Capture-Botnet-44,Rbot,C:\Users\Montana\My Code\CSCI611_Montana_Pawek\GNN\packagedData\graphs\CTU-Malware-Capture-Botnet-44\CTU-Malware-Capture-Botnet-44__20110814_014000.pt,CTU-Malware-Capture-Botnet-44\CTU-Malware-Capture-Botnet-44__20110814_014000.pt,data/rbotFamily/CTU-Malware-Capture-Botnet-44/capture20110812.binetflow,2011-08-14T01:40:00,2011-08-14T01:45:00,607,622,24,11,5,0,5,602,train
CTU-Malware-Capture-Botnet-44,Rbot,C:\Users\Montana\My Code\CSCI611_Montana_Pawek\GNN\packagedData\graphs\CTU-Malware-Capture-Botnet-44\CTU-Malware-Capture-Botnet-44__20110814_014500.pt,CTU-Malware-Capture-Botnet-44\CTU-Malware-Capture-Botnet-44__20110814_014500.pt,data/rbotFamily/CTU-Malware-Capture-Botnet-44/capture20110812.binetflow,2011-08-14T01:45:00,2011-08-14T01:50:00,538,550,24,11,4,0,4,534,train
CTU-Malware-Capture-Botnet-44,Rbot,C:\Users\Montana\My Code\CSCI611_Montana_Pawek\GNN\packagedData\graphs\CTU-Malware-Capture-Botnet-44\CTU-Malware-Capture-Botnet-44__20110814_015000.pt,CTU-Malware-Capture-Botnet-44\CTU-Malware-Capture-Botnet-44__20110814_015000.pt,data/rbotFamily/CTU-Malware-Capture-Botnet-44/capture20110812.binetflow,2011-08-14T01:50:00,2011-08-14T01:55:00,563,572,24,11,6,0,6,557,train
CTU-Malware-Capture-Botnet-44,Rbot,C:\Users\Montana\My Code\CSCI611_Montana_Pawek\GNN\packagedData\graphs\CTU-Malware-Capture-Botnet-44\CTU-Malware-Capture-Botnet-44__20110814_015500.pt,CTU-Malware-Capture-Botnet-44\CTU-Malware-Capture-Botnet-44__20110814_015500.pt,data/rbotFamily/CTU-Malware-Capture-Botnet-44/capture20110812.binetflow,2011-08-14T01:55:00,2011-08-14T02:00:00,1351,1573,24,11,7,1,6,1344,train
CTU-Malware-Capture-Botnet-44,Rbot,C:\Users\Montana\My Code\CSCI611_Montana_Pawek\GNN\packagedData\graphs\CTU-Malware-Capture-Botnet-44\CTU-Malware-Capture-Botnet-44__20110814_020000.pt,CTU-Malware-Capture-Botnet-44\CTU-Malware-Capture-Botnet-44__20110814_020000.pt,data/rbotFamily/CTU-Malware-Capture-Botnet-44/capture20110812.binetflow,2011-08-14T02:00:00,2011-08-14T02:05:00,599,614,24,11,4,0,4,595,train
CTU-Malware-Capture-Botnet-44,Rbot,C:\Users\Montana\My Code\CSCI611_Montana_Pawek\GNN\packagedData\graphs\CTU-Malware-Capture-Botnet-44\CTU-Malware-Capture-Botnet-44__20110814_020500.pt,CTU-Malware-Capture-Botnet-44\CTU-Malware-Capture-Botnet-44__20110814_020500.pt,data/rbotFamily/CTU-Malware-Capture-Botnet-44/capture20110812.binetflow,2011-08-14T02:05:00,2011-08-14T02:10:00,555,560,24,11,5,1,4,550,train
CTU-Malware-Capture-Botnet-44,Rbot,C:\Users\Montana\My Code\CSCI611_Montana_Pawek\GNN\packagedData\graphs\CTU-Malware-Capture-Botnet-44\CTU-Malware-Capture-Botnet-44__20110814_021000.pt,CTU-Malware-Capture-Botnet-44\CTU-Malware-Capture-Botnet-44__20110814_021000.pt,data/rbotFamily/CTU-Malware-Capture-Botnet-44/capture20110812.binetflow,2011-08-14T02:10:00,2011-08-14T02:15:00,590,622,24,11,5,1,4,585,train
CTU-Malware-Capture-Botnet-44,Rbot,C:\Users\Montana\My Code\CSCI611_Montana_Pawek\GNN\packagedData\graphs\CTU-Malware-Capture-Botnet-44\CTU-Malware-Capture-Botnet-44__20110814_021500.pt,CTU-Malware-Capture-Botnet-44\CTU-Malware-Capture-Botnet-44__20110814_021500.pt,data/rbotFamily/CTU-Malware-Capture-Botnet-44/capture20110812.binetflow,2011-08-14T02:15:00,2011-08-14T02:20:00,637,646,24,11,4,0,4,633,train
CTU-Malware-Capture-Botnet-44,Rbot,C:\Users\Montana\My Code\CSCI611_Montana_Pawek\GNN\packagedData\graphs\CTU-Malware-Capture-Botnet-44\CTU-Malware-Capture-Botnet-44__20110814_022000.pt,CTU-Malware-Capture-Botnet-44\CTU-Malware-Capture-Botnet-44__20110814_022000.pt,data/rbotFamily/CTU-Malware-Capture-Botnet-44/capture20110812.binetflow,2011-08-14T02:20:00,2011-08-14T02:25:00,573,577,24,11,4,0,4,569,train
CTU-Malware-Capture-Botnet-44,Rbot,C:\Users\Montana\My Code\CSCI611_Montana_Pawek\GNN\packagedData\graphs\CTU-Malware-Capture-Botnet-44\CTU-Malware-Capture-Botnet-44__20110814_022500.pt,CTU-Malware-Capture-Botnet-44\CTU-Malware-Capture-Botnet-44__20110814_022500.pt,data/rbotFamily/CTU-Malware-Capture-Botnet-44/capture20110812.binetflow,2011-08-14T02:25:00,2011-08-14T02:30:00,592,612,24,11,5,1,4,587,train
CTU-Malware-Capture-Botnet-44,Rbot,C:\Users\Montana\My Code\CSCI611_Montana_Pawek\GNN\packagedData\graphs\CTU-Malware-Capture-Botnet-44\CTU-Malware-Capture-Botnet-44__20110814_023000.pt,CTU-Malware-Capture-Botnet-44\CTU-Malware-Capture-Botnet-44__20110814_023000.pt,data/rbotFamily/CTU-Malware-Capture-Botnet-44/capture20110812.binetflow,2011-08-14T02:30:00,2011-08-14T02:35:00,618,633,24,11,6,2,4,612,train
CTU-Malware-Capture-Botnet-44,Rbot,C:\Users\Montana\My Code\CSCI611_Montana_Pawek\GNN\packagedData\graphs\CTU-Malware-Capture-Botnet-44\CTU-Malware-Capture-Botnet-44__20110814_023500.pt,CTU-Malware-Capture-Botnet-44\CTU-Malware-Capture-Botnet-44__20110814_023500.pt,data/rbotFamily/CTU-Malware-Capture-Botnet-44/capture20110812.binetflow,2011-08-14T02:35:00,2011-08-14T02:40:00,567,561,24,11,5,1,4,562,train
CTU-Malware-Capture-Botnet-44,Rbot,C:\Users\Montana\My Code\CSCI611_Montana_Pawek\GNN\packagedData\graphs\CTU-Malware-Capture-Botnet-44\CTU-Malware-Capture-Botnet-44__20110814_024000.pt,CTU-Malware-Capture-Botnet-44\CTU-Malware-Capture-Botnet-44__20110814_024000.pt,data/rbotFamily/CTU-Malware-Capture-Botnet-44/capture20110812.binetflow,2011-08-14T02:40:00,2011-08-14T02:45:00,584,589,24,11,6,1,5,578,train
CTU-Malware-Capture-Botnet-44,Rbot,C:\Users\Montana\My Code\CSCI611_Montana_Pawek\GNN\packagedData\graphs\CTU-Malware-Capture-Botnet-44\CTU-Malware-Capture-Botnet-44__20110814_024500.pt,CTU-Malware-Capture-Botnet-44\CTU-Malware-Capture-Botnet-44__20110814_024500.pt,data/rbotFamily/CTU-Malware-Capture-Botnet-44/capture20110812.binetflow,2011-08-14T02:45:00,2011-08-14T02:50:00,1348,1582,24,11,7,1,6,1341,train
CTU-Malware-Capture-Botnet-44,Rbot,C:\Users\Montana\My Code\CSCI611_Montana_Pawek\GNN\packagedData\graphs\CTU-Malware-Capture-Botnet-44\CTU-Malware-Capture-Botnet-44__20110814_025000.pt,CTU-Malware-Capture-Botnet-44\CTU-Malware-Capture-Botnet-44__20110814_025000.pt,data/rbotFamily/CTU-Malware-Capture-Botnet-44/capture20110812.binetflow,2011-08-14T02:50:00,2011-08-14T02:55:00,569,569,24,11,5,1,4,564,train
CTU-Malware-Capture-Botnet-44,Rbot,C:\Users\Montana\My Code\CSCI611_Montana_Pawek\GNN\packagedData\graphs\CTU-Malware-Capture-Botnet-44\CTU-Malware-Capture-Botnet-44__20110814_025500.pt,CTU-Malware-Capture-Botnet-44\CTU-Malware-Capture-Botnet-44__20110814_025500.pt,data/rbotFamily/CTU-Malware-Capture-Botnet-44/capture20110812.binetflow,2011-08-14T02:55:00,2011-08-14T03:00:00,552,563,24,11,5,1,4,547,train
CTU-Malware-Capture-Botnet-44,Rbot,C:\Users\Montana\My Code\CSCI611_Montana_Pawek\GNN\packagedData\graphs\CTU-Malware-Capture-Botnet-44\CTU-Malware-Capture-Botnet-44__20110814_030000.pt,CTU-Malware-Capture-Botnet-44\CTU-Malware-Capture-Botnet-44__20110814_030000.pt,data/rbotFamily/CTU-Malware-Capture-Botnet-44/capture20110812.binetflow,2011-08-14T03:00:00,2011-08-14T03:05:00,592,600,24,11,5,1,4,587,train
CTU-Malware-Capture-Botnet-44,Rbot,C:\Users\Montana\My Code\CSCI611_Montana_Pawek\GNN\packagedData\graphs\CTU-Malware-Capture-Botnet-44\CTU-Malware-Capture-Botnet-44__20110814_030500.pt,CTU-Malware-Capture-Botnet-44\CTU-Malware-Capture-Botnet-44__20110814_030500.pt,data/rbotFamily/CTU-Malware-Capture-Botnet-44/capture20110812.binetflow,2011-08-14T03:05:00,2011-08-14T03:10:00,605,596,24,11,5,1,4,600,train
CTU-Malware-Capture-Botnet-44,Rbot,C:\Users\Montana\My Code\CSCI611_Montana_Pawek\GNN\packagedData\graphs\CTU-Malware-Capture-Botnet-44\CTU-Malware-Capture-Botnet-44__20110814_031000.pt,CTU-Malware-Capture-Botnet-44\CTU-Malware-Capture-Botnet-44__20110814_031000.pt,data/rbotFamily/CTU-Malware-Capture-Botnet-44/capture20110812.binetflow,2011-08-14T03:10:00,2011-08-14T03:15:00,630,672,24,11,5,1,4,625,train
CTU-Malware-Capture-Botnet-44,Rbot,C:\Users\Montana\My Code\CSCI611_Montana_Pawek\GNN\packagedData\graphs\CTU-Malware-Capture-Botnet-44\CTU-Malware-Capture-Botnet-44__20110814_031500.pt,CTU-Malware-Capture-Botnet-44\CTU-Malware-Capture-Botnet-44__20110814_031500.pt,data/rbotFamily/CTU-Malware-Capture-Botnet-44/capture20110812.binetflow,2011-08-14T03:15:00,2011-08-14T03:20:00,1391,1646,24,11,7,1,6,1384,train
CTU-Malware-Capture-Botnet-44,Rbot,C:\Users\Montana\My Code\CSCI611_Montana_Pawek\GNN\packagedData\graphs\CTU-Malware-Capture-Botnet-44\CTU-Malware-Capture-Botnet-44__20110814_032000.pt,CTU-Malware-Capture-Botnet-44\CTU-Malware-Capture-Botnet-44__20110814_032000.pt,data/rbotFamily/CTU-Malware-Capture-Botnet-44/capture20110812.binetflow,2011-08-14T03:20:00,2011-08-14T03:25:00,575,577,24,11,6,1,5,569,train
CTU-Malware-Capture-Botnet-44,Rbot,C:\Users\Montana\My Code\CSCI611_Montana_Pawek\GNN\packagedData\graphs\CTU-Malware-Capture-Botnet-44\CTU-Malware-Capture-Botnet-44__20110814_032500.pt,CTU-Malware-Capture-Botnet-44\CTU-Malware-Capture-Botnet-44__20110814_032500.pt,data/rbotFamily/CTU-Malware-Capture-Botnet-44/capture20110812.binetflow,2011-08-14T03:25:00,2011-08-14T03:30:00,582,582,24,11,5,1,4,577,train
CTU-Malware-Capture-Botnet-44,Rbot,C:\Users\Montana\My Code\CSCI611_Montana_Pawek\GNN\packagedData\graphs\CTU-Malware-Capture-Botnet-44\CTU-Malware-Capture-Botnet-44__20110814_033000.pt,CTU-Malware-Capture-Botnet-44\CTU-Malware-Capture-Botnet-44__20110814_033000.pt,data/rbotFamily/CTU-Malware-Capture-Botnet-44/capture20110812.binetflow,2011-08-14T03:30:00,2011-08-14T03:35:00,582,604,24,11,6,2,4,576,train
CTU-Malware-Capture-Botnet-44,Rbot,C:\Users\Montana\My Code\CSCI611_Montana_Pawek\GNN\packagedData\graphs\CTU-Malware-Capture-Botnet-44\CTU-Malware-Capture-Botnet-44__20110814_033500.pt,CTU-Malware-Capture-Botnet-44\CTU-Malware-Capture-Botnet-44__20110814_033500.pt,data/rbotFamily/CTU-Malware-Capture-Botnet-44/capture20110812.binetflow,2011-08-14T03:35:00,2011-08-14T03:40:00,1383,1635,24,11,7,1,6,1376,train
CTU-Malware-Capture-Botnet-44,Rbot,C:\Users\Montana\My Code\CSCI611_Montana_Pawek\GNN\packagedData\graphs\CTU-Malware-Capture-Botnet-44\CTU-Malware-Capture-Botnet-44__20110814_034000.pt,CTU-Malware-Capture-Botnet-44\CTU-Malware-Capture-Botnet-44__20110814_034000.pt,data/rbotFamily/CTU-Malware-Capture-Botnet-44/capture20110812.binetflow,2011-08-14T03:40:00,2011-08-14T03:45:00,608,612,24,11,6,1,5,602,train
CTU-Malware-Capture-Botnet-44,Rbot,C:\Users\Montana\My Code\CSCI611_Montana_Pawek\GNN\packagedData\graphs\CTU-Malware-Capture-Botnet-44\CTU-Malware-Capture-Botnet-44__20110814_034500.pt,CTU-Malware-Capture-Botnet-44\CTU-Malware-Capture-Botnet-44__20110814_034500.pt,data/rbotFamily/CTU-Malware-Capture-Botnet-44/capture20110812.binetflow,2011-08-14T03:45:00,2011-08-14T03:50:00,555,557,24,11,5,1,4,550,train
CTU-Malware-Capture-Botnet-44,Rbot,C:\Users\Montana\My Code\CSCI611_Montana_Pawek\GNN\packagedData\graphs\CTU-Malware-Capture-Botnet-44\CTU-Malware-Capture-Botnet-44__20110814_035000.pt,CTU-Malware-Capture-Botnet-44\CTU-Malware-Capture-Botnet-44__20110814_035000.pt,data/rbotFamily/CTU-Malware-Capture-Botnet-44/capture20110812.binetflow,2011-08-14T03:50:00,2011-08-14T03:55:00,604,618,24,11,5,1,4,599,train
CTU-Malware-Capture-Botnet-44,Rbot,C:\Users\Montana\My Code\CSCI611_Montana_Pawek\GNN\packagedData\graphs\CTU-Malware-Capture-Botnet-44\CTU-Malware-Capture-Botnet-44__20110814_035500.pt,CTU-Malware-Capture-Botnet-44\CTU-Malware-Capture-Botnet-44__20110814_035500.pt,data/rbotFamily/CTU-Malware-Capture-Botnet-44/capture20110812.binetflow,2011-08-14T03:55:00,2011-08-14T04:00:00,585,605,24,11,5,1,4,580,train
CTU-Malware-Capture-Botnet-44,Rbot,C:\Users\Montana\My Code\CSCI611_Montana_Pawek\GNN\packagedData\graphs\CTU-Malware-Capture-Botnet-44\CTU-Malware-Capture-Botnet-44__20110814_040000.pt,CTU-Malware-Capture-Botnet-44\CTU-Malware-Capture-Botnet-44__20110814_040000.pt,data/rbotFamily/CTU-Malware-Capture-Botnet-44/capture20110812.binetflow,2011-08-14T04:00:00,2011-08-14T04:05:00,591,613,24,11,5,1,4,586,train
CTU-Malware-Capture-Botnet-44,Rbot,C:\Users\Montana\My Code\CSCI611_Montana_Pawek\GNN\packagedData\graphs\CTU-Malware-Capture-Botnet-44\CTU-Malware-Capture-Botnet-44__20110814_040500.pt,CTU-Malware-Capture-Botnet-44\CTU-Malware-Capture-Botnet-44__20110814_040500.pt,data/rbotFamily/CTU-Malware-Capture-Botnet-44/capture20110812.binetflow,2011-08-14T04:05:00,2011-08-14T04:10:00,627,646,24,11,5,1,4,622,train
CTU-Malware-Capture-Botnet-44,Rbot,C:\Users\Montana\My Code\CSCI611_Montana_Pawek\GNN\packagedData\graphs\CTU-Malware-Capture-Botnet-44\CTU-Malware-Capture-Botnet-44__20110814_041000.pt,CTU-Malware-Capture-Botnet-44\CTU-Malware-Capture-Botnet-44__20110814_041000.pt,data/rbotFamily/CTU-Malware-Capture-Botnet-44/capture20110812.binetflow,2011-08-14T04:10:00,2011-08-14T04:15:00,553,548,24,11,5,1,4,548,train
CTU-Malware-Capture-Botnet-44,Rbot,C:\Users\Montana\My Code\CSCI611_Montana_Pawek\GNN\packagedData\graphs\CTU-Malware-Capture-Botnet-44\CTU-Malware-Capture-Botnet-44__20110814_041500.pt,CTU-Malware-Capture-Botnet-44\CTU-Malware-Capture-Botnet-44__20110814_041500.pt,data/rbotFamily/CTU-Malware-Capture-Botnet-44/capture20110812.binetflow,2011-08-14T04:15:00,2011-08-14T04:20:00,581,592,24,11,5,1,4,576,train
CTU-Malware-Capture-Botnet-44,Rbot,C:\Users\Montana\My Code\CSCI611_Montana_Pawek\GNN\packagedData\graphs\CTU-Malware-Capture-Botnet-44\CTU-Malware-Capture-Botnet-44__20110814_042000.pt,CTU-Malware-Capture-Botnet-44\CTU-Malware-Capture-Botnet-44__20110814_042000.pt,data/rbotFamily/CTU-Malware-Capture-Botnet-44/capture20110812.binetflow,2011-08-14T04:20:00,2011-08-14T04:25:00,573,584,24,11,5,1,4,568,train
CTU-Malware-Capture-Botnet-44,Rbot,C:\Users\Montana\My Code\CSCI611_Montana_Pawek\GNN\packagedData\graphs\CTU-Malware-Capture-Botnet-44\CTU-Malware-Capture-Botnet-44__20110814_042500.pt,CTU-Malware-Capture-Botnet-44\CTU-Malware-Capture-Botnet-44__20110814_042500.pt,data/rbotFamily/CTU-Malware-Capture-Botnet-44/capture20110812.binetflow,2011-08-14T04:25:00,2011-08-14T04:30:00,602,615,24,11,5,1,4,597,train
CTU-Malware-Capture-Botnet-44,Rbot,C:\Users\Montana\My Code\CSCI611_Montana_Pawek\GNN\packagedData\graphs\CTU-Malware-Capture-Botnet-44\CTU-Malware-Capture-Botnet-44__20110814_043000.pt,CTU-Malware-Capture-Botnet-44\CTU-Malware-Capture-Botnet-44__20110814_043000.pt,data/rbotFamily/CTU-Malware-Capture-Botnet-44/capture20110812.binetflow,2011-08-14T04:30:00,2011-08-14T04:35:00,600,603,24,11,5,1,4,595,train
CTU-Malware-Capture-Botnet-44,Rbot,C:\Users\Montana\My Code\CSCI611_Montana_Pawek\GNN\packagedData\graphs\CTU-Malware-Capture-Botnet-44\CTU-Malware-Capture-Botnet-44__20110814_043500.pt,CTU-Malware-Capture-Botnet-44\CTU-Malware-Capture-Botnet-44__20110814_043500.pt,data/rbotFamily/CTU-Malware-Capture-Botnet-44/capture20110812.binetflow,2011-08-14T04:35:00,2011-08-14T04:40:00,614,610,24,11,6,2,4,608,train
CTU-Malware-Capture-Botnet-44,Rbot,C:\Users\Montana\My Code\CSCI611_Montana_Pawek\GNN\packagedData\graphs\CTU-Malware-Capture-Botnet-44\CTU-Malware-Capture-Botnet-44__20110814_044000.pt,CTU-Malware-Capture-Botnet-44\CTU-Malware-Capture-Botnet-44__20110814_044000.pt,data/rbotFamily/CTU-Malware-Capture-Botnet-44/capture20110812.binetflow,2011-08-14T04:40:00,2011-08-14T04:45:00,591,598,24,11,6,1,5,585,train
CTU-Malware-Capture-Botnet-44,Rbot,C:\Users\Montana\My Code\CSCI611_Montana_Pawek\GNN\packagedData\graphs\CTU-Malware-Capture-Botnet-44\CTU-Malware-Capture-Botnet-44__20110814_044500.pt,CTU-Malware-Capture-Botnet-44\CTU-Malware-Capture-Botnet-44__20110814_044500.pt,data/rbotFamily/CTU-Malware-Capture-Botnet-44/capture20110812.binetflow,2011-08-14T04:45:00,2011-08-14T04:50:00,548,543,24,11,5,1,4,543,train
CTU-Malware-Capture-Botnet-44,Rbot,C:\Users\Montana\My Code\CSCI611_Montana_Pawek\GNN\packagedData\graphs\CTU-Malware-Capture-Botnet-44\CTU-Malware-Capture-Botnet-44__20110814_045000.pt,CTU-Malware-Capture-Botnet-44\CTU-Malware-Capture-Botnet-44__20110814_045000.pt,data/rbotFamily/CTU-Malware-Capture-Botnet-44/capture20110812.binetflow,2011-08-14T04:50:00,2011-08-14T04:55:00,542,550,24,11,5,1,4,537,train
CTU-Malware-Capture-Botnet-44,Rbot,C:\Users\Montana\My Code\CSCI611_Montana_Pawek\GNN\packagedData\graphs\CTU-Malware-Capture-Botnet-44\CTU-Malware-Capture-Botnet-44__20110814_045500.pt,CTU-Malware-Capture-Botnet-44\CTU-Malware-Capture-Botnet-44__20110814_045500.pt,data/rbotFamily/CTU-Malware-Capture-Botnet-44/capture20110812.binetflow,2011-08-14T04:55:00,2011-08-14T05:00:00,1335,1544,24,11,7,1,6,1328,train
CTU-Malware-Capture-Botnet-44,Rbot,C:\Users\Montana\My Code\CSCI611_Montana_Pawek\GNN\packagedData\graphs\CTU-Malware-Capture-Botnet-44\CTU-Malware-Capture-Botnet-44__20110814_050000.pt,CTU-Malware-Capture-Botnet-44\CTU-Malware-Capture-Botnet-44__20110814_050000.pt,data/rbotFamily/CTU-Malware-Capture-Botnet-44/capture20110812.binetflow,2011-08-14T05:00:00,2011-08-14T05:05:00,607,641,24,11,5,1,4,602,train
CTU-Malware-Capture-Botnet-44,Rbot,C:\Users\Montana\My Code\CSCI611_Montana_Pawek\GNN\packagedData\graphs\CTU-Malware-Capture-Botnet-44\CTU-Malware-Capture-Botnet-44__20110814_050500.pt,CTU-Malware-Capture-Botnet-44\CTU-Malware-Capture-Botnet-44__20110814_050500.pt,data/rbotFamily/CTU-Malware-Capture-Botnet-44/capture20110812.binetflow,2011-08-14T05:05:00,2011-08-14T05:10:00,611,623,24,11,6,1,5,605,train
CTU-Malware-Capture-Botnet-44,Rbot,C:\Users\Montana\My Code\CSCI611_Montana_Pawek\GNN\packagedData\graphs\CTU-Malware-Capture-Botnet-44\CTU-Malware-Capture-Botnet-44__20110814_051000.pt,CTU-Malware-Capture-Botnet-44\CTU-Malware-Capture-Botnet-44__20110814_051000.pt,data/rbotFamily/CTU-Malware-Capture-Botnet-44/capture20110812.binetflow,2011-08-14T05:10:00,2011-08-14T05:15:00,569,562,24,11,6,1,5,563,train
CTU-Malware-Capture-Botnet-44,Rbot,C:\Users\Montana\My Code\CSCI611_Montana_Pawek\GNN\packagedData\graphs\CTU-Malware-Capture-Botnet-44\CTU-Malware-Capture-Botnet-44__20110814_051500.pt,CTU-Malware-Capture-Botnet-44\CTU-Malware-Capture-Botnet-44__20110814_051500.pt,data/rbotFamily/CTU-Malware-Capture-Botnet-44/capture20110812.binetflow,2011-08-14T05:15:00,2011-08-14T05:20:00,585,586,24,11,5,1,4,580,train
CTU-Malware-Capture-Botnet-44,Rbot,C:\Users\Montana\My Code\CSCI611_Montana_Pawek\GNN\packagedData\graphs\CTU-Malware-Capture-Botnet-44\CTU-Malware-Capture-Botnet-44__20110814_052000.pt,CTU-Malware-Capture-Botnet-44\CTU-Malware-Capture-Botnet-44__20110814_052000.pt,data/rbotFamily/CTU-Malware-Capture-Botnet-44/capture20110812.binetflow,2011-08-14T05:20:00,2011-08-14T05:25:00,576,567,24,11,6,1,5,570,train
CTU-Malware-Capture-Botnet-44,Rbot,C:\Users\Montana\My Code\CSCI611_Montana_Pawek\GNN\packagedData\graphs\CTU-Malware-Capture-Botnet-44\CTU-Malware-Capture-Botnet-44__20110814_052500.pt,CTU-Malware-Capture-Botnet-44\CTU-Malware-Capture-Botnet-44__20110814_052500.pt,data/rbotFamily/CTU-Malware-Capture-Botnet-44/capture20110812.binetflow,2011-08-14T05:25:00,2011-08-14T05:30:00,578,572,24,11,5,1,4,573,train
CTU-Malware-Capture-Botnet-44,Rbot,C:\Users\Montana\My Code\CSCI611_Montana_Pawek\GNN\packagedData\graphs\CTU-Malware-Capture-Botnet-44\CTU-Malware-Capture-Botnet-44__20110814_053000.pt,CTU-Malware-Capture-Botnet-44\CTU-Malware-Capture-Botnet-44__20110814_053000.pt,data/rbotFamily/CTU-Malware-Capture-Botnet-44/capture20110812.binetflow,2011-08-14T05:30:00,2011-08-14T05:35:00,552,554,24,11,5,1,4,547,train
CTU-Malware-Capture-Botnet-44,Rbot,C:\Users\Montana\My Code\CSCI611_Montana_Pawek\GNN\packagedData\graphs\CTU-Malware-Capture-Botnet-44\CTU-Malware-Capture-Botnet-44__20110814_053500.pt,CTU-Malware-Capture-Botnet-44\CTU-Malware-Capture-Botnet-44__20110814_053500.pt,data/rbotFamily/CTU-Malware-Capture-Botnet-44/capture20110812.binetflow,2011-08-14T05:35:00,2011-08-14T05:40:00,555,554,24,11,6,2,4,549,train
CTU-Malware-Capture-Botnet-44,Rbot,C:\Users\Montana\My Code\CSCI611_Montana_Pawek\GNN\packagedData\graphs\CTU-Malware-Capture-Botnet-44\CTU-Malware-Capture-Botnet-44__20110814_054000.pt,CTU-Malware-Capture-Botnet-44\CTU-Malware-Capture-Botnet-44__20110814_054000.pt,data/rbotFamily/CTU-Malware-Capture-Botnet-44/capture20110812.binetflow,2011-08-14T05:40:00,2011-08-14T05:45:00,577,585,24,11,6,1,5,571,train
CTU-Malware-Capture-Botnet-44,Rbot,C:\Users\Montana\My Code\CSCI611_Montana_Pawek\GNN\packagedData\graphs\CTU-Malware-Capture-Botnet-44\CTU-Malware-Capture-Botnet-44__20110814_054500.pt,CTU-Malware-Capture-Botnet-44\CTU-Malware-Capture-Botnet-44__20110814_054500.pt,data/rbotFamily/CTU-Malware-Capture-Botnet-44/capture20110812.binetflow,2011-08-14T05:45:00,2011-08-14T05:50:00,532,528,24,11,6,1,5,526,train
CTU-Malware-Capture-Botnet-44,Rbot,C:\Users\Montana\My Code\CSCI611_Montana_Pawek\GNN\packagedData\graphs\CTU-Malware-Capture-Botnet-44\CTU-Malware-Capture-Botnet-44__20110814_055000.pt,CTU-Malware-Capture-Botnet-44\CTU-Malware-Capture-Botnet-44__20110814_055000.pt,data/rbotFamily/CTU-Malware-Capture-Botnet-44/capture20110812.binetflow,2011-08-14T05:50:00,2011-08-14T05:55:00,517,514,24,11,7,1,6,510,train
CTU-Malware-Capture-Botnet-44,Rbot,C:\Users\Montana\My Code\CSCI611_Montana_Pawek\GNN\packagedData\graphs\CTU-Malware-Capture-Botnet-44\CTU-Malware-Capture-Botnet-44__20110814_055500.pt,CTU-Malware-Capture-Botnet-44\CTU-Malware-Capture-Botnet-44__20110814_055500.pt,data/rbotFamily/CTU-Malware-Capture-Botnet-44/capture20110812.binetflow,2011-08-14T05:55:00,2011-08-14T06:00:00,537,541,24,11,6,1,5,531,train
CTU-Malware-Capture-Botnet-44,Rbot,C:\Users\Montana\My Code\CSCI611_Montana_Pawek\GNN\packagedData\graphs\CTU-Malware-Capture-Botnet-44\CTU-Malware-Capture-Botnet-44__20110814_060000.pt,CTU-Malware-Capture-Botnet-44\CTU-Malware-Capture-Botnet-44__20110814_060000.pt,data/rbotFamily/CTU-Malware-Capture-Botnet-44/capture20110812.binetflow,2011-08-14T06:00:00,2011-08-14T06:05:00,579,599,24,11,6,1,5,573,train
CTU-Malware-Capture-Botnet-44,Rbot,C:\Users\Montana\My Code\CSCI611_Montana_Pawek\GNN\packagedData\graphs\CTU-Malware-Capture-Botnet-44\CTU-Malware-Capture-Botnet-44__20110814_060500.pt,CTU-Malware-Capture-Botnet-44\CTU-Malware-Capture-Botnet-44__20110814_060500.pt,data/rbotFamily/CTU-Malware-Capture-Botnet-44/capture20110812.binetflow,2011-08-14T06:05:00,2011-08-14T06:10:00,595,605,24,11,5,1,4,590,train
CTU-Malware-Capture-Botnet-44,Rbot,C:\Users\Montana\My Code\CSCI611_Montana_Pawek\GNN\packagedData\graphs\CTU-Malware-Capture-Botnet-44\CTU-Malware-Capture-Botnet-44__20110814_061000.pt,CTU-Malware-Capture-Botnet-44\CTU-Malware-Capture-Botnet-44__20110814_061000.pt,data/rbotFamily/CTU-Malware-Capture-Botnet-44/capture20110812.binetflow,2011-08-14T06:10:00,2011-08-14T06:15:00,603,625,24,11,6,1,5,597,train
CTU-Malware-Capture-Botnet-44,Rbot,C:\Users\Montana\My Code\CSCI611_Montana_Pawek\GNN\packagedData\graphs\CTU-Malware-Capture-Botnet-44\CTU-Malware-Capture-Botnet-44__20110814_061500.pt,CTU-Malware-Capture-Botnet-44\CTU-Malware-Capture-Botnet-44__20110814_061500.pt,data/rbotFamily/CTU-Malware-Capture-Botnet-44/capture20110812.binetflow,2011-08-14T06:15:00,2011-08-14T06:20:00,605,625,24,11,6,1,5,599,train
CTU-Malware-Capture-Botnet-44,Rbot,C:\Users\Montana\My Code\CSCI611_Montana_Pawek\GNN\packagedData\graphs\CTU-Malware-Capture-Botnet-44\CTU-Malware-Capture-Botnet-44__20110814_062000.pt,CTU-Malware-Capture-Botnet-44\CTU-Malware-Capture-Botnet-44__20110814_062000.pt,data/rbotFamily/CTU-Malware-Capture-Botnet-44/capture20110812.binetflow,2011-08-14T06:20:00,2011-08-14T06:25:00,537,538,24,11,5,1,4,532,train
CTU-Malware-Capture-Botnet-44,Rbot,C:\Users\Montana\My Code\CSCI611_Montana_Pawek\GNN\packagedData\graphs\CTU-Malware-Capture-Botnet-44\CTU-Malware-Capture-Botnet-44__20110814_062500.pt,CTU-Malware-Capture-Botnet-44\CTU-Malware-Capture-Botnet-44__20110814_062500.pt,data/rbotFamily/CTU-Malware-Capture-Botnet-44/capture20110812.binetflow,2011-08-14T06:25:00,2011-08-14T06:30:00,599,615,24,11,5,1,4,594,train
CTU-Malware-Capture-Botnet-44,Rbot,C:\Users\Montana\My Code\CSCI611_Montana_Pawek\GNN\packagedData\graphs\CTU-Malware-Capture-Botnet-44\CTU-Malware-Capture-Botnet-44__20110814_063000.pt,CTU-Malware-Capture-Botnet-44\CTU-Malware-Capture-Botnet-44__20110814_063000.pt,data/rbotFamily/CTU-Malware-Capture-Botnet-44/capture20110812.binetflow,2011-08-14T06:30:00,2011-08-14T06:35:00,598,601,24,11,5,1,4,593,train
CTU-Malware-Capture-Botnet-44,Rbot,C:\Users\Montana\My Code\CSCI611_Montana_Pawek\GNN\packagedData\graphs\CTU-Malware-Capture-Botnet-44\CTU-Malware-Capture-Botnet-44__20110814_063500.pt,CTU-Malware-Capture-Botnet-44\CTU-Malware-Capture-Botnet-44__20110814_063500.pt,data/rbotFamily/CTU-Malware-Capture-Botnet-44/capture20110812.binetflow,2011-08-14T06:35:00,2011-08-14T06:40:00,609,600,24,11,6,2,4,603,train
CTU-Malware-Capture-Botnet-44,Rbot,C:\Users\Montana\My Code\CSCI611_Montana_Pawek\GNN\packagedData\graphs\CTU-Malware-Capture-Botnet-44\CTU-Malware-Capture-Botnet-44__20110814_064000.pt,CTU-Malware-Capture-Botnet-44\CTU-Malware-Capture-Botnet-44__20110814_064000.pt,data/rbotFamily/CTU-Malware-Capture-Botnet-44/capture20110812.binetflow,2011-08-14T06:40:00,2011-08-14T06:45:00,624,648,24,11,5,1,4,619,train
CTU-Malware-Capture-Botnet-44,Rbot,C:\Users\Montana\My Code\CSCI611_Montana_Pawek\GNN\packagedData\graphs\CTU-Malware-Capture-Botnet-44\CTU-Malware-Capture-Botnet-44__20110814_064500.pt,CTU-Malware-Capture-Botnet-44\CTU-Malware-Capture-Botnet-44__20110814_064500.pt,data/rbotFamily/CTU-Malware-Capture-Botnet-44/capture20110812.binetflow,2011-08-14T06:45:00,2011-08-14T06:50:00,559,578,24,11,6,1,5,553,train
CTU-Malware-Capture-Botnet-44,Rbot,C:\Users\Montana\My Code\CSCI611_Montana_Pawek\GNN\packagedData\graphs\CTU-Malware-Capture-Botnet-44\CTU-Malware-Capture-Botnet-44__20110814_065000.pt,CTU-Malware-Capture-Botnet-44\CTU-Malware-Capture-Botnet-44__20110814_065000.pt,data/rbotFamily/CTU-Malware-Capture-Botnet-44/capture20110812.binetflow,2011-08-14T06:50:00,2011-08-14T06:55:00,578,572,24,11,6,1,5,572,train
CTU-Malware-Capture-Botnet-44,Rbot,C:\Users\Montana\My Code\CSCI611_Montana_Pawek\GNN\packagedData\graphs\CTU-Malware-Capture-Botnet-44\CTU-Malware-Capture-Botnet-44__20110814_065500.pt,CTU-Malware-Capture-Botnet-44\CTU-Malware-Capture-Botnet-44__20110814_065500.pt,data/rbotFamily/CTU-Malware-Capture-Botnet-44/capture20110812.binetflow,2011-08-14T06:55:00,2011-08-14T07:00:00,563,565,24,11,5,1,4,558,train
CTU-Malware-Capture-Botnet-44,Rbot,C:\Users\Montana\My Code\CSCI611_Montana_Pawek\GNN\packagedData\graphs\CTU-Malware-Capture-Botnet-44\CTU-Malware-Capture-Botnet-44__20110814_070000.pt,CTU-Malware-Capture-Botnet-44\CTU-Malware-Capture-Botnet-44__20110814_070000.pt,data/rbotFamily/CTU-Malware-Capture-Botnet-44/capture20110812.binetflow,2011-08-14T07:00:00,2011-08-14T07:05:00,565,572,24,11,5,1,4,560,train
CTU-Malware-Capture-Botnet-44,Rbot,C:\Users\Montana\My Code\CSCI611_Montana_Pawek\GNN\packagedData\graphs\CTU-Malware-Capture-Botnet-44\CTU-Malware-Capture-Botnet-44__20110814_070500.pt,CTU-Malware-Capture-Botnet-44\CTU-Malware-Capture-Botnet-44__20110814_070500.pt,data/rbotFamily/CTU-Malware-Capture-Botnet-44/capture20110812.binetflow,2011-08-14T07:05:00,2011-08-14T07:10:00,595,591,24,11,6,1,5,589,train
CTU-Malware-Capture-Botnet-44,Rbot,C:\Users\Montana\My Code\CSCI611_Montana_Pawek\GNN\packagedData\graphs\CTU-Malware-Capture-Botnet-44\CTU-Malware-Capture-Botnet-44__20110814_071000.pt,CTU-Malware-Capture-Botnet-44\CTU-Malware-Capture-Botnet-44__20110814_071000.pt,data/rbotFamily/CTU-Malware-Capture-Botnet-44/capture20110812.binetflow,2011-08-14T07:10:00,2011-08-14T07:15:00,567,562,24,11,5,1,4,562,train
CTU-Malware-Capture-Botnet-44,Rbot,C:\Users\Montana\My Code\CSCI611_Montana_Pawek\GNN\packagedData\graphs\CTU-Malware-Capture-Botnet-44\CTU-Malware-Capture-Botnet-44__20110814_071500.pt,CTU-Malware-Capture-Botnet-44\CTU-Malware-Capture-Botnet-44__20110814_071500.pt,data/rbotFamily/CTU-Malware-Capture-Botnet-44/capture20110812.binetflow,2011-08-14T07:15:00,2011-08-14T07:20:00,1382,1597,24,11,7,1,6,1375,train
CTU-Malware-Capture-Botnet-44,Rbot,C:\Users\Montana\My Code\CSCI611_Montana_Pawek\GNN\packagedData\graphs\CTU-Malware-Capture-Botnet-44\CTU-Malware-Capture-Botnet-44__20110814_072000.pt,CTU-Malware-Capture-Botnet-44\CTU-Malware-Capture-Botnet-44__20110814_072000.pt,data/rbotFamily/CTU-Malware-Capture-Botnet-44/capture20110812.binetflow,2011-08-14T07:20:00,2011-08-14T07:25:00,614,635,24,11,5,1,4,609,train
CTU-Malware-Capture-Botnet-44,Rbot,C:\Users\Montana\My Code\CSCI611_Montana_Pawek\GNN\packagedData\graphs\CTU-Malware-Capture-Botnet-44\CTU-Malware-Capture-Botnet-44__20110814_072500.pt,CTU-Malware-Capture-Botnet-44\CTU-Malware-Capture-Botnet-44__20110814_072500.pt,data/rbotFamily/CTU-Malware-Capture-Botnet-44/capture20110812.binetflow,2011-08-14T07:25:00,2011-08-14T07:30:00,597,611,24,11,5,1,4,592,train
CTU-Malware-Capture-Botnet-44,Rbot,C:\Users\Montana\My Code\CSCI611_Montana_Pawek\GNN\packagedData\graphs\CTU-Malware-Capture-Botnet-44\CTU-Malware-Capture-Botnet-44__20110814_073000.pt,CTU-Malware-Capture-Botnet-44\CTU-Malware-Capture-Botnet-44__20110814_073000.pt,data/rbotFamily/CTU-Malware-Capture-Botnet-44/capture20110812.binetflow,2011-08-14T07:30:00,2011-08-14T07:35:00,583,599,24,11,6,1,5,577,train
CTU-Malware-Capture-Botnet-44,Rbot,C:\Users\Montana\My Code\CSCI611_Montana_Pawek\GNN\packagedData\graphs\CTU-Malware-Capture-Botnet-44\CTU-Malware-Capture-Botnet-44__20110814_073500.pt,CTU-Malware-Capture-Botnet-44\CTU-Malware-Capture-Botnet-44__20110814_073500.pt,data/rbotFamily/CTU-Malware-Capture-Botnet-44/capture20110812.binetflow,2011-08-14T07:35:00,2011-08-14T07:40:00,611,621,24,11,5,1,4,606,train
CTU-Malware-Capture-Botnet-44,Rbot,C:\Users\Montana\My Code\CSCI611_Montana_Pawek\GNN\packagedData\graphs\CTU-Malware-Capture-Botnet-44\CTU-Malware-Capture-Botnet-44__20110814_074000.pt,CTU-Malware-Capture-Botnet-44\CTU-Malware-Capture-Botnet-44__20110814_074000.pt,data/rbotFamily/CTU-Malware-Capture-Botnet-44/capture20110812.binetflow,2011-08-14T07:40:00,2011-08-14T07:45:00,636,634,24,11,6,2,4,630,train
CTU-Malware-Capture-Botnet-44,Rbot,C:\Users\Montana\My Code\CSCI611_Montana_Pawek\GNN\packagedData\graphs\CTU-Malware-Capture-Botnet-44\CTU-Malware-Capture-Botnet-44__20110814_074500.pt,CTU-Malware-Capture-Botnet-44\CTU-Malware-Capture-Botnet-44__20110814_074500.pt,data/rbotFamily/CTU-Malware-Capture-Botnet-44/capture20110812.binetflow,2011-08-14T07:45:00,2011-08-14T07:50:00,653,783,24,11,6,1,5,647,train
CTU-Malware-Capture-Botnet-44,Rbot,C:\Users\Montana\My Code\CSCI611_Montana_Pawek\GNN\packagedData\graphs\CTU-Malware-Capture-Botnet-44\CTU-Malware-Capture-Botnet-44__20110814_075000.pt,CTU-Malware-Capture-Botnet-44\CTU-Malware-Capture-Botnet-44__20110814_075000.pt,data/rbotFamily/CTU-Malware-Capture-Botnet-44/capture20110812.binetflow,2011-08-14T07:50:00,2011-08-14T07:55:00,723,887,24,11,6,1,5,717,train
CTU-Malware-Capture-Botnet-44,Rbot,C:\Users\Montana\My Code\CSCI611_Montana_Pawek\GNN\packagedData\graphs\CTU-Malware-Capture-Botnet-44\CTU-Malware-Capture-Botnet-44__20110814_075500.pt,CTU-Malware-Capture-Botnet-44\CTU-Malware-Capture-Botnet-44__20110814_075500.pt,data/rbotFamily/CTU-Malware-Capture-Botnet-44/capture20110812.binetflow,2011-08-14T07:55:00,2011-08-14T08:00:00,593,608,24,11,5,1,4,588,train
CTU-Malware-Capture-Botnet-44,Rbot,C:\Users\Montana\My Code\CSCI611_Montana_Pawek\GNN\packagedData\graphs\CTU-Malware-Capture-Botnet-44\CTU-Malware-Capture-Botnet-44__20110814_080000.pt,CTU-Malware-Capture-Botnet-44\CTU-Malware-Capture-Botnet-44__20110814_080000.pt,data/rbotFamily/CTU-Malware-Capture-Botnet-44/capture20110812.binetflow,2011-08-14T08:00:00,2011-08-14T08:05:00,878,987,24,11,7,1,6,871,train
CTU-Malware-Capture-Botnet-44,Rbot,C:\Users\Montana\My Code\CSCI611_Montana_Pawek\GNN\packagedData\graphs\CTU-Malware-Capture-Botnet-44\CTU-Malware-Capture-Botnet-44__20110814_080500.pt,CTU-Malware-Capture-Botnet-44\CTU-Malware-Capture-Botnet-44__20110814_080500.pt,data/rbotFamily/CTU-Malware-Capture-Botnet-44/capture20110812.binetflow,2011-08-14T08:05:00,2011-08-14T08:10:00,578,572,24,11,6,1,5,572,train
CTU-Malware-Capture-Botnet-44,Rbot,C:\Users\Montana\My Code\CSCI611_Montana_Pawek\GNN\packagedData\graphs\CTU-Malware-Capture-Botnet-44\CTU-Malware-Capture-Botnet-44__20110814_081000.pt,CTU-Malware-Capture-Botnet-44\CTU-Malware-Capture-Botnet-44__20110814_081000.pt,data/rbotFamily/CTU-Malware-Capture-Botnet-44/capture20110812.binetflow,2011-08-14T08:10:00,2011-08-14T08:15:00,606,615,24,11,5,1,4,601,train
CTU-Malware-Capture-Botnet-44,Rbot,C:\Users\Montana\My Code\CSCI611_Montana_Pawek\GNN\packagedData\graphs\CTU-Malware-Capture-Botnet-44\CTU-Malware-Capture-Botnet-44__20110814_081500.pt,CTU-Malware-Capture-Botnet-44\CTU-Malware-Capture-Botnet-44__20110814_081500.pt,data/rbotFamily/CTU-Malware-Capture-Botnet-44/capture20110812.binetflow,2011-08-14T08:15:00,2011-08-14T08:20:00,585,596,24,11,5,1,4,580,train
CTU-Malware-Capture-Botnet-44,Rbot,C:\Users\Montana\My Code\CSCI611_Montana_Pawek\GNN\packagedData\graphs\CTU-Malware-Capture-Botnet-44\CTU-Malware-Capture-Botnet-44__20110814_082000.pt,CTU-Malware-Capture-Botnet-44\CTU-Malware-Capture-Botnet-44__20110814_082000.pt,data/rbotFamily/CTU-Malware-Capture-Botnet-44/capture20110812.binetflow,2011-08-14T08:20:00,2011-08-14T08:25:00,617,630,24,11,6,1,5,611,train
CTU-Malware-Capture-Botnet-44,Rbot,C:\Users\Montana\My Code\CSCI611_Montana_Pawek\GNN\packagedData\graphs\CTU-Malware-Capture-Botnet-44\CTU-Malware-Capture-Botnet-44__20110814_082500.pt,CTU-Malware-Capture-Botnet-44\CTU-Malware-Capture-Botnet-44__20110814_082500.pt,data/rbotFamily/CTU-Malware-Capture-Botnet-44/capture20110812.binetflow,2011-08-14T08:25:00,2011-08-14T08:30:00,606,606,24,11,6,1,5,600,train
CTU-Malware-Capture-Botnet-44,Rbot,C:\Users\Montana\My Code\CSCI611_Montana_Pawek\GNN\packagedData\graphs\CTU-Malware-Capture-Botnet-44\CTU-Malware-Capture-Botnet-44__20110814_083000.pt,CTU-Malware-Capture-Botnet-44\CTU-Malware-Capture-Botnet-44__20110814_083000.pt,data/rbotFamily/CTU-Malware-Capture-Botnet-44/capture20110812.binetflow,2011-08-14T08:30:00,2011-08-14T08:35:00,628,645,24,11,5,1,4,623,train
CTU-Malware-Capture-Botnet-44,Rbot,C:\Users\Montana\My Code\CSCI611_Montana_Pawek\GNN\packagedData\graphs\CTU-Malware-Capture-Botnet-44\CTU-Malware-Capture-Botnet-44__20110814_083500.pt,CTU-Malware-Capture-Botnet-44\CTU-Malware-Capture-Botnet-44__20110814_083500.pt,data/rbotFamily/CTU-Malware-Capture-Botnet-44/capture20110812.binetflow,2011-08-14T08:35:00,2011-08-14T08:40:00,601,608,24,11,5,1,4,596,train
CTU-Malware-Capture-Botnet-44,Rbot,C:\Users\Montana\My Code\CSCI611_Montana_Pawek\GNN\packagedData\graphs\CTU-Malware-Capture-Botnet-44\CTU-Malware-Capture-Botnet-44__20110814_084000.pt,CTU-Malware-Capture-Botnet-44\CTU-Malware-Capture-Botnet-44__20110814_084000.pt,data/rbotFamily/CTU-Malware-Capture-Botnet-44/capture20110812.binetflow,2011-08-14T08:40:00,2011-08-14T08:45:00,629,640,24,11,7,2,5,622,train
CTU-Malware-Capture-Botnet-44,Rbot,C:\Users\Montana\My Code\CSCI611_Montana_Pawek\GNN\packagedData\graphs\CTU-Malware-Capture-Botnet-44\CTU-Malware-Capture-Botnet-44__20110814_084500.pt,CTU-Malware-Capture-Botnet-44\CTU-Malware-Capture-Botnet-44__20110814_084500.pt,data/rbotFamily/CTU-Malware-Capture-Botnet-44/capture20110812.binetflow,2011-08-14T08:45:00,2011-08-14T08:50:00,600,596,24,11,6,1,5,594,train
CTU-Malware-Capture-Botnet-44,Rbot,C:\Users\Montana\My Code\CSCI611_Montana_Pawek\GNN\packagedData\graphs\CTU-Malware-Capture-Botnet-44\CTU-Malware-Capture-Botnet-44__20110814_085000.pt,CTU-Malware-Capture-Botnet-44\CTU-Malware-Capture-Botnet-44__20110814_085000.pt,data/rbotFamily/CTU-Malware-Capture-Botnet-44/capture20110812.binetflow,2011-08-14T08:50:00,2011-08-14T08:55:00,560,557,24,11,5,1,4,555,train
CTU-Malware-Capture-Botnet-44,Rbot,C:\Users\Montana\My Code\CSCI611_Montana_Pawek\GNN\packagedData\graphs\CTU-Malware-Capture-Botnet-44\CTU-Malware-Capture-Botnet-44__20110814_085500.pt,CTU-Malware-Capture-Botnet-44\CTU-Malware-Capture-Botnet-44__20110814_085500.pt,data/rbotFamily/CTU-Malware-Capture-Botnet-44/capture20110812.binetflow,2011-08-14T08:55:00,2011-08-14T09:00:00,593,575,24,11,5,1,4,588,train
CTU-Malware-Capture-Botnet-44,Rbot,C:\Users\Montana\My Code\CSCI611_Montana_Pawek\GNN\packagedData\graphs\CTU-Malware-Capture-Botnet-44\CTU-Malware-Capture-Botnet-44__20110814_090000.pt,CTU-Malware-Capture-Botnet-44\CTU-Malware-Capture-Botnet-44__20110814_090000.pt,data/rbotFamily/CTU-Malware-Capture-Botnet-44/capture20110812.binetflow,2011-08-14T09:00:00,2011-08-14T09:05:00,829,900,24,11,5,1,4,824,train
CTU-Malware-Capture-Botnet-44,Rbot,C:\Users\Montana\My Code\CSCI611_Montana_Pawek\GNN\packagedData\graphs\CTU-Malware-Capture-Botnet-44\CTU-Malware-Capture-Botnet-44__20110814_090500.pt,CTU-Malware-Capture-Botnet-44\CTU-Malware-Capture-Botnet-44__20110814_090500.pt,data/rbotFamily/CTU-Malware-Capture-Botnet-44/capture20110812.binetflow,2011-08-14T09:05:00,2011-08-14T09:10:00,577,585,24,11,6,1,5,571,train
CTU-Malware-Capture-Botnet-44,Rbot,C:\Users\Montana\My Code\CSCI611_Montana_Pawek\GNN\packagedData\graphs\CTU-Malware-Capture-Botnet-44\CTU-Malware-Capture-Botnet-44__20110814_091000.pt,CTU-Malware-Capture-Botnet-44\CTU-Malware-Capture-Botnet-44__20110814_091000.pt,data/rbotFamily/CTU-Malware-Capture-Botnet-44/capture20110812.binetflow,2011-08-14T09:10:00,2011-08-14T09:15:00,592,595,24,11,5,1,4,587,train
CTU-Malware-Capture-Botnet-44,Rbot,C:\Users\Montana\My Code\CSCI611_Montana_Pawek\GNN\packagedData\graphs\CTU-Malware-Capture-Botnet-44\CTU-Malware-Capture-Botnet-44__20110814_091500.pt,CTU-Malware-Capture-Botnet-44\CTU-Malware-Capture-Botnet-44__20110814_091500.pt,data/rbotFamily/CTU-Malware-Capture-Botnet-44/capture20110812.binetflow,2011-08-14T09:15:00,2011-08-14T09:20:00,1391,2047,24,11,7,1,6,1384,train
CTU-Malware-Capture-Botnet-44,Rbot,C:\Users\Montana\My Code\CSCI611_Montana_Pawek\GNN\packagedData\graphs\CTU-Malware-Capture-Botnet-44\CTU-Malware-Capture-Botnet-44__20110814_092000.pt,CTU-Malware-Capture-Botnet-44\CTU-Malware-Capture-Botnet-44__20110814_092000.pt,data/rbotFamily/CTU-Malware-Capture-Botnet-44/capture20110812.binetflow,2011-08-14T09:20:00,2011-08-14T09:25:00,1056,1195,24,11,6,0,6,1050,train
CTU-Malware-Capture-Botnet-44,Rbot,C:\Users\Montana\My Code\CSCI611_Montana_Pawek\GNN\packagedData\graphs\CTU-Malware-Capture-Botnet-44\CTU-Malware-Capture-Botnet-44__20110814_092500.pt,CTU-Malware-Capture-Botnet-44\CTU-Malware-Capture-Botnet-44__20110814_092500.pt,data/rbotFamily/CTU-Malware-Capture-Botnet-44/capture20110812.binetflow,2011-08-14T09:25:00,2011-08-14T09:30:00,637,617,24,11,6,1,5,631,train
CTU-Malware-Capture-Botnet-44,Rbot,C:\Users\Montana\My Code\CSCI611_Montana_Pawek\GNN\packagedData\graphs\CTU-Malware-Capture-Botnet-44\CTU-Malware-Capture-Botnet-44__20110814_093000.pt,CTU-Malware-Capture-Botnet-44\CTU-Malware-Capture-Botnet-44__20110814_093000.pt,data/rbotFamily/CTU-Malware-Capture-Botnet-44/capture20110812.binetflow,2011-08-14T09:30:00,2011-08-14T09:35:00,647,655,24,11,5,0,5,642,train
CTU-Malware-Capture-Botnet-44,Rbot,C:\Users\Montana\My Code\CSCI611_Montana_Pawek\GNN\packagedData\graphs\CTU-Malware-Capture-Botnet-44\CTU-Malware-Capture-Botnet-44__20110814_093500.pt,CTU-Malware-Capture-Botnet-44\CTU-Malware-Capture-Botnet-44__20110814_093500.pt,data/rbotFamily/CTU-Malware-Capture-Botnet-44/capture20110812.binetflow,2011-08-14T09:35:00,2011-08-14T09:40:00,620,632,24,11,5,0,5,615,train
CTU-Malware-Capture-Botnet-44,Rbot,C:\Users\Montana\My Code\CSCI611_Montana_Pawek\GNN\packagedData\graphs\CTU-Malware-Capture-Botnet-44\CTU-Malware-Capture-Botnet-44__20110814_094000.pt,CTU-Malware-Capture-Botnet-44\CTU-Malware-Capture-Botnet-44__20110814_094000.pt,data/rbotFamily/CTU-Malware-Capture-Botnet-44/capture20110812.binetflow,2011-08-14T09:40:00,2011-08-14T09:45:00,654,667,24,11,5,0,5,649,train
CTU-Malware-Capture-Botnet-44,Rbot,C:\Users\Montana\My Code\CSCI611_Montana_Pawek\GNN\packagedData\graphs\CTU-Malware-Capture-Botnet-44\CTU-Malware-Capture-Botnet-44__20110814_094500.pt,CTU-Malware-Capture-Botnet-44\CTU-Malware-Capture-Botnet-44__20110814_094500.pt,data/rbotFamily/CTU-Malware-Capture-Botnet-44/capture20110812.binetflow,2011-08-14T09:45:00,2011-08-14T09:50:00,624,627,24,11,7,2,5,617,train
CTU-Malware-Capture-Botnet-44,Rbot,C:\Users\Montana\My Code\CSCI611_Montana_Pawek\GNN\packagedData\graphs\CTU-Malware-Capture-Botnet-44\CTU-Malware-Capture-Botnet-44__20110814_095000.pt,CTU-Malware-Capture-Botnet-44\CTU-Malware-Capture-Botnet-44__20110814_095000.pt,data/rbotFamily/CTU-Malware-Capture-Botnet-44/capture20110812.binetflow,2011-08-14T09:50:00,2011-08-14T09:55:00,1411,1636,24,11,7,1,6,1404,train
CTU-Malware-Capture-Botnet-44,Rbot,C:\Users\Montana\My Code\CSCI611_Montana_Pawek\GNN\packagedData\graphs\CTU-Malware-Capture-Botnet-44\CTU-Malware-Capture-Botnet-44__20110814_095500.pt,CTU-Malware-Capture-Botnet-44\CTU-Malware-Capture-Botnet-44__20110814_095500.pt,data/rbotFamily/CTU-Malware-Capture-Botnet-44/capture20110812.binetflow,2011-08-14T09:55:00,2011-08-14T10:00:00,790,1001,24,11,5,0,5,785,train
CTU-Malware-Capture-Botnet-44,Rbot,C:\Users\Montana\My Code\CSCI611_Montana_Pawek\GNN\packagedData\graphs\CTU-Malware-Capture-Botnet-44\CTU-Malware-Capture-Botnet-44__20110814_100000.pt,CTU-Malware-Capture-Botnet-44\CTU-Malware-Capture-Botnet-44__20110814_100000.pt,data/rbotFamily/CTU-Malware-Capture-Botnet-44/capture20110812.binetflow,2011-08-14T10:00:00,2011-08-14T10:05:00,621,678,24,11,5,0,5,616,train
CTU-Malware-Capture-Botnet-44,Rbot,C:\Users\Montana\My Code\CSCI611_Montana_Pawek\GNN\packagedData\graphs\CTU-Malware-Capture-Botnet-44\CTU-Malware-Capture-Botnet-44__20110814_100500.pt,CTU-Malware-Capture-Botnet-44\CTU-Malware-Capture-Botnet-44__20110814_100500.pt,data/rbotFamily/CTU-Malware-Capture-Botnet-44/capture20110812.binetflow,2011-08-14T10:05:00,2011-08-14T10:10:00,639,633,24,11,4,0,4,635,train
CTU-Malware-Capture-Botnet-44,Rbot,C:\Users\Montana\My Code\CSCI611_Montana_Pawek\GNN\packagedData\graphs\CTU-Malware-Capture-Botnet-44\CTU-Malware-Capture-Botnet-44__20110814_101000.pt,CTU-Malware-Capture-Botnet-44\CTU-Malware-Capture-Botnet-44__20110814_101000.pt,data/rbotFamily/CTU-Malware-Capture-Botnet-44/capture20110812.binetflow,2011-08-14T10:10:00,2011-08-14T10:15:00,640,643,24,11,5,0,5,635,train
CTU-Malware-Capture-Botnet-44,Rbot,C:\Users\Montana\My Code\CSCI611_Montana_Pawek\GNN\packagedData\graphs\CTU-Malware-Capture-Botnet-44\CTU-Malware-Capture-Botnet-44__20110814_101500.pt,CTU-Malware-Capture-Botnet-44\CTU-Malware-Capture-Botnet-44__20110814_101500.pt,data/rbotFamily/CTU-Malware-Capture-Botnet-44/capture20110812.binetflow,2011-08-14T10:15:00,2011-08-14T10:20:00,626,619,24,11,5,0,5,621,train
CTU-Malware-Capture-Botnet-44,Rbot,C:\Users\Montana\My Code\CSCI611_Montana_Pawek\GNN\packagedData\graphs\CTU-Malware-Capture-Botnet-44\CTU-Malware-Capture-Botnet-44__20110814_102000.pt,CTU-Malware-Capture-Botnet-44\CTU-Malware-Capture-Botnet-44__20110814_102000.pt,data/rbotFamily/CTU-Malware-Capture-Botnet-44/capture20110812.binetflow,2011-08-14T10:20:00,2011-08-14T10:25:00,674,685,24,11,4,0,4,670,train
CTU-Malware-Capture-Botnet-44,Rbot,C:\Users\Montana\My Code\CSCI611_Montana_Pawek\GNN\packagedData\graphs\CTU-Malware-Capture-Botnet-44\CTU-Malware-Capture-Botnet-44__20110814_102500.pt,CTU-Malware-Capture-Botnet-44\CTU-Malware-Capture-Botnet-44__20110814_102500.pt,data/rbotFamily/CTU-Malware-Capture-Botnet-44/capture20110812.binetflow,2011-08-14T10:25:00,2011-08-14T10:30:00,633,637,24,11,6,0,6,627,train
CTU-Malware-Capture-Botnet-44,Rbot,C:\Users\Montana\My Code\CSCI611_Montana_Pawek\GNN\packagedData\graphs\CTU-Malware-Capture-Botnet-44\CTU-Malware-Capture-Botnet-44__20110814_103000.pt,CTU-Malware-Capture-Botnet-44\CTU-Malware-Capture-Botnet-44__20110814_103000.pt,data/rbotFamily/CTU-Malware-Capture-Botnet-44/capture20110812.binetflow,2011-08-14T10:30:00,2011-08-14T10:35:00,651,644,24,11,4,0,4,647,train
CTU-Malware-Capture-Botnet-44,Rbot,C:\Users\Montana\My Code\CSCI611_Montana_Pawek\GNN\packagedData\graphs\CTU-Malware-Capture-Botnet-44\CTU-Malware-Capture-Botnet-44__20110814_103500.pt,CTU-Malware-Capture-Botnet-44\CTU-Malware-Capture-Botnet-44__20110814_103500.pt,data/rbotFamily/CTU-Malware-Capture-Botnet-44/capture20110812.binetflow,2011-08-14T10:35:00,2011-08-14T10:40:00,643,637,24,11,5,0,5,638,train
CTU-Malware-Capture-Botnet-44,Rbot,C:\Users\Montana\My Code\CSCI611_Montana_Pawek\GNN\packagedData\graphs\CTU-Malware-Capture-Botnet-44\CTU-Malware-Capture-Botnet-44__20110814_104000.pt,CTU-Malware-Capture-Botnet-44\CTU-Malware-Capture-Botnet-44__20110814_104000.pt,data/rbotFamily/CTU-Malware-Capture-Botnet-44/capture20110812.binetflow,2011-08-14T10:40:00,2011-08-14T10:45:00,702,712,24,11,5,0,5,697,train
CTU-Malware-Capture-Botnet-44,Rbot,C:\Users\Montana\My Code\CSCI611_Montana_Pawek\GNN\packagedData\graphs\CTU-Malware-Capture-Botnet-44\CTU-Malware-Capture-Botnet-44__20110814_104500.pt,CTU-Malware-Capture-Botnet-44\CTU-Malware-Capture-Botnet-44__20110814_104500.pt,data/rbotFamily/CTU-Malware-Capture-Botnet-44/capture20110812.binetflow,2011-08-14T10:45:00,2011-08-14T10:50:00,766,805,24,11,7,2,5,759,train
CTU-Malware-Capture-Botnet-44,Rbot,C:\Users\Montana\My Code\CSCI611_Montana_Pawek\GNN\packagedData\graphs\CTU-Malware-Capture-Botnet-44\CTU-Malware-Capture-Botnet-44__20110814_105000.pt,CTU-Malware-Capture-Botnet-44\CTU-Malware-Capture-Botnet-44__20110814_105000.pt,data/rbotFamily/CTU-Malware-Capture-Botnet-44/capture20110812.binetflow,2011-08-14T10:50:00,2011-08-14T10:55:00,618,623,24,11,4,0,4,614,train
CTU-Malware-Capture-Botnet-44,Rbot,C:\Users\Montana\My Code\CSCI611_Montana_Pawek\GNN\packagedData\graphs\CTU-Malware-Capture-Botnet-44\CTU-Malware-Capture-Botnet-44__20110814_105500.pt,CTU-Malware-Capture-Botnet-44\CTU-Malware-Capture-Botnet-44__20110814_105500.pt,data/rbotFamily/CTU-Malware-Capture-Botnet-44/capture20110812.binetflow,2011-08-14T10:55:00,2011-08-14T11:00:00,602,595,24,11,5,1,4,597,train
CTU-Malware-Capture-Botnet-44,Rbot,C:\Users\Montana\My Code\CSCI611_Montana_Pawek\GNN\packagedData\graphs\CTU-Malware-Capture-Botnet-44\CTU-Malware-Capture-Botnet-44__20110814_110000.pt,CTU-Malware-Capture-Botnet-44\CTU-Malware-Capture-Botnet-44__20110814_110000.pt,data/rbotFamily/CTU-Malware-Capture-Botnet-44/capture20110812.binetflow,2011-08-14T11:00:00,2011-08-14T11:05:00,717,729,24,11,5,0,5,712,train
CTU-Malware-Capture-Botnet-44,Rbot,C:\Users\Montana\My Code\CSCI611_Montana_Pawek\GNN\packagedData\graphs\CTU-Malware-Capture-Botnet-44\CTU-Malware-Capture-Botnet-44__20110814_110500.pt,CTU-Malware-Capture-Botnet-44\CTU-Malware-Capture-Botnet-44__20110814_110500.pt,data/rbotFamily/CTU-Malware-Capture-Botnet-44/capture20110812.binetflow,2011-08-14T11:05:00,2011-08-14T11:10:00,632,633,24,11,4,0,4,628,train
CTU-Malware-Capture-Botnet-44,Rbot,C:\Users\Montana\My Code\CSCI611_Montana_Pawek\GNN\packagedData\graphs\CTU-Malware-Capture-Botnet-44\CTU-Malware-Capture-Botnet-44__20110814_111000.pt,CTU-Malware-Capture-Botnet-44\CTU-Malware-Capture-Botnet-44__20110814_111000.pt,data/rbotFamily/CTU-Malware-Capture-Botnet-44/capture20110812.binetflow,2011-08-14T11:10:00,2011-08-14T11:15:00,591,595,24,11,5,0,5,586,train
CTU-Malware-Capture-Botnet-44,Rbot,C:\Users\Montana\My Code\CSCI611_Montana_Pawek\GNN\packagedData\graphs\CTU-Malware-Capture-Botnet-44\CTU-Malware-Capture-Botnet-44__20110814_111500.pt,CTU-Malware-Capture-Botnet-44\CTU-Malware-Capture-Botnet-44__20110814_111500.pt,data/rbotFamily/CTU-Malware-Capture-Botnet-44/capture20110812.binetflow,2011-08-14T11:15:00,2011-08-14T11:20:00,1409,1618,24,11,7,1,6,1402,train
CTU-Malware-Capture-Botnet-44,Rbot,C:\Users\Montana\My Code\CSCI611_Montana_Pawek\GNN\packagedData\graphs\CTU-Malware-Capture-Botnet-44\CTU-Malware-Capture-Botnet-44__20110814_112000.pt,CTU-Malware-Capture-Botnet-44\CTU-Malware-Capture-Botnet-44__20110814_112000.pt,data/rbotFamily/CTU-Malware-Capture-Botnet-44/capture20110812.binetflow,2011-08-14T11:20:00,2011-08-14T11:25:00,656,660,24,11,5,0,5,651,train
CTU-Malware-Capture-Botnet-44,Rbot,C:\Users\Montana\My Code\CSCI611_Montana_Pawek\GNN\packagedData\graphs\CTU-Malware-Capture-Botnet-44\CTU-Malware-Capture-Botnet-44__20110814_112500.pt,CTU-Malware-Capture-Botnet-44\CTU-Malware-Capture-Botnet-44__20110814_112500.pt,data/rbotFamily/CTU-Malware-Capture-Botnet-44/capture20110812.binetflow,2011-08-14T11:25:00,2011-08-14T11:30:00,672,668,24,11,4,0,4,668,train
CTU-Malware-Capture-Botnet-44,Rbot,C:\Users\Montana\My Code\CSCI611_Montana_Pawek\GNN\packagedData\graphs\CTU-Malware-Capture-Botnet-44\CTU-Malware-Capture-Botnet-44__20110814_113000.pt,CTU-Malware-Capture-Botnet-44\CTU-Malware-Capture-Botnet-44__20110814_113000.pt,data/rbotFamily/CTU-Malware-Capture-Botnet-44/capture20110812.binetflow,2011-08-14T11:30:00,2011-08-14T11:35:00,619,623,24,11,5,0,5,614,train
CTU-Malware-Capture-Botnet-44,Rbot,C:\Users\Montana\My Code\CSCI611_Montana_Pawek\GNN\packagedData\graphs\CTU-Malware-Capture-Botnet-44\CTU-Malware-Capture-Botnet-44__20110814_113500.pt,CTU-Malware-Capture-Botnet-44\CTU-Malware-Capture-Botnet-44__20110814_113500.pt,data/rbotFamily/CTU-Malware-Capture-Botnet-44/capture20110812.binetflow,2011-08-14T11:35:00,2011-08-14T11:40:00,639,640,24,11,4,0,4,635,train
CTU-Malware-Capture-Botnet-44,Rbot,C:\Users\Montana\My Code\CSCI611_Montana_Pawek\GNN\packagedData\graphs\CTU-Malware-Capture-Botnet-44\CTU-Malware-Capture-Botnet-44__20110814_114000.pt,CTU-Malware-Capture-Botnet-44\CTU-Malware-Capture-Botnet-44__20110814_114000.pt,data/rbotFamily/CTU-Malware-Capture-Botnet-44/capture20110812.binetflow,2011-08-14T11:40:00,2011-08-14T11:45:00,672,682,24,11,5,0,5,667,train
CTU-Malware-Capture-Botnet-44,Rbot,C:\Users\Montana\My Code\CSCI611_Montana_Pawek\GNN\packagedData\graphs\CTU-Malware-Capture-Botnet-44\CTU-Malware-Capture-Botnet-44__20110814_114500.pt,CTU-Malware-Capture-Botnet-44\CTU-Malware-Capture-Botnet-44__20110814_114500.pt,data/rbotFamily/CTU-Malware-Capture-Botnet-44/capture20110812.binetflow,2011-08-14T11:45:00,2011-08-14T11:50:00,645,645,24,11,5,0,5,640,train
CTU-Malware-Capture-Botnet-44,Rbot,C:\Users\Montana\My Code\CSCI611_Montana_Pawek\GNN\packagedData\graphs\CTU-Malware-Capture-Botnet-44\CTU-Malware-Capture-Botnet-44__20110814_115000.pt,CTU-Malware-Capture-Botnet-44\CTU-Malware-Capture-Botnet-44__20110814_115000.pt,data/rbotFamily/CTU-Malware-Capture-Botnet-44/capture20110812.binetflow,2011-08-14T11:50:00,2011-08-14T11:55:00,625,638,24,11,7,2,5,618,train
CTU-Malware-Capture-Botnet-44,Rbot,C:\Users\Montana\My Code\CSCI611_Montana_Pawek\GNN\packagedData\graphs\CTU-Malware-Capture-Botnet-44\CTU-Malware-Capture-Botnet-44__20110814_115500.pt,CTU-Malware-Capture-Botnet-44\CTU-Malware-Capture-Botnet-44__20110814_115500.pt,data/rbotFamily/CTU-Malware-Capture-Botnet-44/capture20110812.binetflow,2011-08-14T11:55:00,2011-08-14T12:00:00,674,664,24,11,5,0,5,669,train
CTU-Malware-Capture-Botnet-44,Rbot,C:\Users\Montana\My Code\CSCI611_Montana_Pawek\GNN\packagedData\graphs\CTU-Malware-Capture-Botnet-44\CTU-Malware-Capture-Botnet-44__20110814_120000.pt,CTU-Malware-Capture-Botnet-44\CTU-Malware-Capture-Botnet-44__20110814_120000.pt,data/rbotFamily/CTU-Malware-Capture-Botnet-44/capture20110812.binetflow,2011-08-14T12:00:00,2011-08-14T12:05:00,646,655,24,11,4,0,4,642,train
CTU-Malware-Capture-Botnet-44,Rbot,C:\Users\Montana\My Code\CSCI611_Montana_Pawek\GNN\packagedData\graphs\CTU-Malware-Capture-Botnet-44\CTU-Malware-Capture-Botnet-44__20110814_120500.pt,CTU-Malware-Capture-Botnet-44\CTU-Malware-Capture-Botnet-44__20110814_120500.pt,data/rbotFamily/CTU-Malware-Capture-Botnet-44/capture20110812.binetflow,2011-08-14T12:05:00,2011-08-14T12:10:00,615,623,24,11,5,0,5,610,train
CTU-Malware-Capture-Botnet-44,Rbot,C:\Users\Montana\My Code\CSCI611_Montana_Pawek\GNN\packagedData\graphs\CTU-Malware-Capture-Botnet-44\CTU-Malware-Capture-Botnet-44__20110814_121000.pt,CTU-Malware-Capture-Botnet-44\CTU-Malware-Capture-Botnet-44__20110814_121000.pt,data/rbotFamily/CTU-Malware-Capture-Botnet-44/capture20110812.binetflow,2011-08-14T12:10:00,2011-08-14T12:15:00,1448,1503,24,11,6,1,5,1442,train
CTU-Malware-Capture-Botnet-44,Rbot,C:\Users\Montana\My Code\CSCI611_Montana_Pawek\GNN\packagedData\graphs\CTU-Malware-Capture-Botnet-44\CTU-Malware-Capture-Botnet-44__20110814_121500.pt,CTU-Malware-Capture-Botnet-44\CTU-Malware-Capture-Botnet-44__20110814_121500.pt,data/rbotFamily/CTU-Malware-Capture-Botnet-44/capture20110812.binetflow,2011-08-14T12:15:00,2011-08-14T12:20:00,1637,1682,24,11,5,0,5,1632,train
CTU-Malware-Capture-Botnet-44,Rbot,C:\Users\Montana\My Code\CSCI611_Montana_Pawek\GNN\packagedData\graphs\CTU-Malware-Capture-Botnet-44\CTU-Malware-Capture-Botnet-44__20110814_122000.pt,CTU-Malware-Capture-Botnet-44\CTU-Malware-Capture-Botnet-44__20110814_122000.pt,data/rbotFamily/CTU-Malware-Capture-Botnet-44/capture20110812.binetflow,2011-08-14T12:20:00,2011-08-14T12:25:00,1832,1857,24,11,5,0,5,1827,train
CTU-Malware-Capture-Botnet-44,Rbot,C:\Users\Montana\My Code\CSCI611_Montana_Pawek\GNN\packagedData\graphs\CTU-Malware-Capture-Botnet-44\CTU-Malware-Capture-Botnet-44__20110814_122500.pt,CTU-Malware-Capture-Botnet-44\CTU-Malware-Capture-Botnet-44__20110814_122500.pt,data/rbotFamily/CTU-Malware-Capture-Botnet-44/capture20110812.binetflow,2011-08-14T12:25:00,2011-08-14T12:30:00,1293,1321,24,11,5,0,5,1288,train
CTU-Malware-Capture-Botnet-44,Rbot,C:\Users\Montana\My Code\CSCI611_Montana_Pawek\GNN\packagedData\graphs\CTU-Malware-Capture-Botnet-44\CTU-Malware-Capture-Botnet-44__20110814_123000.pt,CTU-Malware-Capture-Botnet-44\CTU-Malware-Capture-Botnet-44__20110814_123000.pt,data/rbotFamily/CTU-Malware-Capture-Botnet-44/capture20110812.binetflow,2011-08-14T12:30:00,2011-08-14T12:35:00,1446,1474,24,11,4,0,4,1442,train
CTU-Malware-Capture-Botnet-44,Rbot,C:\Users\Montana\My Code\CSCI611_Montana_Pawek\GNN\packagedData\graphs\CTU-Malware-Capture-Botnet-44\CTU-Malware-Capture-Botnet-44__20110814_123500.pt,CTU-Malware-Capture-Botnet-44\CTU-Malware-Capture-Botnet-44__20110814_123500.pt,data/rbotFamily/CTU-Malware-Capture-Botnet-44/capture20110812.binetflow,2011-08-14T12:35:00,2011-08-14T12:40:00,1495,1519,24,11,4,0,4,1491,train
CTU-Malware-Capture-Botnet-44,Rbot,C:\Users\Montana\My Code\CSCI611_Montana_Pawek\GNN\packagedData\graphs\CTU-Malware-Capture-Botnet-44\CTU-Malware-Capture-Botnet-44__20110814_124000.pt,CTU-Malware-Capture-Botnet-44\CTU-Malware-Capture-Botnet-44__20110814_124000.pt,data/rbotFamily/CTU-Malware-Capture-Botnet-44/capture20110812.binetflow,2011-08-14T12:40:00,2011-08-14T12:45:00,1445,1473,24,11,4,0,4,1441,train
CTU-Malware-Capture-Botnet-44,Rbot,C:\Users\Montana\My Code\CSCI611_Montana_Pawek\GNN\packagedData\graphs\CTU-Malware-Capture-Botnet-44\CTU-Malware-Capture-Botnet-44__20110814_124500.pt,CTU-Malware-Capture-Botnet-44\CTU-Malware-Capture-Botnet-44__20110814_124500.pt,data/rbotFamily/CTU-Malware-Capture-Botnet-44/capture20110812.binetflow,2011-08-14T12:45:00,2011-08-14T12:50:00,1718,1726,24,11,5,0,5,1713,train
CTU-Malware-Capture-Botnet-44,Rbot,C:\Users\Montana\My Code\CSCI611_Montana_Pawek\GNN\packagedData\graphs\CTU-Malware-Capture-Botnet-44\CTU-Malware-Capture-Botnet-44__20110814_125000.pt,CTU-Malware-Capture-Botnet-44\CTU-Malware-Capture-Botnet-44__20110814_125000.pt,data/rbotFamily/CTU-Malware-Capture-Botnet-44/capture20110812.binetflow,2011-08-14T12:50:00,2011-08-14T12:55:00,1732,1727,24,11,6,2,4,1726,train
CTU-Malware-Capture-Botnet-44,Rbot,C:\Users\Montana\My Code\CSCI611_Montana_Pawek\GNN\packagedData\graphs\CTU-Malware-Capture-Botnet-44\CTU-Malware-Capture-Botnet-44__20110814_125500.pt,CTU-Malware-Capture-Botnet-44\CTU-Malware-Capture-Botnet-44__20110814_125500.pt,data/rbotFamily/CTU-Malware-Capture-Botnet-44/capture20110812.binetflow,2011-08-14T12:55:00,2011-08-14T13:00:00,1827,1846,24,11,5,0,5,1822,train
CTU-Malware-Capture-Botnet-44,Rbot,C:\Users\Montana\My Code\CSCI611_Montana_Pawek\GNN\packagedData\graphs\CTU-Malware-Capture-Botnet-44\CTU-Malware-Capture-Botnet-44__20110814_130000.pt,CTU-Malware-Capture-Botnet-44\CTU-Malware-Capture-Botnet-44__20110814_130000.pt,data/rbotFamily/CTU-Malware-Capture-Botnet-44/capture20110812.binetflow,2011-08-14T13:00:00,2011-08-14T13:05:00,1906,1949,24,11,5,0,5,1901,train
CTU-Malware-Capture-Botnet-44,Rbot,C:\Users\Montana\My Code\CSCI611_Montana_Pawek\GNN\packagedData\graphs\CTU-Malware-Capture-Botnet-44\CTU-Malware-Capture-Botnet-44__20110814_130500.pt,CTU-Malware-Capture-Botnet-44\CTU-Malware-Capture-Botnet-44__20110814_130500.pt,data/rbotFamily/CTU-Malware-Capture-Botnet-44/capture20110812.binetflow,2011-08-14T13:05:00,2011-08-14T13:10:00,1962,1975,24,11,4,0,4,1958,train
CTU-Malware-Capture-Botnet-44,Rbot,C:\Users\Montana\My Code\CSCI611_Montana_Pawek\GNN\packagedData\graphs\CTU-Malware-Capture-Botnet-44\CTU-Malware-Capture-Botnet-44__20110814_131000.pt,CTU-Malware-Capture-Botnet-44\CTU-Malware-Capture-Botnet-44__20110814_131000.pt,data/rbotFamily/CTU-Malware-Capture-Botnet-44/capture20110812.binetflow,2011-08-14T13:10:00,2011-08-14T13:15:00,2114,2178,24,11,5,0,5,2109,train
CTU-Malware-Capture-Botnet-44,Rbot,C:\Users\Montana\My Code\CSCI611_Montana_Pawek\GNN\packagedData\graphs\CTU-Malware-Capture-Botnet-44\CTU-Malware-Capture-Botnet-44__20110814_131500.pt,CTU-Malware-Capture-Botnet-44\CTU-Malware-Capture-Botnet-44__20110814_131500.pt,data/rbotFamily/CTU-Malware-Capture-Botnet-44/capture20110812.binetflow,2011-08-14T13:15:00,2011-08-14T13:20:00,3080,3142,24,11,5,0,5,3075,train
CTU-Malware-Capture-Botnet-44,Rbot,C:\Users\Montana\My Code\CSCI611_Montana_Pawek\GNN\packagedData\graphs\CTU-Malware-Capture-Botnet-44\CTU-Malware-Capture-Botnet-44__20110814_132000.pt,CTU-Malware-Capture-Botnet-44\CTU-Malware-Capture-Botnet-44__20110814_132000.pt,data/rbotFamily/CTU-Malware-Capture-Botnet-44/capture20110812.binetflow,2011-08-14T13:20:00,2011-08-14T13:25:00,3397,3439,24,11,4,0,4,3393,train
CTU-Malware-Capture-Botnet-44,Rbot,C:\Users\Montana\My Code\CSCI611_Montana_Pawek\GNN\packagedData\graphs\CTU-Malware-Capture-Botnet-44\CTU-Malware-Capture-Botnet-44__20110814_132500.pt,CTU-Malware-Capture-Botnet-44\CTU-Malware-Capture-Botnet-44__20110814_132500.pt,data/rbotFamily/CTU-Malware-Capture-Botnet-44/capture20110812.binetflow,2011-08-14T13:25:00,2011-08-14T13:30:00,2366,2392,24,11,5,0,5,2361,train
CTU-Malware-Capture-Botnet-44,Rbot,C:\Users\Montana\My Code\CSCI611_Montana_Pawek\GNN\packagedData\graphs\CTU-Malware-Capture-Botnet-44\CTU-Malware-Capture-Botnet-44__20110814_133000.pt,CTU-Malware-Capture-Botnet-44\CTU-Malware-Capture-Botnet-44__20110814_133000.pt,data/rbotFamily/CTU-Malware-Capture-Botnet-44/capture20110812.binetflow,2011-08-14T13:30:00,2011-08-14T13:35:00,2277,2313,24,11,5,0,5,2272,train
CTU-Malware-Capture-Botnet-44,Rbot,C:\Users\Montana\My Code\CSCI611_Montana_Pawek\GNN\packagedData\graphs\CTU-Malware-Capture-Botnet-44\CTU-Malware-Capture-Botnet-44__20110814_133500.pt,CTU-Malware-Capture-Botnet-44\CTU-Malware-Capture-Botnet-44__20110814_133500.pt,data/rbotFamily/CTU-Malware-Capture-Botnet-44/capture20110812.binetflow,2011-08-14T13:35:00,2011-08-14T13:40:00,3158,3438,24,11,7,1,6,3151,train
CTU-Malware-Capture-Botnet-44,Rbot,C:\Users\Montana\My Code\CSCI611_Montana_Pawek\GNN\packagedData\graphs\CTU-Malware-Capture-Botnet-44\CTU-Malware-Capture-Botnet-44__20110814_134000.pt,CTU-Malware-Capture-Botnet-44\CTU-Malware-Capture-Botnet-44__20110814_134000.pt,data/rbotFamily/CTU-Malware-Capture-Botnet-44/capture20110812.binetflow,2011-08-14T13:40:00,2011-08-14T13:45:00,3402,3625,24,11,7,1,6,3395,train
CTU-Malware-Capture-Botnet-44,Rbot,C:\Users\Montana\My Code\CSCI611_Montana_Pawek\GNN\packagedData\graphs\CTU-Malware-Capture-Botnet-44\CTU-Malware-Capture-Botnet-44__20110814_134500.pt,CTU-Malware-Capture-Botnet-44\CTU-Malware-Capture-Botnet-44__20110814_134500.pt,data/rbotFamily/CTU-Malware-Capture-Botnet-44/capture20110812.binetflow,2011-08-14T13:45:00,2011-08-14T13:50:00,2232,2309,24,11,5,0,5,2227,train
CTU-Malware-Capture-Botnet-44,Rbot,C:\Users\Montana\My Code\CSCI611_Montana_Pawek\GNN\packagedData\graphs\CTU-Malware-Capture-Botnet-44\CTU-Malware-Capture-Botnet-44__20110814_135000.pt,CTU-Malware-Capture-Botnet-44\CTU-Malware-Capture-Botnet-44__20110814_135000.pt,data/rbotFamily/CTU-Malware-Capture-Botnet-44/capture20110812.binetflow,2011-08-14T13:50:00,2011-08-14T13:55:00,2278,2286,24,11,6,2,4,2272,train
CTU-Malware-Capture-Botnet-44,Rbot,C:\Users\Montana\My Code\CSCI611_Montana_Pawek\GNN\packagedData\graphs\CTU-Malware-Capture-Botnet-44\CTU-Malware-Capture-Botnet-44__20110814_135500.pt,CTU-Malware-Capture-Botnet-44\CTU-Malware-Capture-Botnet-44__20110814_135500.pt,data/rbotFamily/CTU-Malware-Capture-Botnet-44/capture20110812.binetflow,2011-08-14T13:55:00,2011-08-14T14:00:00,2467,2492,24,11,5,0,5,2462,train
CTU-Malware-Capture-Botnet-44,Rbot,C:\Users\Montana\My Code\CSCI611_Montana_Pawek\GNN\packagedData\graphs\CTU-Malware-Capture-Botnet-44\CTU-Malware-Capture-Botnet-44__20110814_140000.pt,CTU-Malware-Capture-Botnet-44\CTU-Malware-Capture-Botnet-44__20110814_140000.pt,data/rbotFamily/CTU-Malware-Capture-Botnet-44/capture20110812.binetflow,2011-08-14T14:00:00,2011-08-14T14:05:00,2477,2518,24,11,5,0,5,2472,train
CTU-Malware-Capture-Botnet-44,Rbot,C:\Users\Montana\My Code\CSCI611_Montana_Pawek\GNN\packagedData\graphs\CTU-Malware-Capture-Botnet-44\CTU-Malware-Capture-Botnet-44__20110814_140500.pt,CTU-Malware-Capture-Botnet-44\CTU-Malware-Capture-Botnet-44__20110814_140500.pt,data/rbotFamily/CTU-Malware-Capture-Botnet-44/capture20110812.binetflow,2011-08-14T14:05:00,2011-08-14T14:10:00,2714,2736,24,11,5,0,5,2709,train
CTU-Malware-Capture-Botnet-44,Rbot,C:\Users\Montana\My Code\CSCI611_Montana_Pawek\GNN\packagedData\graphs\CTU-Malware-Capture-Botnet-44\CTU-Malware-Capture-Botnet-44__20110814_141000.pt,CTU-Malware-Capture-Botnet-44\CTU-Malware-Capture-Botnet-44__20110814_141000.pt,data/rbotFamily/CTU-Malware-Capture-Botnet-44/capture20110812.binetflow,2011-08-14T14:10:00,2011-08-14T14:15:00,2479,2493,24,11,5,0,5,2474,train
CTU-Malware-Capture-Botnet-44,Rbot,C:\Users\Montana\My Code\CSCI611_Montana_Pawek\GNN\packagedData\graphs\CTU-Malware-Capture-Botnet-44\CTU-Malware-Capture-Botnet-44__20110814_141500.pt,CTU-Malware-Capture-Botnet-44\CTU-Malware-Capture-Botnet-44__20110814_141500.pt,data/rbotFamily/CTU-Malware-Capture-Botnet-44/capture20110812.binetflow,2011-08-14T14:15:00,2011-08-14T14:20:00,2633,2672,24,11,5,0,5,2628,train
CTU-Malware-Capture-Botnet-44,Rbot,C:\Users\Montana\My Code\CSCI611_Montana_Pawek\GNN\packagedData\graphs\CTU-Malware-Capture-Botnet-44\CTU-Malware-Capture-Botnet-44__20110814_142000.pt,CTU-Malware-Capture-Botnet-44\CTU-Malware-Capture-Botnet-44__20110814_142000.pt,data/rbotFamily/CTU-Malware-Capture-Botnet-44/capture20110812.binetflow,2011-08-14T14:20:00,2011-08-14T14:25:00,2969,3024,24,11,5,0,5,2964,train
CTU-Malware-Capture-Botnet-44,Rbot,C:\Users\Montana\My Code\CSCI611_Montana_Pawek\GNN\packagedData\graphs\CTU-Malware-Capture-Botnet-44\CTU-Malware-Capture-Botnet-44__20110814_142500.pt,CTU-Malware-Capture-Botnet-44\CTU-Malware-Capture-Botnet-44__20110814_142500.pt,data/rbotFamily/CTU-Malware-Capture-Botnet-44/capture20110812.binetflow,2011-08-14T14:25:00,2011-08-14T14:30:00,2795,2831,24,11,5,1,4,2790,train
CTU-Malware-Capture-Botnet-44,Rbot,C:\Users\Montana\My Code\CSCI611_Montana_Pawek\GNN\packagedData\graphs\CTU-Malware-Capture-Botnet-44\CTU-Malware-Capture-Botnet-44__20110814_143000.pt,CTU-Malware-Capture-Botnet-44\CTU-Malware-Capture-Botnet-44__20110814_143000.pt,data/rbotFamily/CTU-Malware-Capture-Botnet-44/capture20110812.binetflow,2011-08-14T14:30:00,2011-08-14T14:35:00,2796,2819,24,11,5,0,5,2791,train
CTU-Malware-Capture-Botnet-44,Rbot,C:\Users\Montana\My Code\CSCI611_Montana_Pawek\GNN\packagedData\graphs\CTU-Malware-Capture-Botnet-44\CTU-Malware-Capture-Botnet-44__20110814_143500.pt,CTU-Malware-Capture-Botnet-44\CTU-Malware-Capture-Botnet-44__20110814_143500.pt,data/rbotFamily/CTU-Malware-Capture-Botnet-44/capture20110812.binetflow,2011-08-14T14:35:00,2011-08-14T14:40:00,2589,2609,24,11,4,0,4,2585,train
CTU-Malware-Capture-Botnet-44,Rbot,C:\Users\Montana\My Code\CSCI611_Montana_Pawek\GNN\packagedData\graphs\CTU-Malware-Capture-Botnet-44\CTU-Malware-Capture-Botnet-44__20110814_144000.pt,CTU-Malware-Capture-Botnet-44\CTU-Malware-Capture-Botnet-44__20110814_144000.pt,data/rbotFamily/CTU-Malware-Capture-Botnet-44/capture20110812.binetflow,2011-08-14T14:40:00,2011-08-14T14:45:00,3030,3079,24,11,5,0,5,3025,train
CTU-Malware-Capture-Botnet-44,Rbot,C:\Users\Montana\My Code\CSCI611_Montana_Pawek\GNN\packagedData\graphs\CTU-Malware-Capture-Botnet-44\CTU-Malware-Capture-Botnet-44__20110814_144500.pt,CTU-Malware-Capture-Botnet-44\CTU-Malware-Capture-Botnet-44__20110814_144500.pt,data/rbotFamily/CTU-Malware-Capture-Botnet-44/capture20110812.binetflow,2011-08-14T14:45:00,2011-08-14T14:50:00,2872,2934,24,11,5,0,5,2867,train
CTU-Malware-Capture-Botnet-44,Rbot,C:\Users\Montana\My Code\CSCI611_Montana_Pawek\GNN\packagedData\graphs\CTU-Malware-Capture-Botnet-44\CTU-Malware-Capture-Botnet-44__20110814_145000.pt,CTU-Malware-Capture-Botnet-44\CTU-Malware-Capture-Botnet-44__20110814_145000.pt,data/rbotFamily/CTU-Malware-Capture-Botnet-44/capture20110812.binetflow,2011-08-14T14:50:00,2011-08-14T14:55:00,2754,2786,24,11,5,0,5,2749,train
CTU-Malware-Capture-Botnet-44,Rbot,C:\Users\Montana\My Code\CSCI611_Montana_Pawek\GNN\packagedData\graphs\CTU-Malware-Capture-Botnet-44\CTU-Malware-Capture-Botnet-44__20110814_145500.pt,CTU-Malware-Capture-Botnet-44\CTU-Malware-Capture-Botnet-44__20110814_145500.pt,data/rbotFamily/CTU-Malware-Capture-Botnet-44/capture20110812.binetflow,2011-08-14T14:55:00,2011-08-14T15:00:00,3061,3078,24,11,7,2,5,3054,train
CTU-Malware-Capture-Botnet-44,Rbot,C:\Users\Montana\My Code\CSCI611_Montana_Pawek\GNN\packagedData\graphs\CTU-Malware-Capture-Botnet-44\CTU-Malware-Capture-Botnet-44__20110814_150000.pt,CTU-Malware-Capture-Botnet-44\CTU-Malware-Capture-Botnet-44__20110814_150000.pt,data/rbotFamily/CTU-Malware-Capture-Botnet-44/capture20110812.binetflow,2011-08-14T15:00:00,2011-08-14T15:05:00,2818,2859,24,11,4,0,4,2814,train
CTU-Malware-Capture-Botnet-44,Rbot,C:\Users\Montana\My Code\CSCI611_Montana_Pawek\GNN\packagedData\graphs\CTU-Malware-Capture-Botnet-44\CTU-Malware-Capture-Botnet-44__20110814_150500.pt,CTU-Malware-Capture-Botnet-44\CTU-Malware-Capture-Botnet-44__20110814_150500.pt,data/rbotFamily/CTU-Malware-Capture-Botnet-44/capture20110812.binetflow,2011-08-14T15:05:00,2011-08-14T15:10:00,3758,4075,24,11,5,0,5,3753,train
CTU-Malware-Capture-Botnet-44,Rbot,C:\Users\Montana\My Code\CSCI611_Montana_Pawek\GNN\packagedData\graphs\CTU-Malware-Capture-Botnet-44\CTU-Malware-Capture-Botnet-44__20110814_151000.pt,CTU-Malware-Capture-Botnet-44\CTU-Malware-Capture-Botnet-44__20110814_151000.pt,data/rbotFamily/CTU-Malware-Capture-Botnet-44/capture20110812.binetflow,2011-08-14T15:10:00,2011-08-14T15:15:00,3019,3059,24,11,4,0,4,3015,train
CTU-Malware-Capture-Botnet-44,Rbot,C:\Users\Montana\My Code\CSCI611_Montana_Pawek\GNN\packagedData\graphs\CTU-Malware-Capture-Botnet-44\CTU-Malware-Capture-Botnet-44__20110814_151500.pt,CTU-Malware-Capture-Botnet-44\CTU-Malware-Capture-Botnet-44__20110814_151500.pt,data/rbotFamily/CTU-Malware-Capture-Botnet-44/capture20110812.binetflow,2011-08-14T15:15:00,2011-08-14T15:20:00,3049,3097,24,11,4,0,4,3045,train
CTU-Malware-Capture-Botnet-44,Rbot,C:\Users\Montana\My Code\CSCI611_Montana_Pawek\GNN\packagedData\graphs\CTU-Malware-Capture-Botnet-44\CTU-Malware-Capture-Botnet-44__20110814_152000.pt,CTU-Malware-Capture-Botnet-44\CTU-Malware-Capture-Botnet-44__20110814_152000.pt,data/rbotFamily/CTU-Malware-Capture-Botnet-44/capture20110812.binetflow,2011-08-14T15:20:00,2011-08-14T15:25:00,3122,3243,24,11,4,0,4,3118,train
CTU-Malware-Capture-Botnet-44,Rbot,C:\Users\Montana\My Code\CSCI611_Montana_Pawek\GNN\packagedData\graphs\CTU-Malware-Capture-Botnet-44\CTU-Malware-Capture-Botnet-44__20110814_152500.pt,CTU-Malware-Capture-Botnet-44\CTU-Malware-Capture-Botnet-44__20110814_152500.pt,data/rbotFamily/CTU-Malware-Capture-Botnet-44/capture20110812.binetflow,2011-08-14T15:25:00,2011-08-14T15:30:00,2946,2974,24,11,5,1,4,2941,train
CTU-Malware-Capture-Botnet-44,Rbot,C:\Users\Montana\My Code\CSCI611_Montana_Pawek\GNN\packagedData\graphs\CTU-Malware-Capture-Botnet-44\CTU-Malware-Capture-Botnet-44__20110814_153000.pt,CTU-Malware-Capture-Botnet-44\CTU-Malware-Capture-Botnet-44__20110814_153000.pt,data/rbotFamily/CTU-Malware-Capture-Botnet-44/capture20110812.binetflow,2011-08-14T15:30:00,2011-08-14T15:35:00,3087,3149,24,11,5,0,5,3082,train
CTU-Malware-Capture-Botnet-44,Rbot,C:\Users\Montana\My Code\CSCI611_Montana_Pawek\GNN\packagedData\graphs\CTU-Malware-Capture-Botnet-44\CTU-Malware-Capture-Botnet-44__20110814_153500.pt,CTU-Malware-Capture-Botnet-44\CTU-Malware-Capture-Botnet-44__20110814_153500.pt,data/rbotFamily/CTU-Malware-Capture-Botnet-44/capture20110812.binetflow,2011-08-14T15:35:00,2011-08-14T15:40:00,3911,4201,24,11,7,1,6,3904,train
CTU-Malware-Capture-Botnet-44,Rbot,C:\Users\Montana\My Code\CSCI611_Montana_Pawek\GNN\packagedData\graphs\CTU-Malware-Capture-Botnet-44\CTU-Malware-Capture-Botnet-44__20110814_154000.pt,CTU-Malware-Capture-Botnet-44\CTU-Malware-Capture-Botnet-44__20110814_154000.pt,data/rbotFamily/CTU-Malware-Capture-Botnet-44/capture20110812.binetflow,2011-08-14T15:40:00,2011-08-14T15:45:00,3111,3140,24,11,5,1,4,3106,train
CTU-Malware-Capture-Botnet-44,Rbot,C:\Users\Montana\My Code\CSCI611_Montana_Pawek\GNN\packagedData\graphs\CTU-Malware-Capture-Botnet-44\CTU-Malware-Capture-Botnet-44__20110814_154500.pt,CTU-Malware-Capture-Botnet-44\CTU-Malware-Capture-Botnet-44__20110814_154500.pt,data/rbotFamily/CTU-Malware-Capture-Botnet-44/capture20110812.binetflow,2011-08-14T15:45:00,2011-08-14T15:50:00,3906,4167,24,11,7,1,6,3899,train
CTU-Malware-Capture-Botnet-44,Rbot,C:\Users\Montana\My Code\CSCI611_Montana_Pawek\GNN\packagedData\graphs\CTU-Malware-Capture-Botnet-44\CTU-Malware-Capture-Botnet-44__20110814_155000.pt,CTU-Malware-Capture-Botnet-44\CTU-Malware-Capture-Botnet-44__20110814_155000.pt,data/rbotFamily/CTU-Malware-Capture-Botnet-44/capture20110812.binetflow,2011-08-14T15:50:00,2011-08-14T15:55:00,2957,2969,24,11,6,1,5,2951,train
CTU-Malware-Capture-Botnet-44,Rbot,C:\Users\Montana\My Code\CSCI611_Montana_Pawek\GNN\packagedData\graphs\CTU-Malware-Capture-Botnet-44\CTU-Malware-Capture-Botnet-44__20110814_155500.pt,CTU-Malware-Capture-Botnet-44\CTU-Malware-Capture-Botnet-44__20110814_155500.pt,data/rbotFamily/CTU-Malware-Capture-Botnet-44/capture20110812.binetflow,2011-08-14T15:55:00,2011-08-14T16:00:00,2884,2918,24,11,6,2,4,2878,train
CTU-Malware-Capture-Botnet-44,Rbot,C:\Users\Montana\My Code\CSCI611_Montana_Pawek\GNN\packagedData\graphs\CTU-Malware-Capture-Botnet-44\CTU-Malware-Capture-Botnet-44__20110814_160000.pt,CTU-Malware-Capture-Botnet-44\CTU-Malware-Capture-Botnet-44__20110814_160000.pt,data/rbotFamily/CTU-Malware-Capture-Botnet-44/capture20110812.binetflow,2011-08-14T16:00:00,2011-08-14T16:05:00,2877,2905,24,11,5,0,5,2872,train
CTU-Malware-Capture-Botnet-44,Rbot,C:\Users\Montana\My Code\CSCI611_Montana_Pawek\GNN\packagedData\graphs\CTU-Malware-Capture-Botnet-44\CTU-Malware-Capture-Botnet-44__20110814_160500.pt,CTU-Malware-Capture-Botnet-44\CTU-Malware-Capture-Botnet-44__20110814_160500.pt,data/rbotFamily/CTU-Malware-Capture-Botnet-44/capture20110812.binetflow,2011-08-14T16:05:00,2011-08-14T16:10:00,3314,3331,24,11,5,0,5,3309,train
CTU-Malware-Capture-Botnet-44,Rbot,C:\Users\Montana\My Code\CSCI611_Montana_Pawek\GNN\packagedData\graphs\CTU-Malware-Capture-Botnet-44\CTU-Malware-Capture-Botnet-44__20110814_161000.pt,CTU-Malware-Capture-Botnet-44\CTU-Malware-Capture-Botnet-44__20110814_161000.pt,data/rbotFamily/CTU-Malware-Capture-Botnet-44/capture20110812.binetflow,2011-08-14T16:10:00,2011-08-14T16:15:00,3490,3523,24,11,4,0,4,3486,train
CTU-Malware-Capture-Botnet-44,Rbot,C:\Users\Montana\My Code\CSCI611_Montana_Pawek\GNN\packagedData\graphs\CTU-Malware-Capture-Botnet-44\CTU-Malware-Capture-Botnet-44__20110814_161500.pt,CTU-Malware-Capture-Botnet-44\CTU-Malware-Capture-Botnet-44__20110814_161500.pt,data/rbotFamily/CTU-Malware-Capture-Botnet-44/capture20110812.binetflow,2011-08-14T16:15:00,2011-08-14T16:20:00,3926,3970,24,11,4,0,4,3922,train
CTU-Malware-Capture-Botnet-44,Rbot,C:\Users\Montana\My Code\CSCI611_Montana_Pawek\GNN\packagedData\graphs\CTU-Malware-Capture-Botnet-44\CTU-Malware-Capture-Botnet-44__20110814_162000.pt,CTU-Malware-Capture-Botnet-44\CTU-Malware-Capture-Botnet-44__20110814_162000.pt,data/rbotFamily/CTU-Malware-Capture-Botnet-44/capture20110812.binetflow,2011-08-14T16:20:00,2011-08-14T16:25:00,3173,3210,24,11,5,0,5,3168,train
CTU-Malware-Capture-Botnet-44,Rbot,C:\Users\Montana\My Code\CSCI611_Montana_Pawek\GNN\packagedData\graphs\CTU-Malware-Capture-Botnet-44\CTU-Malware-Capture-Botnet-44__20110814_162500.pt,CTU-Malware-Capture-Botnet-44\CTU-Malware-Capture-Botnet-44__20110814_162500.pt,data/rbotFamily/CTU-Malware-Capture-Botnet-44/capture20110812.binetflow,2011-08-14T16:25:00,2011-08-14T16:30:00,3332,3348,24,11,5,0,5,3327,train
CTU-Malware-Capture-Botnet-44,Rbot,C:\Users\Montana\My Code\CSCI611_Montana_Pawek\GNN\packagedData\graphs\CTU-Malware-Capture-Botnet-44\CTU-Malware-Capture-Botnet-44__20110814_163000.pt,CTU-Malware-Capture-Botnet-44\CTU-Malware-Capture-Botnet-44__20110814_163000.pt,data/rbotFamily/CTU-Malware-Capture-Botnet-44/capture20110812.binetflow,2011-08-14T16:30:00,2011-08-14T16:35:00,3653,3699,24,11,5,0,5,3648,train
CTU-Malware-Capture-Botnet-44,Rbot,C:\Users\Montana\My Code\CSCI611_Montana_Pawek\GNN\packagedData\graphs\CTU-Malware-Capture-Botnet-44\CTU-Malware-Capture-Botnet-44__20110814_163500.pt,CTU-Malware-Capture-Botnet-44\CTU-Malware-Capture-Botnet-44__20110814_163500.pt,data/rbotFamily/CTU-Malware-Capture-Botnet-44/capture20110812.binetflow,2011-08-14T16:35:00,2011-08-14T16:40:00,3272,3315,24,11,4,0,4,3268,train
CTU-Malware-Capture-Botnet-44,Rbot,C:\Users\Montana\My Code\CSCI611_Montana_Pawek\GNN\packagedData\graphs\CTU-Malware-Capture-Botnet-44\CTU-Malware-Capture-Botnet-44__20110814_164000.pt,CTU-Malware-Capture-Botnet-44\CTU-Malware-Capture-Botnet-44__20110814_164000.pt,data/rbotFamily/CTU-Malware-Capture-Botnet-44/capture20110812.binetflow,2011-08-14T16:40:00,2011-08-14T16:45:00,3519,3567,24,11,4,0,4,3515,train
CTU-Malware-Capture-Botnet-44,Rbot,C:\Users\Montana\My Code\CSCI611_Montana_Pawek\GNN\packagedData\graphs\CTU-Malware-Capture-Botnet-44\CTU-Malware-Capture-Botnet-44__20110814_164500.pt,CTU-Malware-Capture-Botnet-44\CTU-Malware-Capture-Botnet-44__20110814_164500.pt,data/rbotFamily/CTU-Malware-Capture-Botnet-44/capture20110812.binetflow,2011-08-14T16:45:00,2011-08-14T16:50:00,3398,3440,24,11,5,0,5,3393,train
CTU-Malware-Capture-Botnet-44,Rbot,C:\Users\Montana\My Code\CSCI611_Montana_Pawek\GNN\packagedData\graphs\CTU-Malware-Capture-Botnet-44\CTU-Malware-Capture-Botnet-44__20110814_165000.pt,CTU-Malware-Capture-Botnet-44\CTU-Malware-Capture-Botnet-44__20110814_165000.pt,data/rbotFamily/CTU-Malware-Capture-Botnet-44/capture20110812.binetflow,2011-08-14T16:50:00,2011-08-14T16:55:00,3275,3321,24,11,5,0,5,3270,train
CTU-Malware-Capture-Botnet-44,Rbot,C:\Users\Montana\My Code\CSCI611_Montana_Pawek\GNN\packagedData\graphs\CTU-Malware-Capture-Botnet-44\CTU-Malware-Capture-Botnet-44__20110814_165500.pt,CTU-Malware-Capture-Botnet-44\CTU-Malware-Capture-Botnet-44__20110814_165500.pt,data/rbotFamily/CTU-Malware-Capture-Botnet-44/capture20110812.binetflow,2011-08-14T16:55:00,2011-08-14T17:00:00,4019,4090,24,11,4,0,4,4015,train
CTU-Malware-Capture-Botnet-44,Rbot,C:\Users\Montana\My Code\CSCI611_Montana_Pawek\GNN\packagedData\graphs\CTU-Malware-Capture-Botnet-44\CTU-Malware-Capture-Botnet-44__20110814_170000.pt,CTU-Malware-Capture-Botnet-44\CTU-Malware-Capture-Botnet-44__20110814_170000.pt,data/rbotFamily/CTU-Malware-Capture-Botnet-44/capture20110812.binetflow,2011-08-14T17:00:00,2011-08-14T17:05:00,3702,3768,24,11,6,2,4,3696,train
CTU-Malware-Capture-Botnet-44,Rbot,C:\Users\Montana\My Code\CSCI611_Montana_Pawek\GNN\packagedData\graphs\CTU-Malware-Capture-Botnet-44\CTU-Malware-Capture-Botnet-44__20110814_170500.pt,CTU-Malware-Capture-Botnet-44\CTU-Malware-Capture-Botnet-44__20110814_170500.pt,data/rbotFamily/CTU-Malware-Capture-Botnet-44/capture20110812.binetflow,2011-08-14T17:05:00,2011-08-14T17:10:00,4031,4069,24,11,4,0,4,4027,train
CTU-Malware-Capture-Botnet-44,Rbot,C:\Users\Montana\My Code\CSCI611_Montana_Pawek\GNN\packagedData\graphs\CTU-Malware-Capture-Botnet-44\CTU-Malware-Capture-Botnet-44__20110814_171000.pt,CTU-Malware-Capture-Botnet-44\CTU-Malware-Capture-Botnet-44__20110814_171000.pt,data/rbotFamily/CTU-Malware-Capture-Botnet-44/capture20110812.binetflow,2011-08-14T17:10:00,2011-08-14T17:15:00,3774,3858,24,11,5,0,5,3769,train
CTU-Malware-Capture-Botnet-44,Rbot,C:\Users\Montana\My Code\CSCI611_Montana_Pawek\GNN\packagedData\graphs\CTU-Malware-Capture-Botnet-44\CTU-Malware-Capture-Botnet-44__20110814_171500.pt,CTU-Malware-Capture-Botnet-44\CTU-Malware-Capture-Botnet-44__20110814_171500.pt,data/rbotFamily/CTU-Malware-Capture-Botnet-44/capture20110812.binetflow,2011-08-14T17:15:00,2011-08-14T17:20:00,3759,3790,24,11,5,0,5,3754,train
CTU-Malware-Capture-Botnet-44,Rbot,C:\Users\Montana\My Code\CSCI611_Montana_Pawek\GNN\packagedData\graphs\CTU-Malware-Capture-Botnet-44\CTU-Malware-Capture-Botnet-44__20110814_172000.pt,CTU-Malware-Capture-Botnet-44\CTU-Malware-Capture-Botnet-44__20110814_172000.pt,data/rbotFamily/CTU-Malware-Capture-Botnet-44/capture20110812.binetflow,2011-08-14T17:20:00,2011-08-14T17:25:00,3663,3671,24,11,4,0,4,3659,train
CTU-Malware-Capture-Botnet-44,Rbot,C:\Users\Montana\My Code\CSCI611_Montana_Pawek\GNN\packagedData\graphs\CTU-Malware-Capture-Botnet-44\CTU-Malware-Capture-Botnet-44__20110814_172500.pt,CTU-Malware-Capture-Botnet-44\CTU-Malware-Capture-Botnet-44__20110814_172500.pt,data/rbotFamily/CTU-Malware-Capture-Botnet-44/capture20110812.binetflow,2011-08-14T17:25:00,2011-08-14T17:30:00,3540,3552,24,11,6,0,6,3534,train
CTU-Malware-Capture-Botnet-44,Rbot,C:\Users\Montana\My Code\CSCI611_Montana_Pawek\GNN\packagedData\graphs\CTU-Malware-Capture-Botnet-44\CTU-Malware-Capture-Botnet-44__20110814_173000.pt,CTU-Malware-Capture-Botnet-44\CTU-Malware-Capture-Botnet-44__20110814_173000.pt,data/rbotFamily/CTU-Malware-Capture-Botnet-44/capture20110812.binetflow,2011-08-14T17:30:00,2011-08-14T17:35:00,3629,3668,24,11,5,0,5,3624,train
CTU-Malware-Capture-Botnet-44,Rbot,C:\Users\Montana\My Code\CSCI611_Montana_Pawek\GNN\packagedData\graphs\CTU-Malware-Capture-Botnet-44\CTU-Malware-Capture-Botnet-44__20110814_173500.pt,CTU-Malware-Capture-Botnet-44\CTU-Malware-Capture-Botnet-44__20110814_173500.pt,data/rbotFamily/CTU-Malware-Capture-Botnet-44/capture20110812.binetflow,2011-08-14T17:35:00,2011-08-14T17:40:00,3421,3446,24,11,5,0,5,3416,train
CTU-Malware-Capture-Botnet-44,Rbot,C:\Users\Montana\My Code\CSCI611_Montana_Pawek\GNN\packagedData\graphs\CTU-Malware-Capture-Botnet-44\CTU-Malware-Capture-Botnet-44__20110814_174000.pt,CTU-Malware-Capture-Botnet-44\CTU-Malware-Capture-Botnet-44__20110814_174000.pt,data/rbotFamily/CTU-Malware-Capture-Botnet-44/capture20110812.binetflow,2011-08-14T17:40:00,2011-08-14T17:45:00,3544,3575,24,11,5,1,4,3539,train
CTU-Malware-Capture-Botnet-44,Rbot,C:\Users\Montana\My Code\CSCI611_Montana_Pawek\GNN\packagedData\graphs\CTU-Malware-Capture-Botnet-44\CTU-Malware-Capture-Botnet-44__20110814_174500.pt,CTU-Malware-Capture-Botnet-44\CTU-Malware-Capture-Botnet-44__20110814_174500.pt,data/rbotFamily/CTU-Malware-Capture-Botnet-44/capture20110812.binetflow,2011-08-14T17:45:00,2011-08-14T17:50:00,3573,3596,24,11,6,1,5,3567,train
CTU-Malware-Capture-Botnet-44,Rbot,C:\Users\Montana\My Code\CSCI611_Montana_Pawek\GNN\packagedData\graphs\CTU-Malware-Capture-Botnet-44\CTU-Malware-Capture-Botnet-44__20110814_175000.pt,CTU-Malware-Capture-Botnet-44\CTU-Malware-Capture-Botnet-44__20110814_175000.pt,data/rbotFamily/CTU-Malware-Capture-Botnet-44/capture20110812.binetflow,2011-08-14T17:50:00,2011-08-14T17:55:00,3446,3443,24,11,6,1,5,3440,train
CTU-Malware-Capture-Botnet-44,Rbot,C:\Users\Montana\My Code\CSCI611_Montana_Pawek\GNN\packagedData\graphs\CTU-Malware-Capture-Botnet-44\CTU-Malware-Capture-Botnet-44__20110814_175500.pt,CTU-Malware-Capture-Botnet-44\CTU-Malware-Capture-Botnet-44__20110814_175500.pt,data/rbotFamily/CTU-Malware-Capture-Botnet-44/capture20110812.binetflow,2011-08-14T17:55:00,2011-08-14T18:00:00,3673,3695,24,11,5,0,5,3668,train
CTU-Malware-Capture-Botnet-44,Rbot,C:\Users\Montana\My Code\CSCI611_Montana_Pawek\GNN\packagedData\graphs\CTU-Malware-Capture-Botnet-44\CTU-Malware-Capture-Botnet-44__20110814_180000.pt,CTU-Malware-Capture-Botnet-44\CTU-Malware-Capture-Botnet-44__20110814_180000.pt,data/rbotFamily/CTU-Malware-Capture-Botnet-44/capture20110812.binetflow,2011-08-14T18:00:00,2011-08-14T18:05:00,3690,3714,24,11,7,2,5,3683,train
CTU-Malware-Capture-Botnet-44,Rbot,C:\Users\Montana\My Code\CSCI611_Montana_Pawek\GNN\packagedData\graphs\CTU-Malware-Capture-Botnet-44\CTU-Malware-Capture-Botnet-44__20110814_180500.pt,CTU-Malware-Capture-Botnet-44\CTU-Malware-Capture-Botnet-44__20110814_180500.pt,data/rbotFamily/CTU-Malware-Capture-Botnet-44/capture20110812.binetflow,2011-08-14T18:05:00,2011-08-14T18:10:00,3545,3575,24,11,4,0,4,3541,train
CTU-Malware-Capture-Botnet-44,Rbot,C:\Users\Montana\My Code\CSCI611_Montana_Pawek\GNN\packagedData\graphs\CTU-Malware-Capture-Botnet-44\CTU-Malware-Capture-Botnet-44__20110814_181000.pt,CTU-Malware-Capture-Botnet-44\CTU-Malware-Capture-Botnet-44__20110814_181000.pt,data/rbotFamily/CTU-Malware-Capture-Botnet-44/capture20110812.binetflow,2011-08-14T18:10:00,2011-08-14T18:15:00,3579,3610,24,11,4,0,4,3575,train
CTU-Malware-Capture-Botnet-44,Rbot,C:\Users\Montana\My Code\CSCI611_Montana_Pawek\GNN\packagedData\graphs\CTU-Malware-Capture-Botnet-44\CTU-Malware-Capture-Botnet-44__20110814_181500.pt,CTU-Malware-Capture-Botnet-44\CTU-Malware-Capture-Botnet-44__20110814_181500.pt,data/rbotFamily/CTU-Malware-Capture-Botnet-44/capture20110812.binetflow,2011-08-14T18:15:00,2011-08-14T18:20:00,3790,3812,24,11,5,1,4,3785,train
CTU-Malware-Capture-Botnet-44,Rbot,C:\Users\Montana\My Code\CSCI611_Montana_Pawek\GNN\packagedData\graphs\CTU-Malware-Capture-Botnet-44\CTU-Malware-Capture-Botnet-44__20110814_182000.pt,CTU-Malware-Capture-Botnet-44\CTU-Malware-Capture-Botnet-44__20110814_182000.pt,data/rbotFamily/CTU-Malware-Capture-Botnet-44/capture20110812.binetflow,2011-08-14T18:20:00,2011-08-14T18:25:00,3673,3691,24,11,5,0,5,3668,train
CTU-Malware-Capture-Botnet-44,Rbot,C:\Users\Montana\My Code\CSCI611_Montana_Pawek\GNN\packagedData\graphs\CTU-Malware-Capture-Botnet-44\CTU-Malware-Capture-Botnet-44__20110814_182500.pt,CTU-Malware-Capture-Botnet-44\CTU-Malware-Capture-Botnet-44__20110814_182500.pt,data/rbotFamily/CTU-Malware-Capture-Botnet-44/capture20110812.binetflow,2011-08-14T18:25:00,2011-08-14T18:30:00,3480,3521,24,11,6,1,5,3474,train
CTU-Malware-Capture-Botnet-44,Rbot,C:\Users\Montana\My Code\CSCI611_Montana_Pawek\GNN\packagedData\graphs\CTU-Malware-Capture-Botnet-44\CTU-Malware-Capture-Botnet-44__20110814_183000.pt,CTU-Malware-Capture-Botnet-44\CTU-Malware-Capture-Botnet-44__20110814_183000.pt,data/rbotFamily/CTU-Malware-Capture-Botnet-44/capture20110812.binetflow,2011-08-14T18:30:00,2011-08-14T18:35:00,3397,3420,24,11,6,1,5,3391,train
CTU-Malware-Capture-Botnet-44,Rbot,C:\Users\Montana\My Code\CSCI611_Montana_Pawek\GNN\packagedData\graphs\CTU-Malware-Capture-Botnet-44\CTU-Malware-Capture-Botnet-44__20110814_183500.pt,CTU-Malware-Capture-Botnet-44\CTU-Malware-Capture-Botnet-44__20110814_183500.pt,data/rbotFamily/CTU-Malware-Capture-Botnet-44/capture20110812.binetflow,2011-08-14T18:35:00,2011-08-14T18:40:00,4431,4697,24,11,7,1,6,4424,train
CTU-Malware-Capture-Botnet-44,Rbot,C:\Users\Montana\My Code\CSCI611_Montana_Pawek\GNN\packagedData\graphs\CTU-Malware-Capture-Botnet-44\CTU-Malware-Capture-Botnet-44__20110814_184000.pt,CTU-Malware-Capture-Botnet-44\CTU-Malware-Capture-Botnet-44__20110814_184000.pt,data/rbotFamily/CTU-Malware-Capture-Botnet-44/capture20110812.binetflow,2011-08-14T18:40:00,2011-08-14T18:45:00,4904,5134,24,11,7,1,6,4897,train
CTU-Malware-Capture-Botnet-44,Rbot,C:\Users\Montana\My Code\CSCI611_Montana_Pawek\GNN\packagedData\graphs\CTU-Malware-Capture-Botnet-44\CTU-Malware-Capture-Botnet-44__20110814_184500.pt,CTU-Malware-Capture-Botnet-44\CTU-Malware-Capture-Botnet-44__20110814_184500.pt,data/rbotFamily/CTU-Malware-Capture-Botnet-44/capture20110812.binetflow,2011-08-14T18:45:00,2011-08-14T18:50:00,4125,4321,24,11,7,1,6,4118,train
CTU-Malware-Capture-Botnet-44,Rbot,C:\Users\Montana\My Code\CSCI611_Montana_Pawek\GNN\packagedData\graphs\CTU-Malware-Capture-Botnet-44\CTU-Malware-Capture-Botnet-44__20110814_185000.pt,CTU-Malware-Capture-Botnet-44\CTU-Malware-Capture-Botnet-44__20110814_185000.pt,data/rbotFamily/CTU-Malware-Capture-Botnet-44/capture20110812.binetflow,2011-08-14T18:50:00,2011-08-14T18:55:00,3928,3972,24,11,6,1,5,3922,train
CTU-Malware-Capture-Botnet-44,Rbot,C:\Users\Montana\My Code\CSCI611_Montana_Pawek\GNN\packagedData\graphs\CTU-Malware-Capture-Botnet-44\CTU-Malware-Capture-Botnet-44__20110814_185500.pt,CTU-Malware-Capture-Botnet-44\CTU-Malware-Capture-Botnet-44__20110814_185500.pt,data/rbotFamily/CTU-Malware-Capture-Botnet-44/capture20110812.binetflow,2011-08-14T18:55:00,2011-08-14T19:00:00,3674,3733,24,11,4,0,4,3670,train
CTU-Malware-Capture-Botnet-44,Rbot,C:\Users\Montana\My Code\CSCI611_Montana_Pawek\GNN\packagedData\graphs\CTU-Malware-Capture-Botnet-44\CTU-Malware-Capture-Botnet-44__20110814_190000.pt,CTU-Malware-Capture-Botnet-44\CTU-Malware-Capture-Botnet-44__20110814_190000.pt,data/rbotFamily/CTU-Malware-Capture-Botnet-44/capture20110812.binetflow,2011-08-14T19:00:00,2011-08-14T19:05:00,3870,3912,24,11,5,1,4,3865,train
CTU-Malware-Capture-Botnet-44,Rbot,C:\Users\Montana\My Code\CSCI611_Montana_Pawek\GNN\packagedData\graphs\CTU-Malware-Capture-Botnet-44\CTU-Malware-Capture-Botnet-44__20110814_190500.pt,CTU-Malware-Capture-Botnet-44\CTU-Malware-Capture-Botnet-44__20110814_190500.pt,data/rbotFamily/CTU-Malware-Capture-Botnet-44/capture20110812.binetflow,2011-08-14T19:05:00,2011-08-14T19:10:00,3760,3804,24,11,6,2,4,3754,train
CTU-Malware-Capture-Botnet-44,Rbot,C:\Users\Montana\My Code\CSCI611_Montana_Pawek\GNN\packagedData\graphs\CTU-Malware-Capture-Botnet-44\CTU-Malware-Capture-Botnet-44__20110814_191000.pt,CTU-Malware-Capture-Botnet-44\CTU-Malware-Capture-Botnet-44__20110814_191000.pt,data/rbotFamily/CTU-Malware-Capture-Botnet-44/capture20110812.binetflow,2011-08-14T19:10:00,2011-08-14T19:15:00,3537,3563,24,11,5,0,5,3532,train
CTU-Malware-Capture-Botnet-44,Rbot,C:\Users\Montana\My Code\CSCI611_Montana_Pawek\GNN\packagedData\graphs\CTU-Malware-Capture-Botnet-44\CTU-Malware-Capture-Botnet-44__20110814_191500.pt,CTU-Malware-Capture-Botnet-44\CTU-Malware-Capture-Botnet-44__20110814_191500.pt,data/rbotFamily/CTU-Malware-Capture-Botnet-44/capture20110812.binetflow,2011-08-14T19:15:00,2011-08-14T19:20:00,3846,3880,24,11,5,0,5,3841,train
CTU-Malware-Capture-Botnet-44,Rbot,C:\Users\Montana\My Code\CSCI611_Montana_Pawek\GNN\packagedData\graphs\CTU-Malware-Capture-Botnet-44\CTU-Malware-Capture-Botnet-44__20110814_192000.pt,CTU-Malware-Capture-Botnet-44\CTU-Malware-Capture-Botnet-44__20110814_192000.pt,data/rbotFamily/CTU-Malware-Capture-Botnet-44/capture20110812.binetflow,2011-08-14T19:20:00,2011-08-14T19:25:00,3755,3765,24,11,6,1,5,3749,train
CTU-Malware-Capture-Botnet-44,Rbot,C:\Users\Montana\My Code\CSCI611_Montana_Pawek\GNN\packagedData\graphs\CTU-Malware-Capture-Botnet-44\CTU-Malware-Capture-Botnet-44__20110814_192500.pt,CTU-Malware-Capture-Botnet-44\CTU-Malware-Capture-Botnet-44__20110814_192500.pt,data/rbotFamily/CTU-Malware-Capture-Botnet-44/capture20110812.binetflow,2011-08-14T19:25:00,2011-08-14T19:30:00,3967,4014,24,11,4,0,4,3963,train
CTU-Malware-Capture-Botnet-44,Rbot,C:\Users\Montana\My Code\CSCI611_Montana_Pawek\GNN\packagedData\graphs\CTU-Malware-Capture-Botnet-44\CTU-Malware-Capture-Botnet-44__20110814_193000.pt,CTU-Malware-Capture-Botnet-44\CTU-Malware-Capture-Botnet-44__20110814_193000.pt,data/rbotFamily/CTU-Malware-Capture-Botnet-44/capture20110812.binetflow,2011-08-14T19:30:00,2011-08-14T19:35:00,4347,4424,24,11,5,0,5,4342,train
CTU-Malware-Capture-Botnet-44,Rbot,C:\Users\Montana\My Code\CSCI611_Montana_Pawek\GNN\packagedData\graphs\CTU-Malware-Capture-Botnet-44\CTU-Malware-Capture-Botnet-44__20110814_193500.pt,CTU-Malware-Capture-Botnet-44\CTU-Malware-Capture-Botnet-44__20110814_193500.pt,data/rbotFamily/CTU-Malware-Capture-Botnet-44/capture20110812.binetflow,2011-08-14T19:35:00,2011-08-14T19:40:00,4048,4074,24,11,5,0,5,4043,train
CTU-Malware-Capture-Botnet-44,Rbot,C:\Users\Montana\My Code\CSCI611_Montana_Pawek\GNN\packagedData\graphs\CTU-Malware-Capture-Botnet-44\CTU-Malware-Capture-Botnet-44__20110814_194000.pt,CTU-Malware-Capture-Botnet-44\CTU-Malware-Capture-Botnet-44__20110814_194000.pt,data/rbotFamily/CTU-Malware-Capture-Botnet-44/capture20110812.binetflow,2011-08-14T19:40:00,2011-08-14T19:45:00,4147,4208,24,11,4,0,4,4143,train
CTU-Malware-Capture-Botnet-44,Rbot,C:\Users\Montana\My Code\CSCI611_Montana_Pawek\GNN\packagedData\graphs\CTU-Malware-Capture-Botnet-44\CTU-Malware-Capture-Botnet-44__20110814_194500.pt,CTU-Malware-Capture-Botnet-44\CTU-Malware-Capture-Botnet-44__20110814_194500.pt,data/rbotFamily/CTU-Malware-Capture-Botnet-44/capture20110812.binetflow,2011-08-14T19:45:00,2011-08-14T19:50:00,3641,3682,24,11,6,1,5,3635,train
CTU-Malware-Capture-Botnet-44,Rbot,C:\Users\Montana\My Code\CSCI611_Montana_Pawek\GNN\packagedData\graphs\CTU-Malware-Capture-Botnet-44\CTU-Malware-Capture-Botnet-44__20110814_195000.pt,CTU-Malware-Capture-Botnet-44\CTU-Malware-Capture-Botnet-44__20110814_195000.pt,data/rbotFamily/CTU-Malware-Capture-Botnet-44/capture20110812.binetflow,2011-08-14T19:50:00,2011-08-14T19:55:00,3978,4045,24,11,6,1,5,3972,train
CTU-Malware-Capture-Botnet-44,Rbot,C:\Users\Montana\My Code\CSCI611_Montana_Pawek\GNN\packagedData\graphs\CTU-Malware-Capture-Botnet-44\CTU-Malware-Capture-Botnet-44__20110814_195500.pt,CTU-Malware-Capture-Botnet-44\CTU-Malware-Capture-Botnet-44__20110814_195500.pt,data/rbotFamily/CTU-Malware-Capture-Botnet-44/capture20110812.binetflow,2011-08-14T19:55:00,2011-08-14T20:00:00,3859,3897,24,11,5,1,4,3854,train
CTU-Malware-Capture-Botnet-44,Rbot,C:\Users\Montana\My Code\CSCI611_Montana_Pawek\GNN\packagedData\graphs\CTU-Malware-Capture-Botnet-44\CTU-Malware-Capture-Botnet-44__20110814_200000.pt,CTU-Malware-Capture-Botnet-44\CTU-Malware-Capture-Botnet-44__20110814_200000.pt,data/rbotFamily/CTU-Malware-Capture-Botnet-44/capture20110812.binetflow,2011-08-14T20:00:00,2011-08-14T20:05:00,3830,3868,24,11,4,0,4,3826,train
CTU-Malware-Capture-Botnet-44,Rbot,C:\Users\Montana\My Code\CSCI611_Montana_Pawek\GNN\packagedData\graphs\CTU-Malware-Capture-Botnet-44\CTU-Malware-Capture-Botnet-44__20110814_200500.pt,CTU-Malware-Capture-Botnet-44\CTU-Malware-Capture-Botnet-44__20110814_200500.pt,data/rbotFamily/CTU-Malware-Capture-Botnet-44/capture20110812.binetflow,2011-08-14T20:05:00,2011-08-14T20:10:00,3800,3826,24,11,7,2,5,3793,train
CTU-Malware-Capture-Botnet-44,Rbot,C:\Users\Montana\My Code\CSCI611_Montana_Pawek\GNN\packagedData\graphs\CTU-Malware-Capture-Botnet-44\CTU-Malware-Capture-Botnet-44__20110814_201000.pt,CTU-Malware-Capture-Botnet-44\CTU-Malware-Capture-Botnet-44__20110814_201000.pt,data/rbotFamily/CTU-Malware-Capture-Botnet-44/capture20110812.binetflow,2011-08-14T20:10:00,2011-08-14T20:15:00,3888,3933,24,11,4,0,4,3884,train
CTU-Malware-Capture-Botnet-44,Rbot,C:\Users\Montana\My Code\CSCI611_Montana_Pawek\GNN\packagedData\graphs\CTU-Malware-Capture-Botnet-44\CTU-Malware-Capture-Botnet-44__20110814_201500.pt,CTU-Malware-Capture-Botnet-44\CTU-Malware-Capture-Botnet-44__20110814_201500.pt,data/rbotFamily/CTU-Malware-Capture-Botnet-44/capture20110812.binetflow,2011-08-14T20:15:00,2011-08-14T20:20:00,4157,4205,24,11,4,0,4,4153,train
CTU-Malware-Capture-Botnet-44,Rbot,C:\Users\Montana\My Code\CSCI611_Montana_Pawek\GNN\packagedData\graphs\CTU-Malware-Capture-Botnet-44\CTU-Malware-Capture-Botnet-44__20110814_202000.pt,CTU-Malware-Capture-Botnet-44\CTU-Malware-Capture-Botnet-44__20110814_202000.pt,data/rbotFamily/CTU-Malware-Capture-Botnet-44/capture20110812.binetflow,2011-08-14T20:20:00,2011-08-14T20:25:00,4083,4144,24,11,4,0,4,4079,train
CTU-Malware-Capture-Botnet-44,Rbot,C:\Users\Montana\My Code\CSCI611_Montana_Pawek\GNN\packagedData\graphs\CTU-Malware-Capture-Botnet-44\CTU-Malware-Capture-Botnet-44__20110814_202500.pt,CTU-Malware-Capture-Botnet-44\CTU-Malware-Capture-Botnet-44__20110814_202500.pt,data/rbotFamily/CTU-Malware-Capture-Botnet-44/capture20110812.binetflow,2011-08-14T20:25:00,2011-08-14T20:30:00,3956,4103,24,11,6,1,5,3950,train
CTU-Malware-Capture-Botnet-44,Rbot,C:\Users\Montana\My Code\CSCI611_Montana_Pawek\GNN\packagedData\graphs\CTU-Malware-Capture-Botnet-44\CTU-Malware-Capture-Botnet-44__20110814_203000.pt,CTU-Malware-Capture-Botnet-44\CTU-Malware-Capture-Botnet-44__20110814_203000.pt,data/rbotFamily/CTU-Malware-Capture-Botnet-44/capture20110812.binetflow,2011-08-14T20:30:00,2011-08-14T20:35:00,4200,4293,24,11,5,0,5,4195,train
CTU-Malware-Capture-Botnet-44,Rbot,C:\Users\Montana\My Code\CSCI611_Montana_Pawek\GNN\packagedData\graphs\CTU-Malware-Capture-Botnet-44\CTU-Malware-Capture-Botnet-44__20110814_203500.pt,CTU-Malware-Capture-Botnet-44\CTU-Malware-Capture-Botnet-44__20110814_203500.pt,data/rbotFamily/CTU-Malware-Capture-Botnet-44/capture20110812.binetflow,2011-08-14T20:35:00,2011-08-14T20:40:00,4022,4097,24,11,5,0,5,4017,train
CTU-Malware-Capture-Botnet-44,Rbot,C:\Users\Montana\My Code\CSCI611_Montana_Pawek\GNN\packagedData\graphs\CTU-Malware-Capture-Botnet-44\CTU-Malware-Capture-Botnet-44__20110814_204000.pt,CTU-Malware-Capture-Botnet-44\CTU-Malware-Capture-Botnet-44__20110814_204000.pt,data/rbotFamily/CTU-Malware-Capture-Botnet-44/capture20110812.binetflow,2011-08-14T20:40:00,2011-08-14T20:45:00,4301,4371,24,11,4,0,4,4297,train
CTU-Malware-Capture-Botnet-44,Rbot,C:\Users\Montana\My Code\CSCI611_Montana_Pawek\GNN\packagedData\graphs\CTU-Malware-Capture-Botnet-44\CTU-Malware-Capture-Botnet-44__20110814_204500.pt,CTU-Malware-Capture-Botnet-44\CTU-Malware-Capture-Botnet-44__20110814_204500.pt,data/rbotFamily/CTU-Malware-Capture-Botnet-44/capture20110812.binetflow,2011-08-14T20:45:00,2011-08-14T20:50:00,3906,3975,24,11,5,1,4,3901,train
CTU-Malware-Capture-Botnet-44,Rbot,C:\Users\Montana\My Code\CSCI611_Montana_Pawek\GNN\packagedData\graphs\CTU-Malware-Capture-Botnet-44\CTU-Malware-Capture-Botnet-44__20110814_205000.pt,CTU-Malware-Capture-Botnet-44\CTU-Malware-Capture-Botnet-44__20110814_205000.pt,data/rbotFamily/CTU-Malware-Capture-Botnet-44/capture20110812.binetflow,2011-08-14T20:50:00,2011-08-14T20:55:00,3961,4033,24,11,6,1,5,3955,train
CTU-Malware-Capture-Botnet-44,Rbot,C:\Users\Montana\My Code\CSCI611_Montana_Pawek\GNN\packagedData\graphs\CTU-Malware-Capture-Botnet-44\CTU-Malware-Capture-Botnet-44__20110814_205500.pt,CTU-Malware-Capture-Botnet-44\CTU-Malware-Capture-Botnet-44__20110814_205500.pt,data/rbotFamily/CTU-Malware-Capture-Botnet-44/capture20110812.binetflow,2011-08-14T20:55:00,2011-08-14T21:00:00,4193,4249,24,11,6,1,5,4187,train
CTU-Malware-Capture-Botnet-44,Rbot,C:\Users\Montana\My Code\CSCI611_Montana_Pawek\GNN\packagedData\graphs\CTU-Malware-Capture-Botnet-44\CTU-Malware-Capture-Botnet-44__20110814_210000.pt,CTU-Malware-Capture-Botnet-44\CTU-Malware-Capture-Botnet-44__20110814_210000.pt,data/rbotFamily/CTU-Malware-Capture-Botnet-44/capture20110812.binetflow,2011-08-14T21:00:00,2011-08-14T21:05:00,4363,4457,24,11,4,0,4,4359,train
CTU-Malware-Capture-Botnet-44,Rbot,C:\Users\Montana\My Code\CSCI611_Montana_Pawek\GNN\packagedData\graphs\CTU-Malware-Capture-Botnet-44\CTU-Malware-Capture-Botnet-44__20110814_210500.pt,CTU-Malware-Capture-Botnet-44\CTU-Malware-Capture-Botnet-44__20110814_210500.pt,data/rbotFamily/CTU-Malware-Capture-Botnet-44/capture20110812.binetflow,2011-08-14T21:05:00,2011-08-14T21:10:00,4221,4430,24,11,6,2,4,4215,train
CTU-Malware-Capture-Botnet-44,Rbot,C:\Users\Montana\My Code\CSCI611_Montana_Pawek\GNN\packagedData\graphs\CTU-Malware-Capture-Botnet-44\CTU-Malware-Capture-Botnet-44__20110814_211000.pt,CTU-Malware-Capture-Botnet-44\CTU-Malware-Capture-Botnet-44__20110814_211000.pt,data/rbotFamily/CTU-Malware-Capture-Botnet-44/capture20110812.binetflow,2011-08-14T21:10:00,2011-08-14T21:15:00,3669,3753,24,11,4,0,4,3665,train
CTU-Malware-Capture-Botnet-44,Rbot,C:\Users\Montana\My Code\CSCI611_Montana_Pawek\GNN\packagedData\graphs\CTU-Malware-Capture-Botnet-44\CTU-Malware-Capture-Botnet-44__20110814_211500.pt,CTU-Malware-Capture-Botnet-44\CTU-Malware-Capture-Botnet-44__20110814_211500.pt,data/rbotFamily/CTU-Malware-Capture-Botnet-44/capture20110812.binetflow,2011-08-14T21:15:00,2011-08-14T21:20:00,4023,4082,24,11,4,0,4,4019,train
CTU-Malware-Capture-Botnet-44,Rbot,C:\Users\Montana\My Code\CSCI611_Montana_Pawek\GNN\packagedData\graphs\CTU-Malware-Capture-Botnet-44\CTU-Malware-Capture-Botnet-44__20110814_212000.pt,CTU-Malware-Capture-Botnet-44\CTU-Malware-Capture-Botnet-44__20110814_212000.pt,data/rbotFamily/CTU-Malware-Capture-Botnet-44/capture20110812.binetflow,2011-08-14T21:20:00,2011-08-14T21:25:00,3915,3963,24,11,4,0,4,3911,train
CTU-Malware-Capture-Botnet-44,Rbot,C:\Users\Montana\My Code\CSCI611_Montana_Pawek\GNN\packagedData\graphs\CTU-Malware-Capture-Botnet-44\CTU-Malware-Capture-Botnet-44__20110814_212500.pt,CTU-Malware-Capture-Botnet-44\CTU-Malware-Capture-Botnet-44__20110814_212500.pt,data/rbotFamily/CTU-Malware-Capture-Botnet-44/capture20110812.binetflow,2011-08-14T21:25:00,2011-08-14T21:30:00,4247,4534,24,11,7,1,6,4240,train
CTU-Malware-Capture-Botnet-44,Rbot,C:\Users\Montana\My Code\CSCI611_Montana_Pawek\GNN\packagedData\graphs\CTU-Malware-Capture-Botnet-44\CTU-Malware-Capture-Botnet-44__20110814_213000.pt,CTU-Malware-Capture-Botnet-44\CTU-Malware-Capture-Botnet-44__20110814_213000.pt,data/rbotFamily/CTU-Malware-Capture-Botnet-44/capture20110812.binetflow,2011-08-14T21:30:00,2011-08-14T21:35:00,3930,3978,24,11,4,0,4,3926,train
CTU-Malware-Capture-Botnet-44,Rbot,C:\Users\Montana\My Code\CSCI611_Montana_Pawek\GNN\packagedData\graphs\CTU-Malware-Capture-Botnet-44\CTU-Malware-Capture-Botnet-44__20110814_213500.pt,CTU-Malware-Capture-Botnet-44\CTU-Malware-Capture-Botnet-44__20110814_213500.pt,data/rbotFamily/CTU-Malware-Capture-Botnet-44/capture20110812.binetflow,2011-08-14T21:35:00,2011-08-14T21:40:00,3966,4004,24,11,4,0,4,3962,train
CTU-Malware-Capture-Botnet-44,Rbot,C:\Users\Montana\My Code\CSCI611_Montana_Pawek\GNN\packagedData\graphs\CTU-Malware-Capture-Botnet-44\CTU-Malware-Capture-Botnet-44__20110814_214000.pt,CTU-Malware-Capture-Botnet-44\CTU-Malware-Capture-Botnet-44__20110814_214000.pt,data/rbotFamily/CTU-Malware-Capture-Botnet-44/capture20110812.binetflow,2011-08-14T21:40:00,2011-08-14T21:45:00,3894,3955,24,11,5,1,4,3889,train
CTU-Malware-Capture-Botnet-44,Rbot,C:\Users\Montana\My Code\CSCI611_Montana_Pawek\GNN\packagedData\graphs\CTU-Malware-Capture-Botnet-44\CTU-Malware-Capture-Botnet-44__20110814_214500.pt,CTU-Malware-Capture-Botnet-44\CTU-Malware-Capture-Botnet-44__20110814_214500.pt,data/rbotFamily/CTU-Malware-Capture-Botnet-44/capture20110812.binetflow,2011-08-14T21:45:00,2011-08-14T21:50:00,4023,4060,24,11,5,1,4,4018,train
CTU-Malware-Capture-Botnet-44,Rbot,C:\Users\Montana\My Code\CSCI611_Montana_Pawek\GNN\packagedData\graphs\CTU-Malware-Capture-Botnet-44\CTU-Malware-Capture-Botnet-44__20110814_215000.pt,CTU-Malware-Capture-Botnet-44\CTU-Malware-Capture-Botnet-44__20110814_215000.pt,data/rbotFamily/CTU-Malware-Capture-Botnet-44/capture20110812.binetflow,2011-08-14T21:50:00,2011-08-14T21:55:00,3701,3750,24,11,6,1,5,3695,train
CTU-Malware-Capture-Botnet-44,Rbot,C:\Users\Montana\My Code\CSCI611_Montana_Pawek\GNN\packagedData\graphs\CTU-Malware-Capture-Botnet-44\CTU-Malware-Capture-Botnet-44__20110814_215500.pt,CTU-Malware-Capture-Botnet-44\CTU-Malware-Capture-Botnet-44__20110814_215500.pt,data/rbotFamily/CTU-Malware-Capture-Botnet-44/capture20110812.binetflow,2011-08-14T21:55:00,2011-08-14T22:00:00,4186,4221,24,11,5,1,4,4181,train
CTU-Malware-Capture-Botnet-44,Rbot,C:\Users\Montana\My Code\CSCI611_Montana_Pawek\GNN\packagedData\graphs\CTU-Malware-Capture-Botnet-44\CTU-Malware-Capture-Botnet-44__20110814_220000.pt,CTU-Malware-Capture-Botnet-44\CTU-Malware-Capture-Botnet-44__20110814_220000.pt,data/rbotFamily/CTU-Malware-Capture-Botnet-44/capture20110812.binetflow,2011-08-14T22:00:00,2011-08-14T22:05:00,3975,4016,24,11,5,1,4,3970,train
CTU-Malware-Capture-Botnet-44,Rbot,C:\Users\Montana\My Code\CSCI611_Montana_Pawek\GNN\packagedData\graphs\CTU-Malware-Capture-Botnet-44\CTU-Malware-Capture-Botnet-44__20110814_220500.pt,CTU-Malware-Capture-Botnet-44\CTU-Malware-Capture-Botnet-44__20110814_220500.pt,data/rbotFamily/CTU-Malware-Capture-Botnet-44/capture20110812.binetflow,2011-08-14T22:05:00,2011-08-14T22:10:00,4172,4219,24,11,5,1,4,4167,train
CTU-Malware-Capture-Botnet-44,Rbot,C:\Users\Montana\My Code\CSCI611_Montana_Pawek\GNN\packagedData\graphs\CTU-Malware-Capture-Botnet-44\CTU-Malware-Capture-Botnet-44__20110814_221000.pt,CTU-Malware-Capture-Botnet-44\CTU-Malware-Capture-Botnet-44__20110814_221000.pt,data/rbotFamily/CTU-Malware-Capture-Botnet-44/capture20110812.binetflow,2011-08-14T22:10:00,2011-08-14T22:15:00,4127,4166,24,11,6,1,5,4121,train
CTU-Malware-Capture-Botnet-44,Rbot,C:\Users\Montana\My Code\CSCI611_Montana_Pawek\GNN\packagedData\graphs\CTU-Malware-Capture-Botnet-44\CTU-Malware-Capture-Botnet-44__20110814_221500.pt,CTU-Malware-Capture-Botnet-44\CTU-Malware-Capture-Botnet-44__20110814_221500.pt,data/rbotFamily/CTU-Malware-Capture-Botnet-44/capture20110812.binetflow,2011-08-14T22:15:00,2011-08-14T22:20:00,4421,4494,24,11,6,1,5,4415,train
CTU-Malware-Capture-Botnet-44,Rbot,C:\Users\Montana\My Code\CSCI611_Montana_Pawek\GNN\packagedData\graphs\CTU-Malware-Capture-Botnet-44\CTU-Malware-Capture-Botnet-44__20110814_222000.pt,CTU-Malware-Capture-Botnet-44\CTU-Malware-Capture-Botnet-44__20110814_222000.pt,data/rbotFamily/CTU-Malware-Capture-Botnet-44/capture20110812.binetflow,2011-08-14T22:20:00,2011-08-14T22:25:00,4361,4412,24,11,5,1,4,4356,train
CTU-Malware-Capture-Botnet-44,Rbot,C:\Users\Montana\My Code\CSCI611_Montana_Pawek\GNN\packagedData\graphs\CTU-Malware-Capture-Botnet-44\CTU-Malware-Capture-Botnet-44__20110814_222500.pt,CTU-Malware-Capture-Botnet-44\CTU-Malware-Capture-Botnet-44__20110814_222500.pt,data/rbotFamily/CTU-Malware-Capture-Botnet-44/capture20110812.binetflow,2011-08-14T22:25:00,2011-08-14T22:30:00,3929,3959,24,11,6,1,5,3923,train
CTU-Malware-Capture-Botnet-44,Rbot,C:\Users\Montana\My Code\CSCI611_Montana_Pawek\GNN\packagedData\graphs\CTU-Malware-Capture-Botnet-44\CTU-Malware-Capture-Botnet-44__20110814_223000.pt,CTU-Malware-Capture-Botnet-44\CTU-Malware-Capture-Botnet-44__20110814_223000.pt,data/rbotFamily/CTU-Malware-Capture-Botnet-44/capture20110812.binetflow,2011-08-14T22:30:00,2011-08-14T22:35:00,3775,3809,24,11,5,1,4,3770,train
CTU-Malware-Capture-Botnet-44,Rbot,C:\Users\Montana\My Code\CSCI611_Montana_Pawek\GNN\packagedData\graphs\CTU-Malware-Capture-Botnet-44\CTU-Malware-Capture-Botnet-44__20110814_223500.pt,CTU-Malware-Capture-Botnet-44\CTU-Malware-Capture-Botnet-44__20110814_223500.pt,data/rbotFamily/CTU-Malware-Capture-Botnet-44/capture20110812.binetflow,2011-08-14T22:35:00,2011-08-14T22:40:00,3719,3764,24,11,5,1,4,3714,train
CTU-Malware-Capture-Botnet-44,Rbot,C:\Users\Montana\My Code\CSCI611_Montana_Pawek\GNN\packagedData\graphs\CTU-Malware-Capture-Botnet-44\CTU-Malware-Capture-Botnet-44__20110814_224000.pt,CTU-Malware-Capture-Botnet-44\CTU-Malware-Capture-Botnet-44__20110814_224000.pt,data/rbotFamily/CTU-Malware-Capture-Botnet-44/capture20110812.binetflow,2011-08-14T22:40:00,2011-08-14T22:45:00,4152,4218,24,11,6,1,5,4146,train
CTU-Malware-Capture-Botnet-44,Rbot,C:\Users\Montana\My Code\CSCI611_Montana_Pawek\GNN\packagedData\graphs\CTU-Malware-Capture-Botnet-44\CTU-Malware-Capture-Botnet-44__20110814_224500.pt,CTU-Malware-Capture-Botnet-44\CTU-Malware-Capture-Botnet-44__20110814_224500.pt,data/rbotFamily/CTU-Malware-Capture-Botnet-44/capture20110812.binetflow,2011-08-14T22:45:00,2011-08-14T22:50:00,3628,3701,24,11,7,1,6,3621,train
CTU-Malware-Capture-Botnet-44,Rbot,C:\Users\Montana\My Code\CSCI611_Montana_Pawek\GNN\packagedData\graphs\CTU-Malware-Capture-Botnet-44\CTU-Malware-Capture-Botnet-44__20110814_225000.pt,CTU-Malware-Capture-Botnet-44\CTU-Malware-Capture-Botnet-44__20110814_225000.pt,data/rbotFamily/CTU-Malware-Capture-Botnet-44/capture20110812.binetflow,2011-08-14T22:50:00,2011-08-14T22:55:00,3729,3763,24,11,6,1,5,3723,train
CTU-Malware-Capture-Botnet-44,Rbot,C:\Users\Montana\My Code\CSCI611_Montana_Pawek\GNN\packagedData\graphs\CTU-Malware-Capture-Botnet-44\CTU-Malware-Capture-Botnet-44__20110814_225500.pt,CTU-Malware-Capture-Botnet-44\CTU-Malware-Capture-Botnet-44__20110814_225500.pt,data/rbotFamily/CTU-Malware-Capture-Botnet-44/capture20110812.binetflow,2011-08-14T22:55:00,2011-08-14T23:00:00,3731,3773,24,11,6,1,5,3725,train
CTU-Malware-Capture-Botnet-44,Rbot,C:\Users\Montana\My Code\CSCI611_Montana_Pawek\GNN\packagedData\graphs\CTU-Malware-Capture-Botnet-44\CTU-Malware-Capture-Botnet-44__20110814_230000.pt,CTU-Malware-Capture-Botnet-44\CTU-Malware-Capture-Botnet-44__20110814_230000.pt,data/rbotFamily/CTU-Malware-Capture-Botnet-44/capture20110812.binetflow,2011-08-14T23:00:00,2011-08-14T23:05:00,3683,3713,24,11,6,1,5,3677,train
CTU-Malware-Capture-Botnet-44,Rbot,C:\Users\Montana\My Code\CSCI611_Montana_Pawek\GNN\packagedData\graphs\CTU-Malware-Capture-Botnet-44\CTU-Malware-Capture-Botnet-44__20110814_230500.pt,CTU-Malware-Capture-Botnet-44\CTU-Malware-Capture-Botnet-44__20110814_230500.pt,data/rbotFamily/CTU-Malware-Capture-Botnet-44/capture20110812.binetflow,2011-08-14T23:05:00,2011-08-14T23:10:00,3943,3987,24,11,5,1,4,3938,train
CTU-Malware-Capture-Botnet-44,Rbot,C:\Users\Montana\My Code\CSCI611_Montana_Pawek\GNN\packagedData\graphs\CTU-Malware-Capture-Botnet-44\CTU-Malware-Capture-Botnet-44__20110814_231000.pt,CTU-Malware-Capture-Botnet-44\CTU-Malware-Capture-Botnet-44__20110814_231000.pt,data/rbotFamily/CTU-Malware-Capture-Botnet-44/capture20110812.binetflow,2011-08-14T23:10:00,2011-08-14T23:15:00,3890,3929,24,11,6,2,4,3884,train
CTU-Malware-Capture-Botnet-44,Rbot,C:\Users\Montana\My Code\CSCI611_Montana_Pawek\GNN\packagedData\graphs\CTU-Malware-Capture-Botnet-44\CTU-Malware-Capture-Botnet-44__20110814_231500.pt,CTU-Malware-Capture-Botnet-44\CTU-Malware-Capture-Botnet-44__20110814_231500.pt,data/rbotFamily/CTU-Malware-Capture-Botnet-44/capture20110812.binetflow,2011-08-14T23:15:00,2011-08-14T23:20:00,3723,3771,24,11,5,1,4,3718,train
CTU-Malware-Capture-Botnet-44,Rbot,C:\Users\Montana\My Code\CSCI611_Montana_Pawek\GNN\packagedData\graphs\CTU-Malware-Capture-Botnet-44\CTU-Malware-Capture-Botnet-44__20110814_232000.pt,CTU-Malware-Capture-Botnet-44\CTU-Malware-Capture-Botnet-44__20110814_232000.pt,data/rbotFamily/CTU-Malware-Capture-Botnet-44/capture20110812.binetflow,2011-08-14T23:20:00,2011-08-14T23:25:00,4455,4711,24,11,7,1,6,4448,train
CTU-Malware-Capture-Botnet-44,Rbot,C:\Users\Montana\My Code\CSCI611_Montana_Pawek\GNN\packagedData\graphs\CTU-Malware-Capture-Botnet-44\CTU-Malware-Capture-Botnet-44__20110814_232500.pt,CTU-Malware-Capture-Botnet-44\CTU-Malware-Capture-Botnet-44__20110814_232500.pt,data/rbotFamily/CTU-Malware-Capture-Botnet-44/capture20110812.binetflow,2011-08-14T23:25:00,2011-08-14T23:30:00,3690,3715,24,11,5,1,4,3685,train
CTU-Malware-Capture-Botnet-44,Rbot,C:\Users\Montana\My Code\CSCI611_Montana_Pawek\GNN\packagedData\graphs\CTU-Malware-Capture-Botnet-44\CTU-Malware-Capture-Botnet-44__20110814_233000.pt,CTU-Malware-Capture-Botnet-44\CTU-Malware-Capture-Botnet-44__20110814_233000.pt,data/rbotFamily/CTU-Malware-Capture-Botnet-44/capture20110812.binetflow,2011-08-14T23:30:00,2011-08-14T23:35:00,3634,3673,24,11,5,1,4,3629,train
CTU-Malware-Capture-Botnet-44,Rbot,C:\Users\Montana\My Code\CSCI611_Montana_Pawek\GNN\packagedData\graphs\CTU-Malware-Capture-Botnet-44\CTU-Malware-Capture-Botnet-44__20110814_233500.pt,CTU-Malware-Capture-Botnet-44\CTU-Malware-Capture-Botnet-44__20110814_233500.pt,data/rbotFamily/CTU-Malware-Capture-Botnet-44/capture20110812.binetflow,2011-08-14T23:35:00,2011-08-14T23:40:00,3361,3394,24,11,5,1,4,3356,train
CTU-Malware-Capture-Botnet-44,Rbot,C:\Users\Montana\My Code\CSCI611_Montana_Pawek\GNN\packagedData\graphs\CTU-Malware-Capture-Botnet-44\CTU-Malware-Capture-Botnet-44__20110814_234000.pt,CTU-Malware-Capture-Botnet-44\CTU-Malware-Capture-Botnet-44__20110814_234000.pt,data/rbotFamily/CTU-Malware-Capture-Botnet-44/capture20110812.binetflow,2011-08-14T23:40:00,2011-08-14T23:45:00,3561,3603,24,11,5,1,4,3556,train
CTU-Malware-Capture-Botnet-44,Rbot,C:\Users\Montana\My Code\CSCI611_Montana_Pawek\GNN\packagedData\graphs\CTU-Malware-Capture-Botnet-44\CTU-Malware-Capture-Botnet-44__20110814_234500.pt,CTU-Malware-Capture-Botnet-44\CTU-Malware-Capture-Botnet-44__20110814_234500.pt,data/rbotFamily/CTU-Malware-Capture-Botnet-44/capture20110812.binetflow,2011-08-14T23:45:00,2011-08-14T23:50:00,3456,3466,24,11,5,1,4,3451,train
CTU-Malware-Capture-Botnet-44,Rbot,C:\Users\Montana\My Code\CSCI611_Montana_Pawek\GNN\packagedData\graphs\CTU-Malware-Capture-Botnet-44\CTU-Malware-Capture-Botnet-44__20110814_235000.pt,CTU-Malware-Capture-Botnet-44\CTU-Malware-Capture-Botnet-44__20110814_235000.pt,data/rbotFamily/CTU-Malware-Capture-Botnet-44/capture20110812.binetflow,2011-08-14T23:50:00,2011-08-14T23:55:00,3411,3467,24,11,6,1,5,3405,train
CTU-Malware-Capture-Botnet-44,Rbot,C:\Users\Montana\My Code\CSCI611_Montana_Pawek\GNN\packagedData\graphs\CTU-Malware-Capture-Botnet-44\CTU-Malware-Capture-Botnet-44__20110814_235500.pt,CTU-Malware-Capture-Botnet-44\CTU-Malware-Capture-Botnet-44__20110814_235500.pt,data/rbotFamily/CTU-Malware-Capture-Botnet-44/capture20110812.binetflow,2011-08-14T23:55:00,2011-08-15T00:00:00,3531,3574,24,11,6,1,5,3525,train
CTU-Malware-Capture-Botnet-44,Rbot,C:\Users\Montana\My Code\CSCI611_Montana_Pawek\GNN\packagedData\graphs\CTU-Malware-Capture-Botnet-44\CTU-Malware-Capture-Botnet-44__20110815_000000.pt,CTU-Malware-Capture-Botnet-44\CTU-Malware-Capture-Botnet-44__20110815_000000.pt,data/rbotFamily/CTU-Malware-Capture-Botnet-44/capture20110812.binetflow,2011-08-15T00:00:00,2011-08-15T00:05:00,3380,3425,24,11,5,1,4,3375,train
CTU-Malware-Capture-Botnet-44,Rbot,C:\Users\Montana\My Code\CSCI611_Montana_Pawek\GNN\packagedData\graphs\CTU-Malware-Capture-Botnet-44\CTU-Malware-Capture-Botnet-44__20110815_000500.pt,CTU-Malware-Capture-Botnet-44\CTU-Malware-Capture-Botnet-44__20110815_000500.pt,data/rbotFamily/CTU-Malware-Capture-Botnet-44/capture20110812.binetflow,2011-08-15T00:05:00,2011-08-15T00:10:00,3478,3518,24,11,5,1,4,3473,train
CTU-Malware-Capture-Botnet-44,Rbot,C:\Users\Montana\My Code\CSCI611_Montana_Pawek\GNN\packagedData\graphs\CTU-Malware-Capture-Botnet-44\CTU-Malware-Capture-Botnet-44__20110815_001000.pt,CTU-Malware-Capture-Botnet-44\CTU-Malware-Capture-Botnet-44__20110815_001000.pt,data/rbotFamily/CTU-Malware-Capture-Botnet-44/capture20110812.binetflow,2011-08-15T00:10:00,2011-08-15T00:15:00,3563,3602,24,11,7,2,5,3556,train
CTU-Malware-Capture-Botnet-44,Rbot,C:\Users\Montana\My Code\CSCI611_Montana_Pawek\GNN\packagedData\graphs\CTU-Malware-Capture-Botnet-44\CTU-Malware-Capture-Botnet-44__20110815_001500.pt,CTU-Malware-Capture-Botnet-44\CTU-Malware-Capture-Botnet-44__20110815_001500.pt,data/rbotFamily/CTU-Malware-Capture-Botnet-44/capture20110812.binetflow,2011-08-15T00:15:00,2011-08-15T00:20:00,3602,3648,24,11,5,1,4,3597,train
CTU-Malware-Capture-Botnet-44,Rbot,C:\Users\Montana\My Code\CSCI611_Montana_Pawek\GNN\packagedData\graphs\CTU-Malware-Capture-Botnet-44\CTU-Malware-Capture-Botnet-44__20110815_002000.pt,CTU-Malware-Capture-Botnet-44\CTU-Malware-Capture-Botnet-44__20110815_002000.pt,data/rbotFamily/CTU-Malware-Capture-Botnet-44/capture20110812.binetflow,2011-08-15T00:20:00,2011-08-15T00:25:00,3544,3580,24,11,5,1,4,3539,train
CTU-Malware-Capture-Botnet-44,Rbot,C:\Users\Montana\My Code\CSCI611_Montana_Pawek\GNN\packagedData\graphs\CTU-Malware-Capture-Botnet-44\CTU-Malware-Capture-Botnet-44__20110815_002500.pt,CTU-Malware-Capture-Botnet-44\CTU-Malware-Capture-Botnet-44__20110815_002500.pt,data/rbotFamily/CTU-Malware-Capture-Botnet-44/capture20110812.binetflow,2011-08-15T00:25:00,2011-08-15T00:30:00,3507,3562,24,11,5,1,4,3502,train
CTU-Malware-Capture-Botnet-44,Rbot,C:\Users\Montana\My Code\CSCI611_Montana_Pawek\GNN\packagedData\graphs\CTU-Malware-Capture-Botnet-44\CTU-Malware-Capture-Botnet-44__20110815_003000.pt,CTU-Malware-Capture-Botnet-44\CTU-Malware-Capture-Botnet-44__20110815_003000.pt,data/rbotFamily/CTU-Malware-Capture-Botnet-44/capture20110812.binetflow,2011-08-15T00:30:00,2011-08-15T00:35:00,3343,3383,24,11,5,1,4,3338,train
CTU-Malware-Capture-Botnet-44,Rbot,C:\Users\Montana\My Code\CSCI611_Montana_Pawek\GNN\packagedData\graphs\CTU-Malware-Capture-Botnet-44\CTU-Malware-Capture-Botnet-44__20110815_003500.pt,CTU-Malware-Capture-Botnet-44\CTU-Malware-Capture-Botnet-44__20110815_003500.pt,data/rbotFamily/CTU-Malware-Capture-Botnet-44/capture20110812.binetflow,2011-08-15T00:35:00,2011-08-15T00:40:00,3071,3095,24,11,5,1,4,3066,train
CTU-Malware-Capture-Botnet-44,Rbot,C:\Users\Montana\My Code\CSCI611_Montana_Pawek\GNN\packagedData\graphs\CTU-Malware-Capture-Botnet-44\CTU-Malware-Capture-Botnet-44__20110815_004000.pt,CTU-Malware-Capture-Botnet-44\CTU-Malware-Capture-Botnet-44__20110815_004000.pt,data/rbotFamily/CTU-Malware-Capture-Botnet-44/capture20110812.binetflow,2011-08-15T00:40:00,2011-08-15T00:45:00,3288,3316,24,11,5,1,4,3283,train
CTU-Malware-Capture-Botnet-44,Rbot,C:\Users\Montana\My Code\CSCI611_Montana_Pawek\GNN\packagedData\graphs\CTU-Malware-Capture-Botnet-44\CTU-Malware-Capture-Botnet-44__20110815_004500.pt,CTU-Malware-Capture-Botnet-44\CTU-Malware-Capture-Botnet-44__20110815_004500.pt,data/rbotFamily/CTU-Malware-Capture-Botnet-44/capture20110812.binetflow,2011-08-15T00:45:00,2011-08-15T00:50:00,3013,3052,24,11,5,1,4,3008,train
CTU-Malware-Capture-Botnet-44,Rbot,C:\Users\Montana\My Code\CSCI611_Montana_Pawek\GNN\packagedData\graphs\CTU-Malware-Capture-Botnet-44\CTU-Malware-Capture-Botnet-44__20110815_005000.pt,CTU-Malware-Capture-Botnet-44\CTU-Malware-Capture-Botnet-44__20110815_005000.pt,data/rbotFamily/CTU-Malware-Capture-Botnet-44/capture20110812.binetflow,2011-08-15T00:50:00,2011-08-15T00:55:00,2933,2963,24,11,5,1,4,2928,train
CTU-Malware-Capture-Botnet-44,Rbot,C:\Users\Montana\My Code\CSCI611_Montana_Pawek\GNN\packagedData\graphs\CTU-Malware-Capture-Botnet-44\CTU-Malware-Capture-Botnet-44__20110815_005500.pt,CTU-Malware-Capture-Botnet-44\CTU-Malware-Capture-Botnet-44__20110815_005500.pt,data/rbotFamily/CTU-Malware-Capture-Botnet-44/capture20110812.binetflow,2011-08-15T00:55:00,2011-08-15T01:00:00,3155,3223,24,11,6,1,5,3149,train
CTU-Malware-Capture-Botnet-44,Rbot,C:\Users\Montana\My Code\CSCI611_Montana_Pawek\GNN\packagedData\graphs\CTU-Malware-Capture-Botnet-44\CTU-Malware-Capture-Botnet-44__20110815_010000.pt,CTU-Malware-Capture-Botnet-44\CTU-Malware-Capture-Botnet-44__20110815_010000.pt,data/rbotFamily/CTU-Malware-Capture-Botnet-44/capture20110812.binetflow,2011-08-15T01:00:00,2011-08-15T01:05:00,3125,3140,24,11,5,1,4,3120,train
CTU-Malware-Capture-Botnet-44,Rbot,C:\Users\Montana\My Code\CSCI611_Montana_Pawek\GNN\packagedData\graphs\CTU-Malware-Capture-Botnet-44\CTU-Malware-Capture-Botnet-44__20110815_010500.pt,CTU-Malware-Capture-Botnet-44\CTU-Malware-Capture-Botnet-44__20110815_010500.pt,data/rbotFamily/CTU-Malware-Capture-Botnet-44/capture20110812.binetflow,2011-08-15T01:05:00,2011-08-15T01:10:00,3075,3058,24,11,5,1,4,3070,train
CTU-Malware-Capture-Botnet-44,Rbot,C:\Users\Montana\My Code\CSCI611_Montana_Pawek\GNN\packagedData\graphs\CTU-Malware-Capture-Botnet-44\CTU-Malware-Capture-Botnet-44__20110815_011000.pt,CTU-Malware-Capture-Botnet-44\CTU-Malware-Capture-Botnet-44__20110815_011000.pt,data/rbotFamily/CTU-Malware-Capture-Botnet-44/capture20110812.binetflow,2011-08-15T01:10:00,2011-08-15T01:15:00,3043,3024,24,11,7,2,5,3036,train
CTU-Malware-Capture-Botnet-44,Rbot,C:\Users\Montana\My Code\CSCI611_Montana_Pawek\GNN\packagedData\graphs\CTU-Malware-Capture-Botnet-44\CTU-Malware-Capture-Botnet-44__20110815_011500.pt,CTU-Malware-Capture-Botnet-44\CTU-Malware-Capture-Botnet-44__20110815_011500.pt,data/rbotFamily/CTU-Malware-Capture-Botnet-44/capture20110812.binetflow,2011-08-15T01:15:00,2011-08-15T01:20:00,2983,3000,24,11,5,1,4,2978,train
CTU-Malware-Capture-Botnet-44,Rbot,C:\Users\Montana\My Code\CSCI611_Montana_Pawek\GNN\packagedData\graphs\CTU-Malware-Capture-Botnet-44\CTU-Malware-Capture-Botnet-44__20110815_012000.pt,CTU-Malware-Capture-Botnet-44\CTU-Malware-Capture-Botnet-44__20110815_012000.pt,data/rbotFamily/CTU-Malware-Capture-Botnet-44/capture20110812.binetflow,2011-08-15T01:20:00,2011-08-15T01:25:00,3283,3256,24,11,5,1,4,3278,train
CTU-Malware-Capture-Botnet-44,Rbot,C:\Users\Montana\My Code\CSCI611_Montana_Pawek\GNN\packagedData\graphs\CTU-Malware-Capture-Botnet-44\CTU-Malware-Capture-Botnet-44__20110815_012500.pt,CTU-Malware-Capture-Botnet-44\CTU-Malware-Capture-Botnet-44__20110815_012500.pt,data/rbotFamily/CTU-Malware-Capture-Botnet-44/capture20110812.binetflow,2011-08-15T01:25:00,2011-08-15T01:30:00,3243,3245,24,11,7,1,6,3236,train
CTU-Malware-Capture-Botnet-44,Rbot,C:\Users\Montana\My Code\CSCI611_Montana_Pawek\GNN\packagedData\graphs\CTU-Malware-Capture-Botnet-44\CTU-Malware-Capture-Botnet-44__20110815_013000.pt,CTU-Malware-Capture-Botnet-44\CTU-Malware-Capture-Botnet-44__20110815_013000.pt,data/rbotFamily/CTU-Malware-Capture-Botnet-44/capture20110812.binetflow,2011-08-15T01:30:00,2011-08-15T01:35:00,3712,4030,24,11,7,1,6,3705,train
CTU-Malware-Capture-Botnet-44,Rbot,C:\Users\Montana\My Code\CSCI611_Montana_Pawek\GNN\packagedData\graphs\CTU-Malware-Capture-Botnet-44\CTU-Malware-Capture-Botnet-44__20110815_013500.pt,CTU-Malware-Capture-Botnet-44\CTU-Malware-Capture-Botnet-44__20110815_013500.pt,data/rbotFamily/CTU-Malware-Capture-Botnet-44/capture20110812.binetflow,2011-08-15T01:35:00,2011-08-15T01:40:00,2988,2975,24,11,5,1,4,2983,train
CTU-Malware-Capture-Botnet-44,Rbot,C:\Users\Montana\My Code\CSCI611_Montana_Pawek\GNN\packagedData\graphs\CTU-Malware-Capture-Botnet-44\CTU-Malware-Capture-Botnet-44__20110815_014000.pt,CTU-Malware-Capture-Botnet-44\CTU-Malware-Capture-Botnet-44__20110815_014000.pt,data/rbotFamily/CTU-Malware-Capture-Botnet-44/capture20110812.binetflow,2011-08-15T01:40:00,2011-08-15T01:45:00,3107,3129,24,11,5,1,4,3102,train
CTU-Malware-Capture-Botnet-44,Rbot,C:\Users\Montana\My Code\CSCI611_Montana_Pawek\GNN\packagedData\graphs\CTU-Malware-Capture-Botnet-44\CTU-Malware-Capture-Botnet-44__20110815_014500.pt,CTU-Malware-Capture-Botnet-44\CTU-Malware-Capture-Botnet-44__20110815_014500.pt,data/rbotFamily/CTU-Malware-Capture-Botnet-44/capture20110812.binetflow,2011-08-15T01:45:00,2011-08-15T01:50:00,3047,3066,24,11,5,1,4,3042,train
CTU-Malware-Capture-Botnet-44,Rbot,C:\Users\Montana\My Code\CSCI611_Montana_Pawek\GNN\packagedData\graphs\CTU-Malware-Capture-Botnet-44\CTU-Malware-Capture-Botnet-44__20110815_015000.pt,CTU-Malware-Capture-Botnet-44\CTU-Malware-Capture-Botnet-44__20110815_015000.pt,data/rbotFamily/CTU-Malware-Capture-Botnet-44/capture20110812.binetflow,2011-08-15T01:50:00,2011-08-15T01:55:00,2979,2997,24,11,5,1,4,2974,train
CTU-Malware-Capture-Botnet-44,Rbot,C:\Users\Montana\My Code\CSCI611_Montana_Pawek\GNN\packagedData\graphs\CTU-Malware-Capture-Botnet-44\CTU-Malware-Capture-Botnet-44__20110815_015500.pt,CTU-Malware-Capture-Botnet-44\CTU-Malware-Capture-Botnet-44__20110815_015500.pt,data/rbotFamily/CTU-Malware-Capture-Botnet-44/capture20110812.binetflow,2011-08-15T01:55:00,2011-08-15T02:00:00,3687,3728,24,11,6,1,5,3681,train
CTU-Malware-Capture-Botnet-44,Rbot,C:\Users\Montana\My Code\CSCI611_Montana_Pawek\GNN\packagedData\graphs\CTU-Malware-Capture-Botnet-44\CTU-Malware-Capture-Botnet-44__20110815_020000.pt,CTU-Malware-Capture-Botnet-44\CTU-Malware-Capture-Botnet-44__20110815_020000.pt,data/rbotFamily/CTU-Malware-Capture-Botnet-44/capture20110812.binetflow,2011-08-15T02:00:00,2011-08-15T02:05:00,3453,3488,24,11,6,1,5,3447,train
CTU-Malware-Capture-Botnet-44,Rbot,C:\Users\Montana\My Code\CSCI611_Montana_Pawek\GNN\packagedData\graphs\CTU-Malware-Capture-Botnet-44\CTU-Malware-Capture-Botnet-44__20110815_020500.pt,CTU-Malware-Capture-Botnet-44\CTU-Malware-Capture-Botnet-44__20110815_020500.pt,data/rbotFamily/CTU-Malware-Capture-Botnet-44/capture20110812.binetflow,2011-08-15T02:05:00,2011-08-15T02:10:00,3201,3173,24,11,5,1,4,3196,train
CTU-Malware-Capture-Botnet-44,Rbot,C:\Users\Montana\My Code\CSCI611_Montana_Pawek\GNN\packagedData\graphs\CTU-Malware-Capture-Botnet-44\CTU-Malware-Capture-Botnet-44__20110815_021000.pt,CTU-Malware-Capture-Botnet-44\CTU-Malware-Capture-Botnet-44__20110815_021000.pt,data/rbotFamily/CTU-Malware-Capture-Botnet-44/capture20110812.binetflow,2011-08-15T02:10:00,2011-08-15T02:15:00,3734,3737,24,11,5,1,4,3729,train
CTU-Malware-Capture-Botnet-44,Rbot,C:\Users\Montana\My Code\CSCI611_Montana_Pawek\GNN\packagedData\graphs\CTU-Malware-Capture-Botnet-44\CTU-Malware-Capture-Botnet-44__20110815_021500.pt,CTU-Malware-Capture-Botnet-44\CTU-Malware-Capture-Botnet-44__20110815_021500.pt,data/rbotFamily/CTU-Malware-Capture-Botnet-44/capture20110812.binetflow,2011-08-15T02:15:00,2011-08-15T02:20:00,2997,2982,24,11,7,2,5,2990,train
CTU-Malware-Capture-Botnet-44,Rbot,C:\Users\Montana\My Code\CSCI611_Montana_Pawek\GNN\packagedData\graphs\CTU-Malware-Capture-Botnet-44\CTU-Malware-Capture-Botnet-44__20110815_022000.pt,CTU-Malware-Capture-Botnet-44\CTU-Malware-Capture-Botnet-44__20110815_022000.pt,data/rbotFamily/CTU-Malware-Capture-Botnet-44/capture20110812.binetflow,2011-08-15T02:20:00,2011-08-15T02:25:00,3021,3022,24,11,5,1,4,3016,train
CTU-Malware-Capture-Botnet-44,Rbot,C:\Users\Montana\My Code\CSCI611_Montana_Pawek\GNN\packagedData\graphs\CTU-Malware-Capture-Botnet-44\CTU-Malware-Capture-Botnet-44__20110815_022500.pt,CTU-Malware-Capture-Botnet-44\CTU-Malware-Capture-Botnet-44__20110815_022500.pt,data/rbotFamily/CTU-Malware-Capture-Botnet-44/capture20110812.binetflow,2011-08-15T02:25:00,2011-08-15T02:30:00,3108,3117,24,11,5,1,4,3103,train
CTU-Malware-Capture-Botnet-44,Rbot,C:\Users\Montana\My Code\CSCI611_Montana_Pawek\GNN\packagedData\graphs\CTU-Malware-Capture-Botnet-44\CTU-Malware-Capture-Botnet-44__20110815_023000.pt,CTU-Malware-Capture-Botnet-44\CTU-Malware-Capture-Botnet-44__20110815_023000.pt,data/rbotFamily/CTU-Malware-Capture-Botnet-44/capture20110812.binetflow,2011-08-15T02:30:00,2011-08-15T02:35:00,3197,3185,24,11,5,1,4,3192,train
CTU-Malware-Capture-Botnet-44,Rbot,C:\Users\Montana\My Code\CSCI611_Montana_Pawek\GNN\packagedData\graphs\CTU-Malware-Capture-Botnet-44\CTU-Malware-Capture-Botnet-44__20110815_023500.pt,CTU-Malware-Capture-Botnet-44\CTU-Malware-Capture-Botnet-44__20110815_023500.pt,data/rbotFamily/CTU-Malware-Capture-Botnet-44/capture20110812.binetflow,2011-08-15T02:35:00,2011-08-15T02:40:00,3139,3137,24,11,5,1,4,3134,train
CTU-Malware-Capture-Botnet-44,Rbot,C:\Users\Montana\My Code\CSCI611_Montana_Pawek\GNN\packagedData\graphs\CTU-Malware-Capture-Botnet-44\CTU-Malware-Capture-Botnet-44__20110815_024000.pt,CTU-Malware-Capture-Botnet-44\CTU-Malware-Capture-Botnet-44__20110815_024000.pt,data/rbotFamily/CTU-Malware-Capture-Botnet-44/capture20110812.binetflow,2011-08-15T02:40:00,2011-08-15T02:45:00,3209,3207,24,11,5,1,4,3204,train
CTU-Malware-Capture-Botnet-44,Rbot,C:\Users\Montana\My Code\CSCI611_Montana_Pawek\GNN\packagedData\graphs\CTU-Malware-Capture-Botnet-44\CTU-Malware-Capture-Botnet-44__20110815_024500.pt,CTU-Malware-Capture-Botnet-44\CTU-Malware-Capture-Botnet-44__20110815_024500.pt,data/rbotFamily/CTU-Malware-Capture-Botnet-44/capture20110812.binetflow,2011-08-15T02:45:00,2011-08-15T02:50:00,3025,3013,24,11,6,1,5,3019,train
CTU-Malware-Capture-Botnet-44,Rbot,C:\Users\Montana\My Code\CSCI611_Montana_Pawek\GNN\packagedData\graphs\CTU-Malware-Capture-Botnet-44\CTU-Malware-Capture-Botnet-44__20110815_025000.pt,CTU-Malware-Capture-Botnet-44\CTU-Malware-Capture-Botnet-44__20110815_025000.pt,data/rbotFamily/CTU-Malware-Capture-Botnet-44/capture20110812.binetflow,2011-08-15T02:50:00,2011-08-15T02:55:00,2982,2971,24,11,6,1,5,2976,train
CTU-Malware-Capture-Botnet-44,Rbot,C:\Users\Montana\My Code\CSCI611_Montana_Pawek\GNN\packagedData\graphs\CTU-Malware-Capture-Botnet-44\CTU-Malware-Capture-Botnet-44__20110815_025500.pt,CTU-Malware-Capture-Botnet-44\CTU-Malware-Capture-Botnet-44__20110815_025500.pt,data/rbotFamily/CTU-Malware-Capture-Botnet-44/capture20110812.binetflow,2011-08-15T02:55:00,2011-08-15T03:00:00,3008,2990,24,11,6,1,5,3002,train
CTU-Malware-Capture-Botnet-44,Rbot,C:\Users\Montana\My Code\CSCI611_Montana_Pawek\GNN\packagedData\graphs\CTU-Malware-Capture-Botnet-44\CTU-Malware-Capture-Botnet-44__20110815_030000.pt,CTU-Malware-Capture-Botnet-44\CTU-Malware-Capture-Botnet-44__20110815_030000.pt,data/rbotFamily/CTU-Malware-Capture-Botnet-44/capture20110812.binetflow,2011-08-15T03:00:00,2011-08-15T03:05:00,3432,3458,24,11,5,1,4,3427,train
CTU-Malware-Capture-Botnet-44,Rbot,C:\Users\Montana\My Code\CSCI611_Montana_Pawek\GNN\packagedData\graphs\CTU-Malware-Capture-Botnet-44\CTU-Malware-Capture-Botnet-44__20110815_030500.pt,CTU-Malware-Capture-Botnet-44\CTU-Malware-Capture-Botnet-44__20110815_030500.pt,data/rbotFamily/CTU-Malware-Capture-Botnet-44/capture20110812.binetflow,2011-08-15T03:05:00,2011-08-15T03:10:00,3243,3231,24,11,5,1,4,3238,train
CTU-Malware-Capture-Botnet-44,Rbot,C:\Users\Montana\My Code\CSCI611_Montana_Pawek\GNN\packagedData\graphs\CTU-Malware-Capture-Botnet-44\CTU-Malware-Capture-Botnet-44__20110815_031000.pt,CTU-Malware-Capture-Botnet-44\CTU-Malware-Capture-Botnet-44__20110815_031000.pt,data/rbotFamily/CTU-Malware-Capture-Botnet-44/capture20110812.binetflow,2011-08-15T03:10:00,2011-08-15T03:15:00,3267,3273,24,11,6,1,5,3261,train
CTU-Malware-Capture-Botnet-44,Rbot,C:\Users\Montana\My Code\CSCI611_Montana_Pawek\GNN\packagedData\graphs\CTU-Malware-Capture-Botnet-44\CTU-Malware-Capture-Botnet-44__20110815_031500.pt,CTU-Malware-Capture-Botnet-44\CTU-Malware-Capture-Botnet-44__20110815_031500.pt,data/rbotFamily/CTU-Malware-Capture-Botnet-44/capture20110812.binetflow,2011-08-15T03:15:00,2011-08-15T03:20:00,3151,3139,24,11,6,2,4,3145,train
CTU-Malware-Capture-Botnet-44,Rbot,C:\Users\Montana\My Code\CSCI611_Montana_Pawek\GNN\packagedData\graphs\CTU-Malware-Capture-Botnet-44\CTU-Malware-Capture-Botnet-44__20110815_032000.pt,CTU-Malware-Capture-Botnet-44\CTU-Malware-Capture-Botnet-44__20110815_032000.pt,data/rbotFamily/CTU-Malware-Capture-Botnet-44/capture20110812.binetflow,2011-08-15T03:20:00,2011-08-15T03:25:00,3129,3108,24,11,5,1,4,3124,train
CTU-Malware-Capture-Botnet-44,Rbot,C:\Users\Montana\My Code\CSCI611_Montana_Pawek\GNN\packagedData\graphs\CTU-Malware-Capture-Botnet-44\CTU-Malware-Capture-Botnet-44__20110815_032500.pt,CTU-Malware-Capture-Botnet-44\CTU-Malware-Capture-Botnet-44__20110815_032500.pt,data/rbotFamily/CTU-Malware-Capture-Botnet-44/capture20110812.binetflow,2011-08-15T03:25:00,2011-08-15T03:30:00,3062,3059,24,11,5,1,4,3057,train
CTU-Malware-Capture-Botnet-44,Rbot,C:\Users\Montana\My Code\CSCI611_Montana_Pawek\GNN\packagedData\graphs\CTU-Malware-Capture-Botnet-44\CTU-Malware-Capture-Botnet-44__20110815_033000.pt,CTU-Malware-Capture-Botnet-44\CTU-Malware-Capture-Botnet-44__20110815_033000.pt,data/rbotFamily/CTU-Malware-Capture-Botnet-44/capture20110812.binetflow,2011-08-15T03:30:00,2011-08-15T03:35:00,3140,3122,24,11,5,1,4,3135,train
CTU-Malware-Capture-Botnet-44,Rbot,C:\Users\Montana\My Code\CSCI611_Montana_Pawek\GNN\packagedData\graphs\CTU-Malware-Capture-Botnet-44\CTU-Malware-Capture-Botnet-44__20110815_033500.pt,CTU-Malware-Capture-Botnet-44\CTU-Malware-Capture-Botnet-44__20110815_033500.pt,data/rbotFamily/CTU-Malware-Capture-Botnet-44/capture20110812.binetflow,2011-08-15T03:35:00,2011-08-15T03:40:00,2945,2920,24,11,5,1,4,2940,train
CTU-Malware-Capture-Botnet-44,Rbot,C:\Users\Montana\My Code\CSCI611_Montana_Pawek\GNN\packagedData\graphs\CTU-Malware-Capture-Botnet-44\CTU-Malware-Capture-Botnet-44__20110815_034000.pt,CTU-Malware-Capture-Botnet-44\CTU-Malware-Capture-Botnet-44__20110815_034000.pt,data/rbotFamily/CTU-Malware-Capture-Botnet-44/capture20110812.binetflow,2011-08-15T03:40:00,2011-08-15T03:45:00,3285,3286,24,11,5,1,4,3280,train
CTU-Malware-Capture-Botnet-44,Rbot,C:\Users\Montana\My Code\CSCI611_Montana_Pawek\GNN\packagedData\graphs\CTU-Malware-Capture-Botnet-44\CTU-Malware-Capture-Botnet-44__20110815_034500.pt,CTU-Malware-Capture-Botnet-44\CTU-Malware-Capture-Botnet-44__20110815_034500.pt,data/rbotFamily/CTU-Malware-Capture-Botnet-44/capture20110812.binetflow,2011-08-15T03:45:00,2011-08-15T03:50:00,2978,2949,24,11,5,1,4,2973,train
CTU-Malware-Capture-Botnet-44,Rbot,C:\Users\Montana\My Code\CSCI611_Montana_Pawek\GNN\packagedData\graphs\CTU-Malware-Capture-Botnet-44\CTU-Malware-Capture-Botnet-44__20110815_035000.pt,CTU-Malware-Capture-Botnet-44\CTU-Malware-Capture-Botnet-44__20110815_035000.pt,data/rbotFamily/CTU-Malware-Capture-Botnet-44/capture20110812.binetflow,2011-08-15T03:50:00,2011-08-15T03:55:00,3075,3074,24,11,5,1,4,3070,train
CTU-Malware-Capture-Botnet-44,Rbot,C:\Users\Montana\My Code\CSCI611_Montana_Pawek\GNN\packagedData\graphs\CTU-Malware-Capture-Botnet-44\CTU-Malware-Capture-Botnet-44__20110815_035500.pt,CTU-Malware-Capture-Botnet-44\CTU-Malware-Capture-Botnet-44__20110815_035500.pt,data/rbotFamily/CTU-Malware-Capture-Botnet-44/capture20110812.binetflow,2011-08-15T03:55:00,2011-08-15T04:00:00,3120,3110,24,11,6,1,5,3114,train
CTU-Malware-Capture-Botnet-44,Rbot,C:\Users\Montana\My Code\CSCI611_Montana_Pawek\GNN\packagedData\graphs\CTU-Malware-Capture-Botnet-44\CTU-Malware-Capture-Botnet-44__20110815_040000.pt,CTU-Malware-Capture-Botnet-44\CTU-Malware-Capture-Botnet-44__20110815_040000.pt,data/rbotFamily/CTU-Malware-Capture-Botnet-44/capture20110812.binetflow,2011-08-15T04:00:00,2011-08-15T04:05:00,3146,3179,24,11,6,1,5,3140,train
CTU-Malware-Capture-Botnet-44,Rbot,C:\Users\Montana\My Code\CSCI611_Montana_Pawek\GNN\packagedData\graphs\CTU-Malware-Capture-Botnet-44\CTU-Malware-Capture-Botnet-44__20110815_040500.pt,CTU-Malware-Capture-Botnet-44\CTU-Malware-Capture-Botnet-44__20110815_040500.pt,data/rbotFamily/CTU-Malware-Capture-Botnet-44/capture20110812.binetflow,2011-08-15T04:05:00,2011-08-15T04:10:00,4063,4322,24,11,7,1,6,4056,train
CTU-Malware-Capture-Botnet-44,Rbot,C:\Users\Montana\My Code\CSCI611_Montana_Pawek\GNN\packagedData\graphs\CTU-Malware-Capture-Botnet-44\CTU-Malware-Capture-Botnet-44__20110815_041000.pt,CTU-Malware-Capture-Botnet-44\CTU-Malware-Capture-Botnet-44__20110815_041000.pt,data/rbotFamily/CTU-Malware-Capture-Botnet-44/capture20110812.binetflow,2011-08-15T04:10:00,2011-08-15T04:15:00,3208,3197,24,11,5,1,4,3203,train
CTU-Malware-Capture-Botnet-44,Rbot,C:\Users\Montana\My Code\CSCI611_Montana_Pawek\GNN\packagedData\graphs\CTU-Malware-Capture-Botnet-44\CTU-Malware-Capture-Botnet-44__20110815_041500.pt,CTU-Malware-Capture-Botnet-44\CTU-Malware-Capture-Botnet-44__20110815_041500.pt,data/rbotFamily/CTU-Malware-Capture-Botnet-44/capture20110812.binetflow,2011-08-15T04:15:00,2011-08-15T04:20:00,3344,3343,24,11,7,2,5,3337,train
CTU-Malware-Capture-Botnet-44,Rbot,C:\Users\Montana\My Code\CSCI611_Montana_Pawek\GNN\packagedData\graphs\CTU-Malware-Capture-Botnet-44\CTU-Malware-Capture-Botnet-44__20110815_042000.pt,CTU-Malware-Capture-Botnet-44\CTU-Malware-Capture-Botnet-44__20110815_042000.pt,data/rbotFamily/CTU-Malware-Capture-Botnet-44/capture20110812.binetflow,2011-08-15T04:20:00,2011-08-15T04:25:00,3497,3492,24,11,6,1,5,3491,train
CTU-Malware-Capture-Botnet-44,Rbot,C:\Users\Montana\My Code\CSCI611_Montana_Pawek\GNN\packagedData\graphs\CTU-Malware-Capture-Botnet-44\CTU-Malware-Capture-Botnet-44__20110815_042500.pt,CTU-Malware-Capture-Botnet-44\CTU-Malware-Capture-Botnet-44__20110815_042500.pt,data/rbotFamily/CTU-Malware-Capture-Botnet-44/capture20110812.binetflow,2011-08-15T04:25:00,2011-08-15T04:30:00,3205,3207,24,11,5,1,4,3200,train
CTU-Malware-Capture-Botnet-44,Rbot,C:\Users\Montana\My Code\CSCI611_Montana_Pawek\GNN\packagedData\graphs\CTU-Malware-Capture-Botnet-44\CTU-Malware-Capture-Botnet-44__20110815_043000.pt,CTU-Malware-Capture-Botnet-44\CTU-Malware-Capture-Botnet-44__20110815_043000.pt,data/rbotFamily/CTU-Malware-Capture-Botnet-44/capture20110812.binetflow,2011-08-15T04:30:00,2011-08-15T04:35:00,4383,4672,24,11,7,1,6,4376,train
CTU-Malware-Capture-Botnet-44,Rbot,C:\Users\Montana\My Code\CSCI611_Montana_Pawek\GNN\packagedData\graphs\CTU-Malware-Capture-Botnet-44\CTU-Malware-Capture-Botnet-44__20110815_043500.pt,CTU-Malware-Capture-Botnet-44\CTU-Malware-Capture-Botnet-44__20110815_043500.pt,data/rbotFamily/CTU-Malware-Capture-Botnet-44/capture20110812.binetflow,2011-08-15T04:35:00,2011-08-15T04:40:00,3450,3476,24,11,5,1,4,3445,train
CTU-Malware-Capture-Botnet-44,Rbot,C:\Users\Montana\My Code\CSCI611_Montana_Pawek\GNN\packagedData\graphs\CTU-Malware-Capture-Botnet-44\CTU-Malware-Capture-Botnet-44__20110815_044000.pt,CTU-Malware-Capture-Botnet-44\CTU-Malware-Capture-Botnet-44__20110815_044000.pt,data/rbotFamily/CTU-Malware-Capture-Botnet-44/capture20110812.binetflow,2011-08-15T04:40:00,2011-08-15T04:45:00,3291,3282,24,11,5,1,4,3286,train
CTU-Malware-Capture-Botnet-44,Rbot,C:\Users\Montana\My Code\CSCI611_Montana_Pawek\GNN\packagedData\graphs\CTU-Malware-Capture-Botnet-44\CTU-Malware-Capture-Botnet-44__20110815_044500.pt,CTU-Malware-Capture-Botnet-44\CTU-Malware-Capture-Botnet-44__20110815_044500.pt,data/rbotFamily/CTU-Malware-Capture-Botnet-44/capture20110812.binetflow,2011-08-15T04:45:00,2011-08-15T04:50:00,3077,3084,24,11,5,1,4,3072,train
CTU-Malware-Capture-Botnet-44,Rbot,C:\Users\Montana\My Code\CSCI611_Montana_Pawek\GNN\packagedData\graphs\CTU-Malware-Capture-Botnet-44\CTU-Malware-Capture-Botnet-44__20110815_045000.pt,CTU-Malware-Capture-Botnet-44\CTU-Malware-Capture-Botnet-44__20110815_045000.pt,data/rbotFamily/CTU-Malware-Capture-Botnet-44/capture20110812.binetflow,2011-08-15T04:50:00,2011-08-15T04:55:00,3318,3315,24,11,6,1,5,3312,train
CTU-Malware-Capture-Botnet-44,Rbot,C:\Users\Montana\My Code\CSCI611_Montana_Pawek\GNN\packagedData\graphs\CTU-Malware-Capture-Botnet-44\CTU-Malware-Capture-Botnet-44__20110815_045500.pt,CTU-Malware-Capture-Botnet-44\CTU-Malware-Capture-Botnet-44__20110815_045500.pt,data/rbotFamily/CTU-Malware-Capture-Botnet-44/capture20110812.binetflow,2011-08-15T04:55:00,2011-08-15T05:00:00,3203,3181,24,11,6,1,5,3197,train
CTU-Malware-Capture-Botnet-44,Rbot,C:\Users\Montana\My Code\CSCI611_Montana_Pawek\GNN\packagedData\graphs\CTU-Malware-Capture-Botnet-44\CTU-Malware-Capture-Botnet-44__20110815_050000.pt,CTU-Malware-Capture-Botnet-44\CTU-Malware-Capture-Botnet-44__20110815_050000.pt,data/rbotFamily/CTU-Malware-Capture-Botnet-44/capture20110812.binetflow,2011-08-15T05:00:00,2011-08-15T05:05:00,3074,3103,24,11,5,1,4,3069,train
CTU-Malware-Capture-Botnet-44,Rbot,C:\Users\Montana\My Code\CSCI611_Montana_Pawek\GNN\packagedData\graphs\CTU-Malware-Capture-Botnet-44\CTU-Malware-Capture-Botnet-44__20110815_050500.pt,CTU-Malware-Capture-Botnet-44\CTU-Malware-Capture-Botnet-44__20110815_050500.pt,data/rbotFamily/CTU-Malware-Capture-Botnet-44/capture20110812.binetflow,2011-08-15T05:05:00,2011-08-15T05:10:00,3106,3109,24,11,5,1,4,3101,train
CTU-Malware-Capture-Botnet-44,Rbot,C:\Users\Montana\My Code\CSCI611_Montana_Pawek\GNN\packagedData\graphs\CTU-Malware-Capture-Botnet-44\CTU-Malware-Capture-Botnet-44__20110815_051000.pt,CTU-Malware-Capture-Botnet-44\CTU-Malware-Capture-Botnet-44__20110815_051000.pt,data/rbotFamily/CTU-Malware-Capture-Botnet-44/capture20110812.binetflow,2011-08-15T05:10:00,2011-08-15T05:15:00,3287,3310,24,11,5,1,4,3282,train
CTU-Malware-Capture-Botnet-44,Rbot,C:\Users\Montana\My Code\CSCI611_Montana_Pawek\GNN\packagedData\graphs\CTU-Malware-Capture-Botnet-44\CTU-Malware-Capture-Botnet-44__20110815_051500.pt,CTU-Malware-Capture-Botnet-44\CTU-Malware-Capture-Botnet-44__20110815_051500.pt,data/rbotFamily/CTU-Malware-Capture-Botnet-44/capture20110812.binetflow,2011-08-15T05:15:00,2011-08-15T05:20:00,3190,3214,24,11,6,2,4,3184,train
CTU-Malware-Capture-Botnet-44,Rbot,C:\Users\Montana\My Code\CSCI611_Montana_Pawek\GNN\packagedData\graphs\CTU-Malware-Capture-Botnet-44\CTU-Malware-Capture-Botnet-44__20110815_052000.pt,CTU-Malware-Capture-Botnet-44\CTU-Malware-Capture-Botnet-44__20110815_052000.pt,data/rbotFamily/CTU-Malware-Capture-Botnet-44/capture20110812.binetflow,2011-08-15T05:20:00,2011-08-15T05:25:00,3922,4361,24,11,7,1,6,3915,train
CTU-Malware-Capture-Botnet-44,Rbot,C:\Users\Montana\My Code\CSCI611_Montana_Pawek\GNN\packagedData\graphs\CTU-Malware-Capture-Botnet-44\CTU-Malware-Capture-Botnet-44__20110815_052500.pt,CTU-Malware-Capture-Botnet-44\CTU-Malware-Capture-Botnet-44__20110815_052500.pt,data/rbotFamily/CTU-Malware-Capture-Botnet-44/capture20110812.binetflow,2011-08-15T05:25:00,2011-08-15T05:30:00,3209,3221,24,11,5,1,4,3204,train
CTU-Malware-Capture-Botnet-44,Rbot,C:\Users\Montana\My Code\CSCI611_Montana_Pawek\GNN\packagedData\graphs\CTU-Malware-Capture-Botnet-44\CTU-Malware-Capture-Botnet-44__20110815_053000.pt,CTU-Malware-Capture-Botnet-44\CTU-Malware-Capture-Botnet-44__20110815_053000.pt,data/rbotFamily/CTU-Malware-Capture-Botnet-44/capture20110812.binetflow,2011-08-15T05:30:00,2011-08-15T05:35:00,3069,3082,24,11,5,1,4,3064,train
CTU-Malware-Capture-Botnet-44,Rbot,C:\Users\Montana\My Code\CSCI611_Montana_Pawek\GNN\packagedData\graphs\CTU-Malware-Capture-Botnet-44\CTU-Malware-Capture-Botnet-44__20110815_053500.pt,CTU-Malware-Capture-Botnet-44\CTU-Malware-Capture-Botnet-44__20110815_053500.pt,data/rbotFamily/CTU-Malware-Capture-Botnet-44/capture20110812.binetflow,2011-08-15T05:35:00,2011-08-15T05:40:00,3097,3103,24,11,6,1,5,3091,train
CTU-Malware-Capture-Botnet-44,Rbot,C:\Users\Montana\My Code\CSCI611_Montana_Pawek\GNN\packagedData\graphs\CTU-Malware-Capture-Botnet-44\CTU-Malware-Capture-Botnet-44__20110815_054000.pt,CTU-Malware-Capture-Botnet-44\CTU-Malware-Capture-Botnet-44__20110815_054000.pt,data/rbotFamily/CTU-Malware-Capture-Botnet-44/capture20110812.binetflow,2011-08-15T05:40:00,2011-08-15T05:45:00,3151,3159,24,11,5,1,4,3146,train
CTU-Malware-Capture-Botnet-44,Rbot,C:\Users\Montana\My Code\CSCI611_Montana_Pawek\GNN\packagedData\graphs\CTU-Malware-Capture-Botnet-44\CTU-Malware-Capture-Botnet-44__20110815_054500.pt,CTU-Malware-Capture-Botnet-44\CTU-Malware-Capture-Botnet-44__20110815_054500.pt,data/rbotFamily/CTU-Malware-Capture-Botnet-44/capture20110812.binetflow,2011-08-15T05:45:00,2011-08-15T05:50:00,3228,3211,24,11,5,1,4,3223,train
CTU-Malware-Capture-Botnet-44,Rbot,C:\Users\Montana\My Code\CSCI611_Montana_Pawek\GNN\packagedData\graphs\CTU-Malware-Capture-Botnet-44\CTU-Malware-Capture-Botnet-44__20110815_055000.pt,CTU-Malware-Capture-Botnet-44\CTU-Malware-Capture-Botnet-44__20110815_055000.pt,data/rbotFamily/CTU-Malware-Capture-Botnet-44/capture20110812.binetflow,2011-08-15T05:50:00,2011-08-15T05:55:00,3310,3304,24,11,6,1,5,3304,train
CTU-Malware-Capture-Botnet-44,Rbot,C:\Users\Montana\My Code\CSCI611_Montana_Pawek\GNN\packagedData\graphs\CTU-Malware-Capture-Botnet-44\CTU-Malware-Capture-Botnet-44__20110815_055500.pt,CTU-Malware-Capture-Botnet-44\CTU-Malware-Capture-Botnet-44__20110815_055500.pt,data/rbotFamily/CTU-Malware-Capture-Botnet-44/capture20110812.binetflow,2011-08-15T05:55:00,2011-08-15T06:00:00,3376,3401,24,11,6,1,5,3370,train
CTU-Malware-Capture-Botnet-44,Rbot,C:\Users\Montana\My Code\CSCI611_Montana_Pawek\GNN\packagedData\graphs\CTU-Malware-Capture-Botnet-44\CTU-Malware-Capture-Botnet-44__20110815_060000.pt,CTU-Malware-Capture-Botnet-44\CTU-Malware-Capture-Botnet-44__20110815_060000.pt,data/rbotFamily/CTU-Malware-Capture-Botnet-44/capture20110812.binetflow,2011-08-15T06:00:00,2011-08-15T06:05:00,3305,3319,24,11,5,1,4,3300,train
CTU-Malware-Capture-Botnet-44,Rbot,C:\Users\Montana\My Code\CSCI611_Montana_Pawek\GNN\packagedData\graphs\CTU-Malware-Capture-Botnet-44\CTU-Malware-Capture-Botnet-44__20110815_060500.pt,CTU-Malware-Capture-Botnet-44\CTU-Malware-Capture-Botnet-44__20110815_060500.pt,data/rbotFamily/CTU-Malware-Capture-Botnet-44/capture20110812.binetflow,2011-08-15T06:05:00,2011-08-15T06:10:00,3094,3110,24,11,6,1,5,3088,train
CTU-Malware-Capture-Botnet-44,Rbot,C:\Users\Montana\My Code\CSCI611_Montana_Pawek\GNN\packagedData\graphs\CTU-Malware-Capture-Botnet-44\CTU-Malware-Capture-Botnet-44__20110815_061000.pt,CTU-Malware-Capture-Botnet-44\CTU-Malware-Capture-Botnet-44__20110815_061000.pt,data/rbotFamily/CTU-Malware-Capture-Botnet-44/capture20110812.binetflow,2011-08-15T06:10:00,2011-08-15T06:15:00,3187,3184,24,11,5,1,4,3182,train
CTU-Malware-Capture-Botnet-44,Rbot,C:\Users\Montana\My Code\CSCI611_Montana_Pawek\GNN\packagedData\graphs\CTU-Malware-Capture-Botnet-44\CTU-Malware-Capture-Botnet-44__20110815_061500.pt,CTU-Malware-Capture-Botnet-44\CTU-Malware-Capture-Botnet-44__20110815_061500.pt,data/rbotFamily/CTU-Malware-Capture-Botnet-44/capture20110812.binetflow,2011-08-15T06:15:00,2011-08-15T06:20:00,3147,3158,24,11,7,2,5,3140,train
CTU-Malware-Capture-Botnet-44,Rbot,C:\Users\Montana\My Code\CSCI611_Montana_Pawek\GNN\packagedData\graphs\CTU-Malware-Capture-Botnet-44\CTU-Malware-Capture-Botnet-44__20110815_062000.pt,CTU-Malware-Capture-Botnet-44\CTU-Malware-Capture-Botnet-44__20110815_062000.pt,data/rbotFamily/CTU-Malware-Capture-Botnet-44/capture20110812.binetflow,2011-08-15T06:20:00,2011-08-15T06:25:00,3230,3241,24,11,5,1,4,3225,train
CTU-Malware-Capture-Botnet-44,Rbot,C:\Users\Montana\My Code\CSCI611_Montana_Pawek\GNN\packagedData\graphs\CTU-Malware-Capture-Botnet-44\CTU-Malware-Capture-Botnet-44__20110815_062500.pt,CTU-Malware-Capture-Botnet-44\CTU-Malware-Capture-Botnet-44__20110815_062500.pt,data/rbotFamily/CTU-Malware-Capture-Botnet-44/capture20110812.binetflow,2011-08-15T06:25:00,2011-08-15T06:30:00,3079,3098,24,11,6,1,5,3073,train
CTU-Malware-Capture-Botnet-44,Rbot,C:\Users\Montana\My Code\CSCI611_Montana_Pawek\GNN\packagedData\graphs\CTU-Malware-Capture-Botnet-44\CTU-Malware-Capture-Botnet-44__20110815_063000.pt,CTU-Malware-Capture-Botnet-44\CTU-Malware-Capture-Botnet-44__20110815_063000.pt,data/rbotFamily/CTU-Malware-Capture-Botnet-44/capture20110812.binetflow,2011-08-15T06:30:00,2011-08-15T06:35:00,3046,3069,24,11,5,1,4,3041,train
CTU-Malware-Capture-Botnet-44,Rbot,C:\Users\Montana\My Code\CSCI611_Montana_Pawek\GNN\packagedData\graphs\CTU-Malware-Capture-Botnet-44\CTU-Malware-Capture-Botnet-44__20110815_063500.pt,CTU-Malware-Capture-Botnet-44\CTU-Malware-Capture-Botnet-44__20110815_063500.pt,data/rbotFamily/CTU-Malware-Capture-Botnet-44/capture20110812.binetflow,2011-08-15T06:35:00,2011-08-15T06:40:00,3373,3405,24,11,6,1,5,3367,train
CTU-Malware-Capture-Botnet-44,Rbot,C:\Users\Montana\My Code\CSCI611_Montana_Pawek\GNN\packagedData\graphs\CTU-Malware-Capture-Botnet-44\CTU-Malware-Capture-Botnet-44__20110815_064000.pt,CTU-Malware-Capture-Botnet-44\CTU-Malware-Capture-Botnet-44__20110815_064000.pt,data/rbotFamily/CTU-Malware-Capture-Botnet-44/capture20110812.binetflow,2011-08-15T06:40:00,2011-08-15T06:45:00,3159,3196,24,11,5,1,4,3154,train
CTU-Malware-Capture-Botnet-44,Rbot,C:\Users\Montana\My Code\CSCI611_Montana_Pawek\GNN\packagedData\graphs\CTU-Malware-Capture-Botnet-44\CTU-Malware-Capture-Botnet-44__20110815_064500.pt,CTU-Malware-Capture-Botnet-44\CTU-Malware-Capture-Botnet-44__20110815_064500.pt,data/rbotFamily/CTU-Malware-Capture-Botnet-44/capture20110812.binetflow,2011-08-15T06:45:00,2011-08-15T06:50:00,3062,3101,24,11,5,1,4,3057,train
CTU-Malware-Capture-Botnet-44,Rbot,C:\Users\Montana\My Code\CSCI611_Montana_Pawek\GNN\packagedData\graphs\CTU-Malware-Capture-Botnet-44\CTU-Malware-Capture-Botnet-44__20110815_065000.pt,CTU-Malware-Capture-Botnet-44\CTU-Malware-Capture-Botnet-44__20110815_065000.pt,data/rbotFamily/CTU-Malware-Capture-Botnet-44/capture20110812.binetflow,2011-08-15T06:50:00,2011-08-15T06:55:00,3008,3028,24,11,6,1,5,3002,train
CTU-Malware-Capture-Botnet-44,Rbot,C:\Users\Montana\My Code\CSCI611_Montana_Pawek\GNN\packagedData\graphs\CTU-Malware-Capture-Botnet-44\CTU-Malware-Capture-Botnet-44__20110815_065500.pt,CTU-Malware-Capture-Botnet-44\CTU-Malware-Capture-Botnet-44__20110815_065500.pt,data/rbotFamily/CTU-Malware-Capture-Botnet-44/capture20110812.binetflow,2011-08-15T06:55:00,2011-08-15T07:00:00,3130,3129,24,11,6,1,5,3124,train
CTU-Malware-Capture-Botnet-44,Rbot,C:\Users\Montana\My Code\CSCI611_Montana_Pawek\GNN\packagedData\graphs\CTU-Malware-Capture-Botnet-44\CTU-Malware-Capture-Botnet-44__20110815_070000.pt,CTU-Malware-Capture-Botnet-44\CTU-Malware-Capture-Botnet-44__20110815_070000.pt,data/rbotFamily/CTU-Malware-Capture-Botnet-44/capture20110812.binetflow,2011-08-15T07:00:00,2011-08-15T07:05:00,3163,3155,24,11,6,1,5,3157,train
CTU-Malware-Capture-Botnet-44,Rbot,C:\Users\Montana\My Code\CSCI611_Montana_Pawek\GNN\packagedData\graphs\CTU-Malware-Capture-Botnet-44\CTU-Malware-Capture-Botnet-44__20110815_070500.pt,CTU-Malware-Capture-Botnet-44\CTU-Malware-Capture-Botnet-44__20110815_070500.pt,data/rbotFamily/CTU-Malware-Capture-Botnet-44/capture20110812.binetflow,2011-08-15T07:05:00,2011-08-15T07:10:00,3553,3574,24,11,5,1,4,3548,train
CTU-Malware-Capture-Botnet-44,Rbot,C:\Users\Montana\My Code\CSCI611_Montana_Pawek\GNN\packagedData\graphs\CTU-Malware-Capture-Botnet-44\CTU-Malware-Capture-Botnet-44__20110815_071000.pt,CTU-Malware-Capture-Botnet-44\CTU-Malware-Capture-Botnet-44__20110815_071000.pt,data/rbotFamily/CTU-Malware-Capture-Botnet-44/capture20110812.binetflow,2011-08-15T07:10:00,2011-08-15T07:15:00,3240,3264,24,11,5,1,4,3235,train
CTU-Malware-Capture-Botnet-44,Rbot,C:\Users\Montana\My Code\CSCI611_Montana_Pawek\GNN\packagedData\graphs\CTU-Malware-Capture-Botnet-44\CTU-Malware-Capture-Botnet-44__20110815_071500.pt,CTU-Malware-Capture-Botnet-44\CTU-Malware-Capture-Botnet-44__20110815_071500.pt,data/rbotFamily/CTU-Malware-Capture-Botnet-44/capture20110812.binetflow,2011-08-15T07:15:00,2011-08-15T07:20:00,3432,3484,24,11,7,2,5,3425,train
CTU-Malware-Capture-Botnet-44,Rbot,C:\Users\Montana\My Code\CSCI611_Montana_Pawek\GNN\packagedData\graphs\CTU-Malware-Capture-Botnet-44\CTU-Malware-Capture-Botnet-44__20110815_072000.pt,CTU-Malware-Capture-Botnet-44\CTU-Malware-Capture-Botnet-44__20110815_072000.pt,data/rbotFamily/CTU-Malware-Capture-Botnet-44/capture20110812.binetflow,2011-08-15T07:20:00,2011-08-15T07:25:00,3354,3403,24,11,5,1,4,3349,train
CTU-Malware-Capture-Botnet-44,Rbot,C:\Users\Montana\My Code\CSCI611_Montana_Pawek\GNN\packagedData\graphs\CTU-Malware-Capture-Botnet-44\CTU-Malware-Capture-Botnet-44__20110815_072500.pt,CTU-Malware-Capture-Botnet-44\CTU-Malware-Capture-Botnet-44__20110815_072500.pt,data/rbotFamily/CTU-Malware-Capture-Botnet-44/capture20110812.binetflow,2011-08-15T07:25:00,2011-08-15T07:30:00,3279,3299,24,11,5,1,4,3274,train
CTU-Malware-Capture-Botnet-44,Rbot,C:\Users\Montana\My Code\CSCI611_Montana_Pawek\GNN\packagedData\graphs\CTU-Malware-Capture-Botnet-44\CTU-Malware-Capture-Botnet-44__20110815_073000.pt,CTU-Malware-Capture-Botnet-44\CTU-Malware-Capture-Botnet-44__20110815_073000.pt,data/rbotFamily/CTU-Malware-Capture-Botnet-44/capture20110812.binetflow,2011-08-15T07:30:00,2011-08-15T07:35:00,3262,3279,24,11,6,1,5,3256,train
CTU-Malware-Capture-Botnet-44,Rbot,C:\Users\Montana\My Code\CSCI611_Montana_Pawek\GNN\packagedData\graphs\CTU-Malware-Capture-Botnet-44\CTU-Malware-Capture-Botnet-44__20110815_073500.pt,CTU-Malware-Capture-Botnet-44\CTU-Malware-Capture-Botnet-44__20110815_073500.pt,data/rbotFamily/CTU-Malware-Capture-Botnet-44/capture20110812.binetflow,2011-08-15T07:35:00,2011-08-15T07:40:00,3478,3514,24,11,7,1,6,3471,train
CTU-Malware-Capture-Botnet-44,Rbot,C:\Users\Montana\My Code\CSCI611_Montana_Pawek\GNN\packagedData\graphs\CTU-Malware-Capture-Botnet-44\CTU-Malware-Capture-Botnet-44__20110815_074000.pt,CTU-Malware-Capture-Botnet-44\CTU-Malware-Capture-Botnet-44__20110815_074000.pt,data/rbotFamily/CTU-Malware-Capture-Botnet-44/capture20110812.binetflow,2011-08-15T07:40:00,2011-08-15T07:45:00,3458,3515,24,11,6,1,5,3452,train
CTU-Malware-Capture-Botnet-44,Rbot,C:\Users\Montana\My Code\CSCI611_Montana_Pawek\GNN\packagedData\graphs\CTU-Malware-Capture-Botnet-44\CTU-Malware-Capture-Botnet-44__20110815_074500.pt,CTU-Malware-Capture-Botnet-44\CTU-Malware-Capture-Botnet-44__20110815_074500.pt,data/rbotFamily/CTU-Malware-Capture-Botnet-44/capture20110812.binetflow,2011-08-15T07:45:00,2011-08-15T07:50:00,3603,3653,24,11,5,1,4,3598,train
CTU-Malware-Capture-Botnet-44,Rbot,C:\Users\Montana\My Code\CSCI611_Montana_Pawek\GNN\packagedData\graphs\CTU-Malware-Capture-Botnet-44\CTU-Malware-Capture-Botnet-44__20110815_075000.pt,CTU-Malware-Capture-Botnet-44\CTU-Malware-Capture-Botnet-44__20110815_075000.pt,data/rbotFamily/CTU-Malware-Capture-Botnet-44/capture20110812.binetflow,2011-08-15T07:50:00,2011-08-15T07:55:00,3607,3654,24,11,6,1,5,3601,train
CTU-Malware-Capture-Botnet-44,Rbot,C:\Users\Montana\My Code\CSCI611_Montana_Pawek\GNN\packagedData\graphs\CTU-Malware-Capture-Botnet-44\CTU-Malware-Capture-Botnet-44__20110815_075500.pt,CTU-Malware-Capture-Botnet-44\CTU-Malware-Capture-Botnet-44__20110815_075500.pt,data/rbotFamily/CTU-Malware-Capture-Botnet-44/capture20110812.binetflow,2011-08-15T07:55:00,2011-08-15T08:00:00,4114,4159,24,11,6,1,5,4108,train
CTU-Malware-Capture-Botnet-44,Rbot,C:\Users\Montana\My Code\CSCI611_Montana_Pawek\GNN\packagedData\graphs\CTU-Malware-Capture-Botnet-44\CTU-Malware-Capture-Botnet-44__20110815_080000.pt,CTU-Malware-Capture-Botnet-44\CTU-Malware-Capture-Botnet-44__20110815_080000.pt,data/rbotFamily/CTU-Malware-Capture-Botnet-44/capture20110812.binetflow,2011-08-15T08:00:00,2011-08-15T08:05:00,4040,4141,24,11,5,1,4,4035,train
CTU-Malware-Capture-Botnet-44,Rbot,C:\Users\Montana\My Code\CSCI611_Montana_Pawek\GNN\packagedData\graphs\CTU-Malware-Capture-Botnet-44\CTU-Malware-Capture-Botnet-44__20110815_080500.pt,CTU-Malware-Capture-Botnet-44\CTU-Malware-Capture-Botnet-44__20110815_080500.pt,data/rbotFamily/CTU-Malware-Capture-Botnet-44/capture20110812.binetflow,2011-08-15T08:05:00,2011-08-15T08:10:00,4048,4174,24,11,5,1,4,4043,train
CTU-Malware-Capture-Botnet-44,Rbot,C:\Users\Montana\My Code\CSCI611_Montana_Pawek\GNN\packagedData\graphs\CTU-Malware-Capture-Botnet-44\CTU-Malware-Capture-Botnet-44__20110815_081000.pt,CTU-Malware-Capture-Botnet-44\CTU-Malware-Capture-Botnet-44__20110815_081000.pt,data/rbotFamily/CTU-Malware-Capture-Botnet-44/capture20110812.binetflow,2011-08-15T08:10:00,2011-08-15T08:15:00,4731,4877,24,11,5,1,4,4726,train
CTU-Malware-Capture-Botnet-44,Rbot,C:\Users\Montana\My Code\CSCI611_Montana_Pawek\GNN\packagedData\graphs\CTU-Malware-Capture-Botnet-44\CTU-Malware-Capture-Botnet-44__20110815_081500.pt,CTU-Malware-Capture-Botnet-44\CTU-Malware-Capture-Botnet-44__20110815_081500.pt,data/rbotFamily/CTU-Malware-Capture-Botnet-44/capture20110812.binetflow,2011-08-15T08:15:00,2011-08-15T08:20:00,3925,4102,24,11,5,1,4,3920,train
CTU-Malware-Capture-Botnet-44,Rbot,C:\Users\Montana\My Code\CSCI611_Montana_Pawek\GNN\packagedData\graphs\CTU-Malware-Capture-Botnet-44\CTU-Malware-Capture-Botnet-44__20110815_082000.pt,CTU-Malware-Capture-Botnet-44\CTU-Malware-Capture-Botnet-44__20110815_082000.pt,data/rbotFamily/CTU-Malware-Capture-Botnet-44/capture20110812.binetflow,2011-08-15T08:20:00,2011-08-15T08:25:00,4602,4826,24,11,7,2,5,4595,train
CTU-Malware-Capture-Botnet-44,Rbot,C:\Users\Montana\My Code\CSCI611_Montana_Pawek\GNN\packagedData\graphs\CTU-Malware-Capture-Botnet-44\CTU-Malware-Capture-Botnet-44__20110815_082500.pt,CTU-Malware-Capture-Botnet-44\CTU-Malware-Capture-Botnet-44__20110815_082500.pt,data/rbotFamily/CTU-Malware-Capture-Botnet-44/capture20110812.binetflow,2011-08-15T08:25:00,2011-08-15T08:30:00,4085,4244,24,11,6,1,5,4079,train
CTU-Malware-Capture-Botnet-44,Rbot,C:\Users\Montana\My Code\CSCI611_Montana_Pawek\GNN\packagedData\graphs\CTU-Malware-Capture-Botnet-44\CTU-Malware-Capture-Botnet-44__20110815_083000.pt,CTU-Malware-Capture-Botnet-44\CTU-Malware-Capture-Botnet-44__20110815_083000.pt,data/rbotFamily/CTU-Malware-Capture-Botnet-44/capture20110812.binetflow,2011-08-15T08:30:00,2011-08-15T08:35:00,4182,4384,24,11,7,1,6,4175,train
CTU-Malware-Capture-Botnet-44,Rbot,C:\Users\Montana\My Code\CSCI611_Montana_Pawek\GNN\packagedData\graphs\CTU-Malware-Capture-Botnet-44\CTU-Malware-Capture-Botnet-44__20110815_083500.pt,CTU-Malware-Capture-Botnet-44\CTU-Malware-Capture-Botnet-44__20110815_083500.pt,data/rbotFamily/CTU-Malware-Capture-Botnet-44/capture20110812.binetflow,2011-08-15T08:35:00,2011-08-15T08:40:00,5069,5507,24,11,6,1,5,5063,train
CTU-Malware-Capture-Botnet-44,Rbot,C:\Users\Montana\My Code\CSCI611_Montana_Pawek\GNN\packagedData\graphs\CTU-Malware-Capture-Botnet-44\CTU-Malware-Capture-Botnet-44__20110815_084000.pt,CTU-Malware-Capture-Botnet-44\CTU-Malware-Capture-Botnet-44__20110815_084000.pt,data/rbotFamily/CTU-Malware-Capture-Botnet-44/capture20110812.binetflow,2011-08-15T08:40:00,2011-08-15T08:45:00,5020,5446,24,11,6,1,5,5014,train
CTU-Malware-Capture-Botnet-44,Rbot,C:\Users\Montana\My Code\CSCI611_Montana_Pawek\GNN\packagedData\graphs\CTU-Malware-Capture-Botnet-44\CTU-Malware-Capture-Botnet-44__20110815_084500.pt,CTU-Malware-Capture-Botnet-44\CTU-Malware-Capture-Botnet-44__20110815_084500.pt,data/rbotFamily/CTU-Malware-Capture-Botnet-44/capture20110812.binetflow,2011-08-15T08:45:00,2011-08-15T08:50:00,5272,5872,24,11,7,1,6,5265,train
CTU-Malware-Capture-Botnet-44,Rbot,C:\Users\Montana\My Code\CSCI611_Montana_Pawek\GNN\packagedData\graphs\CTU-Malware-Capture-Botnet-44\CTU-Malware-Capture-Botnet-44__20110815_085000.pt,CTU-Malware-Capture-Botnet-44\CTU-Malware-Capture-Botnet-44__20110815_085000.pt,data/rbotFamily/CTU-Malware-Capture-Botnet-44/capture20110812.binetflow,2011-08-15T08:50:00,2011-08-15T08:55:00,5280,5604,24,11,7,1,6,5273,train
CTU-Malware-Capture-Botnet-44,Rbot,C:\Users\Montana\My Code\CSCI611_Montana_Pawek\GNN\packagedData\graphs\CTU-Malware-Capture-Botnet-44\CTU-Malware-Capture-Botnet-44__20110815_085500.pt,CTU-Malware-Capture-Botnet-44\CTU-Malware-Capture-Botnet-44__20110815_085500.pt,data/rbotFamily/CTU-Malware-Capture-Botnet-44/capture20110812.binetflow,2011-08-15T08:55:00,2011-08-15T09:00:00,4867,5243,24,11,7,1,6,4860,train
CTU-Malware-Capture-Botnet-44,Rbot,C:\Users\Montana\My Code\CSCI611_Montana_Pawek\GNN\packagedData\graphs\CTU-Malware-Capture-Botnet-44\CTU-Malware-Capture-Botnet-44__20110815_090000.pt,CTU-Malware-Capture-Botnet-44\CTU-Malware-Capture-Botnet-44__20110815_090000.pt,data/rbotFamily/CTU-Malware-Capture-Botnet-44/capture20110812.binetflow,2011-08-15T09:00:00,2011-08-15T09:05:00,5351,5848,24,11,7,1,6,5344,train
CTU-Malware-Capture-Botnet-44,Rbot,C:\Users\Montana\My Code\CSCI611_Montana_Pawek\GNN\packagedData\graphs\CTU-Malware-Capture-Botnet-44\CTU-Malware-Capture-Botnet-44__20110815_090500.pt,CTU-Malware-Capture-Botnet-44\CTU-Malware-Capture-Botnet-44__20110815_090500.pt,data/rbotFamily/CTU-Malware-Capture-Botnet-44/capture20110812.binetflow,2011-08-15T09:05:00,2011-08-15T09:10:00,5781,6244,24,11,7,1,6,5774,train
CTU-Malware-Capture-Botnet-44,Rbot,C:\Users\Montana\My Code\CSCI611_Montana_Pawek\GNN\packagedData\graphs\CTU-Malware-Capture-Botnet-44\CTU-Malware-Capture-Botnet-44__20110815_091000.pt,CTU-Malware-Capture-Botnet-44\CTU-Malware-Capture-Botnet-44__20110815_091000.pt,data/rbotFamily/CTU-Malware-Capture-Botnet-44/capture20110812.binetflow,2011-08-15T09:10:00,2011-08-15T09:15:00,5111,5563,24,11,7,1,6,5104,train
CTU-Malware-Capture-Botnet-44,Rbot,C:\Users\Montana\My Code\CSCI611_Montana_Pawek\GNN\packagedData\graphs\CTU-Malware-Capture-Botnet-44\CTU-Malware-Capture-Botnet-44__20110815_091500.pt,CTU-Malware-Capture-Botnet-44\CTU-Malware-Capture-Botnet-44__20110815_091500.pt,data/rbotFamily/CTU-Malware-Capture-Botnet-44/capture20110812.binetflow,2011-08-15T09:15:00,2011-08-15T09:20:00,4778,5136,24,11,6,1,5,4772,train
CTU-Malware-Capture-Botnet-44,Rbot,C:\Users\Montana\My Code\CSCI611_Montana_Pawek\GNN\packagedData\graphs\CTU-Malware-Capture-Botnet-44\CTU-Malware-Capture-Botnet-44__20110815_092000.pt,CTU-Malware-Capture-Botnet-44\CTU-Malware-Capture-Botnet-44__20110815_092000.pt,data/rbotFamily/CTU-Malware-Capture-Botnet-44/capture20110812.binetflow,2011-08-15T09:20:00,2011-08-15T09:25:00,5730,6233,24,11,7,1,6,5723,train
CTU-Malware-Capture-Botnet-44,Rbot,C:\Users\Montana\My Code\CSCI611_Montana_Pawek\GNN\packagedData\graphs\CTU-Malware-Capture-Botnet-44\CTU-Malware-Capture-Botnet-44__20110815_092500.pt,CTU-Malware-Capture-Botnet-44\CTU-Malware-Capture-Botnet-44__20110815_092500.pt,data/rbotFamily/CTU-Malware-Capture-Botnet-44/capture20110812.binetflow,2011-08-15T09:25:00,2011-08-15T09:30:00,5464,5877,24,11,6,1,5,5458,train
CTU-Malware-Capture-Botnet-44,Rbot,C:\Users\Montana\My Code\CSCI611_Montana_Pawek\GNN\packagedData\graphs\CTU-Malware-Capture-Botnet-44\CTU-Malware-Capture-Botnet-44__20110815_093000.pt,CTU-Malware-Capture-Botnet-44\CTU-Malware-Capture-Botnet-44__20110815_093000.pt,data/rbotFamily/CTU-Malware-Capture-Botnet-44/capture20110812.binetflow,2011-08-15T09:30:00,2011-08-15T09:35:00,5502,5969,24,11,6,1,5,5496,train
CTU-Malware-Capture-Botnet-44,Rbot,C:\Users\Montana\My Code\CSCI611_Montana_Pawek\GNN\packagedData\graphs\CTU-Malware-Capture-Botnet-44\CTU-Malware-Capture-Botnet-44__20110815_093500.pt,CTU-Malware-Capture-Botnet-44\CTU-Malware-Capture-Botnet-44__20110815_093500.pt,data/rbotFamily/CTU-Malware-Capture-Botnet-44/capture20110812.binetflow,2011-08-15T09:35:00,2011-08-15T09:40:00,5860,6438,24,11,6,1,5,5854,train
CTU-Malware-Capture-Botnet-44,Rbot,C:\Users\Montana\My Code\CSCI611_Montana_Pawek\GNN\packagedData\graphs\CTU-Malware-Capture-Botnet-44\CTU-Malware-Capture-Botnet-44__20110815_094000.pt,CTU-Malware-Capture-Botnet-44\CTU-Malware-Capture-Botnet-44__20110815_094000.pt,data/rbotFamily/CTU-Malware-Capture-Botnet-44/capture20110812.binetflow,2011-08-15T09:40:00,2011-08-15T09:45:00,6042,6745,24,11,7,1,6,6035,train
CTU-Malware-Capture-Botnet-44,Rbot,C:\Users\Montana\My Code\CSCI611_Montana_Pawek\GNN\packagedData\graphs\CTU-Malware-Capture-Botnet-44\CTU-Malware-Capture-Botnet-44__20110815_094500.pt,CTU-Malware-Capture-Botnet-44\CTU-Malware-Capture-Botnet-44__20110815_094500.pt,data/rbotFamily/CTU-Malware-Capture-Botnet-44/capture20110812.binetflow,2011-08-15T09:45:00,2011-08-15T09:50:00,6323,7027,24,11,5,0,5,6318,train
CTU-Malware-Capture-Botnet-44,Rbot,C:\Users\Montana\My Code\CSCI611_Montana_Pawek\GNN\packagedData\graphs\CTU-Malware-Capture-Botnet-44\CTU-Malware-Capture-Botnet-44__20110815_095000.pt,CTU-Malware-Capture-Botnet-44\CTU-Malware-Capture-Botnet-44__20110815_095000.pt,data/rbotFamily/CTU-Malware-Capture-Botnet-44/capture20110812.binetflow,2011-08-15T09:50:00,2011-08-15T09:55:00,6370,7234,24,11,7,1,6,6363,train
CTU-Malware-Capture-Botnet-44,Rbot,C:\Users\Montana\My Code\CSCI611_Montana_Pawek\GNN\packagedData\graphs\CTU-Malware-Capture-Botnet-44\CTU-Malware-Capture-Botnet-44__20110815_095500.pt,CTU-Malware-Capture-Botnet-44\CTU-Malware-Capture-Botnet-44__20110815_095500.pt,data/rbotFamily/CTU-Malware-Capture-Botnet-44/capture20110812.binetflow,2011-08-15T09:55:00,2011-08-15T10:00:00,6677,7498,24,11,6,0,6,6671,train
CTU-Malware-Capture-Botnet-44,Rbot,C:\Users\Montana\My Code\CSCI611_Montana_Pawek\GNN\packagedData\graphs\CTU-Malware-Capture-Botnet-44\CTU-Malware-Capture-Botnet-44__20110815_100000.pt,CTU-Malware-Capture-Botnet-44\CTU-Malware-Capture-Botnet-44__20110815_100000.pt,data/rbotFamily/CTU-Malware-Capture-Botnet-44/capture20110812.binetflow,2011-08-15T10:00:00,2011-08-15T10:05:00,6630,7402,24,11,5,0,5,6625,train
CTU-Malware-Capture-Botnet-44,Rbot,C:\Users\Montana\My Code\CSCI611_Montana_Pawek\GNN\packagedData\graphs\CTU-Malware-Capture-Botnet-44\CTU-Malware-Capture-Botnet-44__20110815_100500.pt,CTU-Malware-Capture-Botnet-44\CTU-Malware-Capture-Botnet-44__20110815_100500.pt,data/rbotFamily/CTU-Malware-Capture-Botnet-44/capture20110812.binetflow,2011-08-15T10:05:00,2011-08-15T10:10:00,6484,7197,24,11,5,0,5,6479,train
CTU-Malware-Capture-Botnet-44,Rbot,C:\Users\Montana\My Code\CSCI611_Montana_Pawek\GNN\packagedData\graphs\CTU-Malware-Capture-Botnet-44\CTU-Malware-Capture-Botnet-44__20110815_101000.pt,CTU-Malware-Capture-Botnet-44\CTU-Malware-Capture-Botnet-44__20110815_101000.pt,data/rbotFamily/CTU-Malware-Capture-Botnet-44/capture20110812.binetflow,2011-08-15T10:10:00,2011-08-15T10:15:00,4694,5205,24,11,6,0,6,4688,train
CTU-Malware-Capture-Botnet-45,Rbot,C:\Users\Montana\My Code\CSCI611_Montana_Pawek\GNN\packagedData\graphs\CTU-Malware-Capture-Botnet-45\CTU-Malware-Capture-Botnet-45__20110815_110000.pt,CTU-Malware-Capture-Botnet-45\CTU-Malware-Capture-Botnet-45__20110815_110000.pt,data/rbotFamily/CTU-Malware-Capture-Botnet-45/capture20110815.binetflow,2011-08-15T11:00:00,2011-08-15T11:05:00,11168,12717,24,11,7,1,6,11161,train
CTU-Malware-Capture-Botnet-45,Rbot,C:\Users\Montana\My Code\CSCI611_Montana_Pawek\GNN\packagedData\graphs\CTU-Malware-Capture-Botnet-45\CTU-Malware-Capture-Botnet-45__20110815_110500.pt,CTU-Malware-Capture-Botnet-45\CTU-Malware-Capture-Botnet-45__20110815_110500.pt,data/rbotFamily/CTU-Malware-Capture-Botnet-45/capture20110815.binetflow,2011-08-15T11:05:00,2011-08-15T11:10:00,8639,9436,24,11,7,1,6,8632,train
CTU-Malware-Capture-Botnet-45,Rbot,C:\Users\Montana\My Code\CSCI611_Montana_Pawek\GNN\packagedData\graphs\CTU-Malware-Capture-Botnet-45\CTU-Malware-Capture-Botnet-45__20110815_111000.pt,CTU-Malware-Capture-Botnet-45\CTU-Malware-Capture-Botnet-45__20110815_111000.pt,data/rbotFamily/CTU-Malware-Capture-Botnet-45/capture20110815.binetflow,2011-08-15T11:10:00,2011-08-15T11:15:00,7702,8437,24,11,7,1,6,7695,train
CTU-Malware-Capture-Botnet-45,Rbot,C:\Users\Montana\My Code\CSCI611_Montana_Pawek\GNN\packagedData\graphs\CTU-Malware-Capture-Botnet-45\CTU-Malware-Capture-Botnet-45__20110815_111500.pt,CTU-Malware-Capture-Botnet-45\CTU-Malware-Capture-Botnet-45__20110815_111500.pt,data/rbotFamily/CTU-Malware-Capture-Botnet-45/capture20110815.binetflow,2011-08-15T11:15:00,2011-08-15T11:20:00,8636,9438,24,11,5,0,5,8631,train
CTU-Malware-Capture-Botnet-45,Rbot,C:\Users\Montana\My Code\CSCI611_Montana_Pawek\GNN\packagedData\graphs\CTU-Malware-Capture-Botnet-45\CTU-Malware-Capture-Botnet-45__20110815_112000.pt,CTU-Malware-Capture-Botnet-45\CTU-Malware-Capture-Botnet-45__20110815_112000.pt,data/rbotFamily/CTU-Malware-Capture-Botnet-45/capture20110815.binetflow,2011-08-15T11:20:00,2011-08-15T11:25:00,7443,8126,24,11,7,1,6,7436,train
CTU-Malware-Capture-Botnet-45,Rbot,C:\Users\Montana\My Code\CSCI611_Montana_Pawek\GNN\packagedData\graphs\CTU-Malware-Capture-Botnet-45\CTU-Malware-Capture-Botnet-45__20110815_112500.pt,CTU-Malware-Capture-Botnet-45\CTU-Malware-Capture-Botnet-45__20110815_112500.pt,data/rbotFamily/CTU-Malware-Capture-Botnet-45/capture20110815.binetflow,2011-08-15T11:25:00,2011-08-15T11:30:00,7308,7914,24,11,6,1,5,7302,train
CTU-Malware-Capture-Botnet-45,Rbot,C:\Users\Montana\My Code\CSCI611_Montana_Pawek\GNN\packagedData\graphs\CTU-Malware-Capture-Botnet-45\CTU-Malware-Capture-Botnet-45__20110815_113000.pt,CTU-Malware-Capture-Botnet-45\CTU-Malware-Capture-Botnet-45__20110815_113000.pt,data/rbotFamily/CTU-Malware-Capture-Botnet-45/capture20110815.binetflow,2011-08-15T11:30:00,2011-08-15T11:35:00,7928,8632,24,11,6,1,5,7922,train
CTU-Malware-Capture-Botnet-45,Rbot,C:\Users\Montana\My Code\CSCI611_Montana_Pawek\GNN\packagedData\graphs\CTU-Malware-Capture-Botnet-45\CTU-Malware-Capture-Botnet-45__20110815_113500.pt,CTU-Malware-Capture-Botnet-45\CTU-Malware-Capture-Botnet-45__20110815_113500.pt,data/rbotFamily/CTU-Malware-Capture-Botnet-45/capture20110815.binetflow,2011-08-15T11:35:00,2011-08-15T11:40:00,6926,7617,24,11,5,0,5,6921,train
CTU-Malware-Capture-Botnet-45,Rbot,C:\Users\Montana\My Code\CSCI611_Montana_Pawek\GNN\packagedData\graphs\CTU-Malware-Capture-Botnet-45\CTU-Malware-Capture-Botnet-45__20110815_114000.pt,CTU-Malware-Capture-Botnet-45\CTU-Malware-Capture-Botnet-45__20110815_114000.pt,data/rbotFamily/CTU-Malware-Capture-Botnet-45/capture20110815.binetflow,2011-08-15T11:40:00,2011-08-15T11:45:00,6366,7083,24,11,6,0,6,6360,train
CTU-Malware-Capture-Botnet-45,Rbot,C:\Users\Montana\My Code\CSCI611_Montana_Pawek\GNN\packagedData\graphs\CTU-Malware-Capture-Botnet-45\CTU-Malware-Capture-Botnet-45__20110815_114500.pt,CTU-Malware-Capture-Botnet-45\CTU-Malware-Capture-Botnet-45__20110815_114500.pt,data/rbotFamily/CTU-Malware-Capture-Botnet-45/capture20110815.binetflow,2011-08-15T11:45:00,2011-08-15T11:50:00,6737,7421,24,11,5,1,4,6732,train
CTU-Malware-Capture-Botnet-45,Rbot,C:\Users\Montana\My Code\CSCI611_Montana_Pawek\GNN\packagedData\graphs\CTU-Malware-Capture-Botnet-45\CTU-Malware-Capture-Botnet-45__20110815_115000.pt,CTU-Malware-Capture-Botnet-45\CTU-Malware-Capture-Botnet-45__20110815_115000.pt,data/rbotFamily/CTU-Malware-Capture-Botnet-45/capture20110815.binetflow,2011-08-15T11:50:00,2011-08-15T11:55:00,5839,6417,24,11,6,0,6,5833,train
CTU-Malware-Capture-Botnet-45,Rbot,C:\Users\Montana\My Code\CSCI611_Montana_Pawek\GNN\packagedData\graphs\CTU-Malware-Capture-Botnet-45\CTU-Malware-Capture-Botnet-45__20110815_115500.pt,CTU-Malware-Capture-Botnet-45\CTU-Malware-Capture-Botnet-45__20110815_115500.pt,data/rbotFamily/CTU-Malware-Capture-Botnet-45/capture20110815.binetflow,2011-08-15T11:55:00,2011-08-15T12:00:00,5170,5744,24,11,7,1,6,5163,train
CTU-Malware-Capture-Botnet-45,Rbot,C:\Users\Montana\My Code\CSCI611_Montana_Pawek\GNN\packagedData\graphs\CTU-Malware-Capture-Botnet-45\CTU-Malware-Capture-Botnet-45__20110815_120000.pt,CTU-Malware-Capture-Botnet-45\CTU-Malware-Capture-Botnet-45__20110815_120000.pt,data/rbotFamily/CTU-Malware-Capture-Botnet-45/capture20110815.binetflow,2011-08-15T12:00:00,2011-08-15T12:05:00,6972,7873,24,11,7,1,6,6965,train
CTU-Malware-Capture-Botnet-45,Rbot,C:\Users\Montana\My Code\CSCI611_Montana_Pawek\GNN\packagedData\graphs\CTU-Malware-Capture-Botnet-45\CTU-Malware-Capture-Botnet-45__20110815_120500.pt,CTU-Malware-Capture-Botnet-45\CTU-Malware-Capture-Botnet-45__20110815_120500.pt,data/rbotFamily/CTU-Malware-Capture-Botnet-45/capture20110815.binetflow,2011-08-15T12:05:00,2011-08-15T12:10:00,7210,7953,24,11,6,0,6,7204,train
CTU-Malware-Capture-Botnet-45,Rbot,C:\Users\Montana\My Code\CSCI611_Montana_Pawek\GNN\packagedData\graphs\CTU-Malware-Capture-Botnet-45\CTU-Malware-Capture-Botnet-45__20110815_121000.pt,CTU-Malware-Capture-Botnet-45\CTU-Malware-Capture-Botnet-45__20110815_121000.pt,data/rbotFamily/CTU-Malware-Capture-Botnet-45/capture20110815.binetflow,2011-08-15T12:10:00,2011-08-15T12:15:00,6222,6961,24,11,7,1,6,6215,train
CTU-Malware-Capture-Botnet-45,Rbot,C:\Users\Montana\My Code\CSCI611_Montana_Pawek\GNN\packagedData\graphs\CTU-Malware-Capture-Botnet-45\CTU-Malware-Capture-Botnet-45__20110815_121500.pt,CTU-Malware-Capture-Botnet-45\CTU-Malware-Capture-Botnet-45__20110815_121500.pt,data/rbotFamily/CTU-Malware-Capture-Botnet-45/capture20110815.binetflow,2011-08-15T12:15:00,2011-08-15T12:20:00,5710,6348,24,11,6,1,5,5704,train
CTU-Malware-Capture-Botnet-45,Rbot,C:\Users\Montana\My Code\CSCI611_Montana_Pawek\GNN\packagedData\graphs\CTU-Malware-Capture-Botnet-45\CTU-Malware-Capture-Botnet-45__20110815_122000.pt,CTU-Malware-Capture-Botnet-45\CTU-Malware-Capture-Botnet-45__20110815_122000.pt,data/rbotFamily/CTU-Malware-Capture-Botnet-45/capture20110815.binetflow,2011-08-15T12:20:00,2011-08-15T12:25:00,6150,6737,24,11,6,0,6,6144,train
CTU-Malware-Capture-Botnet-45,Rbot,C:\Users\Montana\My Code\CSCI611_Montana_Pawek\GNN\packagedData\graphs\CTU-Malware-Capture-Botnet-45\CTU-Malware-Capture-Botnet-45__20110815_122500.pt,CTU-Malware-Capture-Botnet-45\CTU-Malware-Capture-Botnet-45__20110815_122500.pt,data/rbotFamily/CTU-Malware-Capture-Botnet-45/capture20110815.binetflow,2011-08-15T12:25:00,2011-08-15T12:30:00,10242,10977,24,11,6,1,5,10236,train
CTU-Malware-Capture-Botnet-45,Rbot,C:\Users\Montana\My Code\CSCI611_Montana_Pawek\GNN\packagedData\graphs\CTU-Malware-Capture-Botnet-45\CTU-Malware-Capture-Botnet-45__20110815_123000.pt,CTU-Malware-Capture-Botnet-45\CTU-Malware-Capture-Botnet-45__20110815_123000.pt,data/rbotFamily/CTU-Malware-Capture-Botnet-45/capture20110815.binetflow,2011-08-15T12:30:00,2011-08-15T12:35:00,8828,9504,24,11,7,1,6,8821,train
CTU-Malware-Capture-Botnet-45,Rbot,C:\Users\Montana\My Code\CSCI611_Montana_Pawek\GNN\packagedData\graphs\CTU-Malware-Capture-Botnet-45\CTU-Malware-Capture-Botnet-45__20110815_123500.pt,CTU-Malware-Capture-Botnet-45\CTU-Malware-Capture-Botnet-45__20110815_123500.pt,data/rbotFamily/CTU-Malware-Capture-Botnet-45/capture20110815.binetflow,2011-08-15T12:35:00,2011-08-15T12:40:00,7577,8248,24,11,7,1,6,7570,train
CTU-Malware-Capture-Botnet-45,Rbot,C:\Users\Montana\My Code\CSCI611_Montana_Pawek\GNN\packagedData\graphs\CTU-Malware-Capture-Botnet-45\CTU-Malware-Capture-Botnet-45__20110815_124000.pt,CTU-Malware-Capture-Botnet-45\CTU-Malware-Capture-Botnet-45__20110815_124000.pt,data/rbotFamily/CTU-Malware-Capture-Botnet-45/capture20110815.binetflow,2011-08-15T12:40:00,2011-08-15T12:45:00,7378,7872,24,11,7,1,6,7371,train
CTU-Malware-Capture-Botnet-45,Rbot,C:\Users\Montana\My Code\CSCI611_Montana_Pawek\GNN\packagedData\graphs\CTU-Malware-Capture-Botnet-45\CTU-Malware-Capture-Botnet-45__20110815_124500.pt,CTU-Malware-Capture-Botnet-45\CTU-Malware-Capture-Botnet-45__20110815_124500.pt,data/rbotFamily/CTU-Malware-Capture-Botnet-45/capture20110815.binetflow,2011-08-15T12:45:00,2011-08-15T12:50:00,6695,7064,24,11,7,1,6,6688,train
CTU-Malware-Capture-Botnet-45,Rbot,C:\Users\Montana\My Code\CSCI611_Montana_Pawek\GNN\packagedData\graphs\CTU-Malware-Capture-Botnet-45\CTU-Malware-Capture-Botnet-45__20110815_125000.pt,CTU-Malware-Capture-Botnet-45\CTU-Malware-Capture-Botnet-45__20110815_125000.pt,data/rbotFamily/CTU-Malware-Capture-Botnet-45/capture20110815.binetflow,2011-08-15T12:50:00,2011-08-15T12:55:00,6953,7508,24,11,7,1,6,6946,train
CTU-Malware-Capture-Botnet-45,Rbot,C:\Users\Montana\My Code\CSCI611_Montana_Pawek\GNN\packagedData\graphs\CTU-Malware-Capture-Botnet-45\CTU-Malware-Capture-Botnet-45__20110815_125500.pt,CTU-Malware-Capture-Botnet-45\CTU-Malware-Capture-Botnet-45__20110815_125500.pt,data/rbotFamily/CTU-Malware-Capture-Botnet-45/capture20110815.binetflow,2011-08-15T12:55:00,2011-08-15T13:00:00,6992,7469,24,11,6,0,6,6986,train
CTU-Malware-Capture-Botnet-45,Rbot,C:\Users\Montana\My Code\CSCI611_Montana_Pawek\GNN\packagedData\graphs\CTU-Malware-Capture-Botnet-45\CTU-Malware-Capture-Botnet-45__20110815_130000.pt,CTU-Malware-Capture-Botnet-45\CTU-Malware-Capture-Botnet-45__20110815_130000.pt,data/rbotFamily/CTU-Malware-Capture-Botnet-45/capture20110815.binetflow,2011-08-15T13:00:00,2011-08-15T13:05:00,7501,8171,24,11,6,0,6,7495,train
CTU-Malware-Capture-Botnet-45,Rbot,C:\Users\Montana\My Code\CSCI611_Montana_Pawek\GNN\packagedData\graphs\CTU-Malware-Capture-Botnet-45\CTU-Malware-Capture-Botnet-45__20110815_130500.pt,CTU-Malware-Capture-Botnet-45\CTU-Malware-Capture-Botnet-45__20110815_130500.pt,data/rbotFamily/CTU-Malware-Capture-Botnet-45/capture20110815.binetflow,2011-08-15T13:05:00,2011-08-15T13:10:00,7698,8348,24,11,7,1,6,7691,train
CTU-Malware-Capture-Botnet-45,Rbot,C:\Users\Montana\My Code\CSCI611_Montana_Pawek\GNN\packagedData\graphs\CTU-Malware-Capture-Botnet-45\CTU-Malware-Capture-Botnet-45__20110815_131000.pt,CTU-Malware-Capture-Botnet-45\CTU-Malware-Capture-Botnet-45__20110815_131000.pt,data/rbotFamily/CTU-Malware-Capture-Botnet-45/capture20110815.binetflow,2011-08-15T13:10:00,2011-08-15T13:15:00,8040,8793,24,11,7,1,6,8033,train
CTU-Malware-Capture-Botnet-45,Rbot,C:\Users\Montana\My Code\CSCI611_Montana_Pawek\GNN\packagedData\graphs\CTU-Malware-Capture-Botnet-45\CTU-Malware-Capture-Botnet-45__20110815_131500.pt,CTU-Malware-Capture-Botnet-45\CTU-Malware-Capture-Botnet-45__20110815_131500.pt,data/rbotFamily/CTU-Malware-Capture-Botnet-45/capture20110815.binetflow,2011-08-15T13:15:00,2011-08-15T13:20:00,7862,8615,24,11,7,1,6,7855,train
CTU-Malware-Capture-Botnet-45,Rbot,C:\Users\Montana\My Code\CSCI611_Montana_Pawek\GNN\packagedData\graphs\CTU-Malware-Capture-Botnet-45\CTU-Malware-Capture-Botnet-45__20110815_132000.pt,CTU-Malware-Capture-Botnet-45\CTU-Malware-Capture-Botnet-45__20110815_132000.pt,data/rbotFamily/CTU-Malware-Capture-Botnet-45/capture20110815.binetflow,2011-08-15T13:20:00,2011-08-15T13:25:00,7758,8792,24,11,7,1,6,7751,train
CTU-Malware-Capture-Botnet-45,Rbot,C:\Users\Montana\My Code\CSCI611_Montana_Pawek\GNN\packagedData\graphs\CTU-Malware-Capture-Botnet-45\CTU-Malware-Capture-Botnet-45__20110815_132500.pt,CTU-Malware-Capture-Botnet-45\CTU-Malware-Capture-Botnet-45__20110815_132500.pt,data/rbotFamily/CTU-Malware-Capture-Botnet-45/capture20110815.binetflow,2011-08-15T13:25:00,2011-08-15T13:30:00,7831,8830,24,11,7,1,6,7824,train
CTU-Malware-Capture-Botnet-45,Rbot,C:\Users\Montana\My Code\CSCI611_Montana_Pawek\GNN\packagedData\graphs\CTU-Malware-Capture-Botnet-45\CTU-Malware-Capture-Botnet-45__20110815_133000.pt,CTU-Malware-Capture-Botnet-45\CTU-Malware-Capture-Botnet-45__20110815_133000.pt,data/rbotFamily/CTU-Malware-Capture-Botnet-45/capture20110815.binetflow,2011-08-15T13:30:00,2011-08-15T13:35:00,6975,8014,24,11,7,1,6,6968,train
CTU-Malware-Capture-Botnet-45,Rbot,C:\Users\Montana\My Code\CSCI611_Montana_Pawek\GNN\packagedData\graphs\CTU-Malware-Capture-Botnet-45\CTU-Malware-Capture-Botnet-45__20110815_133500.pt,CTU-Malware-Capture-Botnet-45\CTU-Malware-Capture-Botnet-45__20110815_133500.pt,data/rbotFamily/CTU-Malware-Capture-Botnet-45/capture20110815.binetflow,2011-08-15T13:35:00,2011-08-15T13:40:00,6849,7950,24,11,7,1,6,6842,train
CTU-Malware-Capture-Botnet-45,Rbot,C:\Users\Montana\My Code\CSCI611_Montana_Pawek\GNN\packagedData\graphs\CTU-Malware-Capture-Botnet-45\CTU-Malware-Capture-Botnet-45__20110815_134000.pt,CTU-Malware-Capture-Botnet-45\CTU-Malware-Capture-Botnet-45__20110815_134000.pt,data/rbotFamily/CTU-Malware-Capture-Botnet-45/capture20110815.binetflow,2011-08-15T13:40:00,2011-08-15T13:45:00,7263,8324,24,11,7,1,6,7256,train
CTU-Malware-Capture-Botnet-45,Rbot,C:\Users\Montana\My Code\CSCI611_Montana_Pawek\GNN\packagedData\graphs\CTU-Malware-Capture-Botnet-45\CTU-Malware-Capture-Botnet-45__20110815_134500.pt,CTU-Malware-Capture-Botnet-45\CTU-Malware-Capture-Botnet-45__20110815_134500.pt,data/rbotFamily/CTU-Malware-Capture-Botnet-45/capture20110815.binetflow,2011-08-15T13:45:00,2011-08-15T13:50:00,6657,7446,24,11,7,1,6,6650,train
CTU-Malware-Capture-Botnet-45,Rbot,C:\Users\Montana\My Code\CSCI611_Montana_Pawek\GNN\packagedData\graphs\CTU-Malware-Capture-Botnet-45\CTU-Malware-Capture-Botnet-45__20110815_135000.pt,CTU-Malware-Capture-Botnet-45\CTU-Malware-Capture-Botnet-45__20110815_135000.pt,data/rbotFamily/CTU-Malware-Capture-Botnet-45/capture20110815.binetflow,2011-08-15T13:50:00,2011-08-15T13:55:00,6844,7722,24,11,7,1,6,6837,train
CTU-Malware-Capture-Botnet-45,Rbot,C:\Users\Montana\My Code\CSCI611_Montana_Pawek\GNN\packagedData\graphs\CTU-Malware-Capture-Botnet-45\CTU-Malware-Capture-Botnet-45__20110815_135500.pt,CTU-Malware-Capture-Botnet-45\CTU-Malware-Capture-Botnet-45__20110815_135500.pt,data/rbotFamily/CTU-Malware-Capture-Botnet-45/capture20110815.binetflow,2011-08-15T13:55:00,2011-08-15T14:00:00,7102,7917,24,11,7,1,6,7095,train
CTU-Malware-Capture-Botnet-45,Rbot,C:\Users\Montana\My Code\CSCI611_Montana_Pawek\GNN\packagedData\graphs\CTU-Malware-Capture-Botnet-45\CTU-Malware-Capture-Botnet-45__20110815_140000.pt,CTU-Malware-Capture-Botnet-45\CTU-Malware-Capture-Botnet-45__20110815_140000.pt,data/rbotFamily/CTU-Malware-Capture-Botnet-45/capture20110815.binetflow,2011-08-15T14:00:00,2011-08-15T14:05:00,7005,7906,24,11,7,1,6,6998,train
CTU-Malware-Capture-Botnet-45,Rbot,C:\Users\Montana\My Code\CSCI611_Montana_Pawek\GNN\packagedData\graphs\CTU-Malware-Capture-Botnet-45\CTU-Malware-Capture-Botnet-45__20110815_140500.pt,CTU-Malware-Capture-Botnet-45\CTU-Malware-Capture-Botnet-45__20110815_140500.pt,data/rbotFamily/CTU-Malware-Capture-Botnet-45/capture20110815.binetflow,2011-08-15T14:05:00,2011-08-15T14:10:00,7001,7896,24,11,6,0,6,6995,train
CTU-Malware-Capture-Botnet-45,Rbot,C:\Users\Montana\My Code\CSCI611_Montana_Pawek\GNN\packagedData\graphs\CTU-Malware-Capture-Botnet-45\CTU-Malware-Capture-Botnet-45__20110815_141000.pt,CTU-Malware-Capture-Botnet-45\CTU-Malware-Capture-Botnet-45__20110815_141000.pt,data/rbotFamily/CTU-Malware-Capture-Botnet-45/capture20110815.binetflow,2011-08-15T14:10:00,2011-08-15T14:15:00,7951,9128,24,11,7,1,6,7944,train
CTU-Malware-Capture-Botnet-45,Rbot,C:\Users\Montana\My Code\CSCI611_Montana_Pawek\GNN\packagedData\graphs\CTU-Malware-Capture-Botnet-45\CTU-Malware-Capture-Botnet-45__20110815_141500.pt,CTU-Malware-Capture-Botnet-45\CTU-Malware-Capture-Botnet-45__20110815_141500.pt,data/rbotFamily/CTU-Malware-Capture-Botnet-45/capture20110815.binetflow,2011-08-15T14:15:00,2011-08-15T14:20:00,6773,7499,24,11,7,1,6,6766,train
CTU-Malware-Capture-Botnet-45,Rbot,C:\Users\Montana\My Code\CSCI611_Montana_Pawek\GNN\packagedData\graphs\CTU-Malware-Capture-Botnet-45\CTU-Malware-Capture-Botnet-45__20110815_142000.pt,CTU-Malware-Capture-Botnet-45\CTU-Malware-Capture-Botnet-45__20110815_142000.pt,data/rbotFamily/CTU-Malware-Capture-Botnet-45/capture20110815.binetflow,2011-08-15T14:20:00,2011-08-15T14:25:00,6687,7449,24,11,7,1,6,6680,train
CTU-Malware-Capture-Botnet-45,Rbot,C:\Users\Montana\My Code\CSCI611_Montana_Pawek\GNN\packagedData\graphs\CTU-Malware-Capture-Botnet-45\CTU-Malware-Capture-Botnet-45__20110815_142500.pt,CTU-Malware-Capture-Botnet-45\CTU-Malware-Capture-Botnet-45__20110815_142500.pt,data/rbotFamily/CTU-Malware-Capture-Botnet-45/capture20110815.binetflow,2011-08-15T14:25:00,2011-08-15T14:30:00,6305,6979,24,11,7,1,6,6298,train
CTU-Malware-Capture-Botnet-45,Rbot,C:\Users\Montana\My Code\CSCI611_Montana_Pawek\GNN\packagedData\graphs\CTU-Malware-Capture-Botnet-45\CTU-Malware-Capture-Botnet-45__20110815_143000.pt,CTU-Malware-Capture-Botnet-45\CTU-Malware-Capture-Botnet-45__20110815_143000.pt,data/rbotFamily/CTU-Malware-Capture-Botnet-45/capture20110815.binetflow,2011-08-15T14:30:00,2011-08-15T14:35:00,6784,7545,24,11,6,0,6,6778,train
CTU-Malware-Capture-Botnet-45,Rbot,C:\Users\Montana\My Code\CSCI611_Montana_Pawek\GNN\packagedData\graphs\CTU-Malware-Capture-Botnet-45\CTU-Malware-Capture-Botnet-45__20110815_143500.pt,CTU-Malware-Capture-Botnet-45\CTU-Malware-Capture-Botnet-45__20110815_143500.pt,data/rbotFamily/CTU-Malware-Capture-Botnet-45/capture20110815.binetflow,2011-08-15T14:35:00,2011-08-15T14:40:00,6862,7546,24,11,6,0,6,6856,train
CTU-Malware-Capture-Botnet-45,Rbot,C:\Users\Montana\My Code\CSCI611_Montana_Pawek\GNN\packagedData\graphs\CTU-Malware-Capture-Botnet-45\CTU-Malware-Capture-Botnet-45__20110815_144000.pt,CTU-Malware-Capture-Botnet-45\CTU-Malware-Capture-Botnet-45__20110815_144000.pt,data/rbotFamily/CTU-Malware-Capture-Botnet-45/capture20110815.binetflow,2011-08-15T14:40:00,2011-08-15T14:45:00,6346,6910,24,11,7,1,6,6339,train
CTU-Malware-Capture-Botnet-45,Rbot,C:\Users\Montana\My Code\CSCI611_Montana_Pawek\GNN\packagedData\graphs\CTU-Malware-Capture-Botnet-45\CTU-Malware-Capture-Botnet-45__20110815_144500.pt,CTU-Malware-Capture-Botnet-45\CTU-Malware-Capture-Botnet-45__20110815_144500.pt,data/rbotFamily/CTU-Malware-Capture-Botnet-45/capture20110815.binetflow,2011-08-15T14:45:00,2011-08-15T14:50:00,6317,6906,24,11,7,1,6,6310,train
CTU-Malware-Capture-Botnet-45,Rbot,C:\Users\Montana\My Code\CSCI611_Montana_Pawek\GNN\packagedData\graphs\CTU-Malware-Capture-Botnet-45\CTU-Malware-Capture-Botnet-45__20110815_145000.pt,CTU-Malware-Capture-Botnet-45\CTU-Malware-Capture-Botnet-45__20110815_145000.pt,data/rbotFamily/CTU-Malware-Capture-Botnet-45/capture20110815.binetflow,2011-08-15T14:50:00,2011-08-15T14:55:00,6408,7012,24,11,7,1,6,6401,train
CTU-Malware-Capture-Botnet-45,Rbot,C:\Users\Montana\My Code\CSCI611_Montana_Pawek\GNN\packagedData\graphs\CTU-Malware-Capture-Botnet-45\CTU-Malware-Capture-Botnet-45__20110815_145500.pt,CTU-Malware-Capture-Botnet-45\CTU-Malware-Capture-Botnet-45__20110815_145500.pt,data/rbotFamily/CTU-Malware-Capture-Botnet-45/capture20110815.binetflow,2011-08-15T14:55:00,2011-08-15T15:00:00,6710,7318,24,11,7,1,6,6703,train
CTU-Malware-Capture-Botnet-45,Rbot,C:\Users\Montana\My Code\CSCI611_Montana_Pawek\GNN\packagedData\graphs\CTU-Malware-Capture-Botnet-45\CTU-Malware-Capture-Botnet-45__20110815_150000.pt,CTU-Malware-Capture-Botnet-45\CTU-Malware-Capture-Botnet-45__20110815_150000.pt,data/rbotFamily/CTU-Malware-Capture-Botnet-45/capture20110815.binetflow,2011-08-15T15:00:00,2011-08-15T15:05:00,6762,7434,24,11,7,1,6,6755,train
CTU-Malware-Capture-Botnet-45,Rbot,C:\Users\Montana\My Code\CSCI611_Montana_Pawek\GNN\packagedData\graphs\CTU-Malware-Capture-Botnet-45\CTU-Malware-Capture-Botnet-45__20110815_150500.pt,CTU-Malware-Capture-Botnet-45\CTU-Malware-Capture-Botnet-45__20110815_150500.pt,data/rbotFamily/CTU-Malware-Capture-Botnet-45/capture20110815.binetflow,2011-08-15T15:05:00,2011-08-15T15:10:00,6639,7290,24,11,7,1,6,6632,train
CTU-Malware-Capture-Botnet-45,Rbot,C:\Users\Montana\My Code\CSCI611_Montana_Pawek\GNN\packagedData\graphs\CTU-Malware-Capture-Botnet-45\CTU-Malware-Capture-Botnet-45__20110815_151000.pt,CTU-Malware-Capture-Botnet-45\CTU-Malware-Capture-Botnet-45__20110815_151000.pt,data/rbotFamily/CTU-Malware-Capture-Botnet-45/capture20110815.binetflow,2011-08-15T15:10:00,2011-08-15T15:15:00,2193,2307,24,11,6,1,5,2187,train
CTU-Malware-Capture-Botnet-46,Virut,C:\Users\Montana\My Code\CSCI611_Montana_Pawek\GNN\packagedData\graphs\CTU-Malware-Capture-Botnet-46\CTU-Malware-Capture-Botnet-46__20110815_164000.pt,CTU-Malware-Capture-Botnet-46\CTU-Malware-Capture-Botnet-46__20110815_164000.pt,data/virutFamily/CTU-Malware-Capture-Botnet-46/capture20110815-2.binetflow,2011-08-15T16:40:00,2011-08-15T16:45:00,4649,5166,24,11,5,0,5,4644,train
CTU-Malware-Capture-Botnet-46,Virut,C:\Users\Montana\My Code\CSCI611_Montana_Pawek\GNN\packagedData\graphs\CTU-Malware-Capture-Botnet-46\CTU-Malware-Capture-Botnet-46__20110815_164500.pt,CTU-Malware-Capture-Botnet-46\CTU-Malware-Capture-Botnet-46__20110815_164500.pt,data/virutFamily/CTU-Malware-Capture-Botnet-46/capture20110815-2.binetflow,2011-08-15T16:45:00,2011-08-15T16:50:00,9519,10328,24,11,7,1,6,9512,train
CTU-Malware-Capture-Botnet-46,Virut,C:\Users\Montana\My Code\CSCI611_Montana_Pawek\GNN\packagedData\graphs\CTU-Malware-Capture-Botnet-46\CTU-Malware-Capture-Botnet-46__20110815_165000.pt,CTU-Malware-Capture-Botnet-46\CTU-Malware-Capture-Botnet-46__20110815_165000.pt,data/virutFamily/CTU-Malware-Capture-Botnet-46/capture20110815-2.binetflow,2011-08-15T16:50:00,2011-08-15T16:55:00,8321,8861,24,11,7,1,6,8314,train
CTU-Malware-Capture-Botnet-46,Virut,C:\Users\Montana\My Code\CSCI611_Montana_Pawek\GNN\packagedData\graphs\CTU-Malware-Capture-Botnet-46\CTU-Malware-Capture-Botnet-46__20110815_165500.pt,CTU-Malware-Capture-Botnet-46\CTU-Malware-Capture-Botnet-46__20110815_165500.pt,data/virutFamily/CTU-Malware-Capture-Botnet-46/capture20110815-2.binetflow,2011-08-15T16:55:00,2011-08-15T17:00:00,7246,7737,24,11,7,1,6,7239,train
CTU-Malware-Capture-Botnet-46,Virut,C:\Users\Montana\My Code\CSCI611_Montana_Pawek\GNN\packagedData\graphs\CTU-Malware-Capture-Botnet-46\CTU-Malware-Capture-Botnet-46__20110815_170000.pt,CTU-Malware-Capture-Botnet-46\CTU-Malware-Capture-Botnet-46__20110815_170000.pt,data/virutFamily/CTU-Malware-Capture-Botnet-46/capture20110815-2.binetflow,2011-08-15T17:00:00,2011-08-15T17:05:00,7435,7964,24,11,7,1,6,7428,train
CTU-Malware-Capture-Botnet-46,Virut,C:\Users\Montana\My Code\CSCI611_Montana_Pawek\GNN\packagedData\graphs\CTU-Malware-Capture-Botnet-46\CTU-Malware-Capture-Botnet-46__20110815_170500.pt,CTU-Malware-Capture-Botnet-46\CTU-Malware-Capture-Botnet-46__20110815_170500.pt,data/virutFamily/CTU-Malware-Capture-Botnet-46/capture20110815-2.binetflow,2011-08-15T17:05:00,2011-08-15T17:10:00,6725,7178,24,11,6,1,5,6719,train
CTU-Malware-Capture-Botnet-46,Virut,C:\Users\Montana\My Code\CSCI611_Montana_Pawek\GNN\packagedData\graphs\CTU-Malware-Capture-Botnet-46\CTU-Malware-Capture-Botnet-46__20110815_171000.pt,CTU-Malware-Capture-Botnet-46\CTU-Malware-Capture-Botnet-46__20110815_171000.pt,data/virutFamily/CTU-Malware-Capture-Botnet-46/capture20110815-2.binetflow,2011-08-15T17:10:00,2011-08-15T17:15:00,4711,5039,24,11,6,1,5,4705,train
CTU-Malware-Capture-Botnet-47,DonBot,C:\Users\Montana\My Code\CSCI611_Montana_Pawek\GNN\packagedData\graphs\CTU-Malware-Capture-Botnet-47\CTU-Malware-Capture-Botnet-47__20110816_100000.pt,CTU-Malware-Capture-Botnet-47\CTU-Malware-Capture-Botnet-47__20110816_100000.pt,data/donbotFamily/CTU-Malware-Capture-Botnet-47/capture20110816.binetflow,2011-08-16T10:00:00,2011-08-16T10:05:00,7095,7984,24,11,7,1,6,7088,train
CTU-Malware-Capture-Botnet-47,DonBot,C:\Users\Montana\My Code\CSCI611_Montana_Pawek\GNN\packagedData\graphs\CTU-Malware-Capture-Botnet-47\CTU-Malware-Capture-Botnet-47__20110816_100500.pt,CTU-Malware-Capture-Botnet-47\CTU-Malware-Capture-Botnet-47__20110816_100500.pt,data/donbotFamily/CTU-Malware-Capture-Botnet-47/capture20110816.binetflow,2011-08-16T10:05:00,2011-08-16T10:10:00,7828,8552,24,11,7,1,6,7821,train
CTU-Malware-Capture-Botnet-47,DonBot,C:\Users\Montana\My Code\CSCI611_Montana_Pawek\GNN\packagedData\graphs\CTU-Malware-Capture-Botnet-47\CTU-Malware-Capture-Botnet-47__20110816_101000.pt,CTU-Malware-Capture-Botnet-47\CTU-Malware-Capture-Botnet-47__20110816_101000.pt,data/donbotFamily/CTU-Malware-Capture-Botnet-47/capture20110816.binetflow,2011-08-16T10:10:00,2011-08-16T10:15:00,7758,8373,24,11,7,1,6,7751,train
CTU-Malware-Capture-Botnet-47,DonBot,C:\Users\Montana\My Code\CSCI611_Montana_Pawek\GNN\packagedData\graphs\CTU-Malware-Capture-Botnet-47\CTU-Malware-Capture-Botnet-47__20110816_101500.pt,CTU-Malware-Capture-Botnet-47\CTU-Malware-Capture-Botnet-47__20110816_101500.pt,data/donbotFamily/CTU-Malware-Capture-Botnet-47/capture20110816.binetflow,2011-08-16T10:15:00,2011-08-16T10:20:00,7289,7945,24,11,7,1,6,7282,train
CTU-Malware-Capture-Botnet-47,DonBot,C:\Users\Montana\My Code\CSCI611_Montana_Pawek\GNN\packagedData\graphs\CTU-Malware-Capture-Botnet-47\CTU-Malware-Capture-Botnet-47__20110816_102000.pt,CTU-Malware-Capture-Botnet-47\CTU-Malware-Capture-Botnet-47__20110816_102000.pt,data/donbotFamily/CTU-Malware-Capture-Botnet-47/capture20110816.binetflow,2011-08-16T10:20:00,2011-08-16T10:25:00,6888,7419,24,11,7,1,6,6881,train
CTU-Malware-Capture-Botnet-47,DonBot,C:\Users\Montana\My Code\CSCI611_Montana_Pawek\GNN\packagedData\graphs\CTU-Malware-Capture-Botnet-47\CTU-Malware-Capture-Botnet-47__20110816_102500.pt,CTU-Malware-Capture-Botnet-47\CTU-Malware-Capture-Botnet-47__20110816_102500.pt,data/donbotFamily/CTU-Malware-Capture-Botnet-47/capture20110816.binetflow,2011-08-16T10:25:00,2011-08-16T10:30:00,6480,6872,24,11,7,1,6,6473,train
CTU-Malware-Capture-Botnet-47,DonBot,C:\Users\Montana\My Code\CSCI611_Montana_Pawek\GNN\packagedData\graphs\CTU-Malware-Capture-Botnet-47\CTU-Malware-Capture-Botnet-47__20110816_103000.pt,CTU-Malware-Capture-Botnet-47\CTU-Malware-Capture-Botnet-47__20110816_103000.pt,data/donbotFamily/CTU-Malware-Capture-Botnet-47/capture20110816.binetflow,2011-08-16T10:30:00,2011-08-16T10:35:00,7045,7718,24,11,7,1,6,7038,train
CTU-Malware-Capture-Botnet-47,DonBot,C:\Users\Montana\My Code\CSCI611_Montana_Pawek\GNN\packagedData\graphs\CTU-Malware-Capture-Botnet-47\CTU-Malware-Capture-Botnet-47__20110816_103500.pt,CTU-Malware-Capture-Botnet-47\CTU-Malware-Capture-Botnet-47__20110816_103500.pt,data/donbotFamily/CTU-Malware-Capture-Botnet-47/capture20110816.binetflow,2011-08-16T10:35:00,2011-08-16T10:40:00,6469,6935,24,11,7,1,6,6462,train
CTU-Malware-Capture-Botnet-47,DonBot,C:\Users\Montana\My Code\CSCI611_Montana_Pawek\GNN\packagedData\graphs\CTU-Malware-Capture-Botnet-47\CTU-Malware-Capture-Botnet-47__20110816_104000.pt,CTU-Malware-Capture-Botnet-47\CTU-Malware-Capture-Botnet-47__20110816_104000.pt,data/donbotFamily/CTU-Malware-Capture-Botnet-47/capture20110816.binetflow,2011-08-16T10:40:00,2011-08-16T10:45:00,7071,7582,24,11,5,1,4,7066,train
CTU-Malware-Capture-Botnet-47,DonBot,C:\Users\Montana\My Code\CSCI611_Montana_Pawek\GNN\packagedData\graphs\CTU-Malware-Capture-Botnet-47\CTU-Malware-Capture-Botnet-47__20110816_104500.pt,CTU-Malware-Capture-Botnet-47\CTU-Malware-Capture-Botnet-47__20110816_104500.pt,data/donbotFamily/CTU-Malware-Capture-Botnet-47/capture20110816.binetflow,2011-08-16T10:45:00,2011-08-16T10:50:00,6087,6541,24,11,6,1,5,6081,train
CTU-Malware-Capture-Botnet-47,DonBot,C:\Users\Montana\My Code\CSCI611_Montana_Pawek\GNN\packagedData\graphs\CTU-Malware-Capture-Botnet-47\CTU-Malware-Capture-Botnet-47__20110816_105000.pt,CTU-Malware-Capture-Botnet-47\CTU-Malware-Capture-Botnet-47__20110816_105000.pt,data/donbotFamily/CTU-Malware-Capture-Botnet-47/capture20110816.binetflow,2011-08-16T10:50:00,2011-08-16T10:55:00,6575,7161,24,11,5,1,4,6570,train
CTU-Malware-Capture-Botnet-47,DonBot,C:\Users\Montana\My Code\CSCI611_Montana_Pawek\GNN\packagedData\graphs\CTU-Malware-Capture-Botnet-47\CTU-Malware-Capture-Botnet-47__20110816_105500.pt,CTU-Malware-Capture-Botnet-47\CTU-Malware-Capture-Botnet-47__20110816_105500.pt,data/donbotFamily/CTU-Malware-Capture-Botnet-47/capture20110816.binetflow,2011-08-16T10:55:00,2011-08-16T11:00:00,5734,6200,24,11,7,1,6,5727,train
CTU-Malware-Capture-Botnet-47,DonBot,C:\Users\Montana\My Code\CSCI611_Montana_Pawek\GNN\packagedData\graphs\CTU-Malware-Capture-Botnet-47\CTU-Malware-Capture-Botnet-47__20110816_110000.pt,CTU-Malware-Capture-Botnet-47\CTU-Malware-Capture-Botnet-47__20110816_110000.pt,data/donbotFamily/CTU-Malware-Capture-Botnet-47/capture20110816.binetflow,2011-08-16T11:00:00,2011-08-16T11:05:00,6631,7241,24,11,7,1,6,6624,train
CTU-Malware-Capture-Botnet-47,DonBot,C:\Users\Montana\My Code\CSCI611_Montana_Pawek\GNN\packagedData\graphs\CTU-Malware-Capture-Botnet-47\CTU-Malware-Capture-Botnet-47__20110816_110500.pt,CTU-Malware-Capture-Botnet-47\CTU-Malware-Capture-Botnet-47__20110816_110500.pt,data/donbotFamily/CTU-Malware-Capture-Botnet-47/capture20110816.binetflow,2011-08-16T11:05:00,2011-08-16T11:10:00,6406,7043,24,11,7,1,6,6399,train
CTU-Malware-Capture-Botnet-47,DonBot,C:\Users\Montana\My Code\CSCI611_Montana_Pawek\GNN\packagedData\graphs\CTU-Malware-Capture-Botnet-47\CTU-Malware-Capture-Botnet-47__20110816_111000.pt,CTU-Malware-Capture-Botnet-47\CTU-Malware-Capture-Botnet-47__20110816_111000.pt,data/donbotFamily/CTU-Malware-Capture-Botnet-47/capture20110816.binetflow,2011-08-16T11:10:00,2011-08-16T11:15:00,6456,7034,24,11,7,1,6,6449,train
CTU-Malware-Capture-Botnet-47,DonBot,C:\Users\Montana\My Code\CSCI611_Montana_Pawek\GNN\packagedData\graphs\CTU-Malware-Capture-Botnet-47\CTU-Malware-Capture-Botnet-47__20110816_111500.pt,CTU-Malware-Capture-Botnet-47\CTU-Malware-Capture-Botnet-47__20110816_111500.pt,data/donbotFamily/CTU-Malware-Capture-Botnet-47/capture20110816.binetflow,2011-08-16T11:15:00,2011-08-16T11:20:00,6158,6611,24,11,6,1,5,6152,train
CTU-Malware-Capture-Botnet-47,DonBot,C:\Users\Montana\My Code\CSCI611_Montana_Pawek\GNN\packagedData\graphs\CTU-Malware-Capture-Botnet-47\CTU-Malware-Capture-Botnet-47__20110816_112000.pt,CTU-Malware-Capture-Botnet-47\CTU-Malware-Capture-Botnet-47__20110816_112000.pt,data/donbotFamily/CTU-Malware-Capture-Botnet-47/capture20110816.binetflow,2011-08-16T11:20:00,2011-08-16T11:25:00,6342,6777,24,11,7,1,6,6335,train
CTU-Malware-Capture-Botnet-47,DonBot,C:\Users\Montana\My Code\CSCI611_Montana_Pawek\GNN\packagedData\graphs\CTU-Malware-Capture-Botnet-47\CTU-Malware-Capture-Botnet-47__20110816_112500.pt,CTU-Malware-Capture-Botnet-47\CTU-Malware-Capture-Botnet-47__20110816_112500.pt,data/donbotFamily/CTU-Malware-Capture-Botnet-47/capture20110816.binetflow,2011-08-16T11:25:00,2011-08-16T11:30:00,6212,6629,24,11,6,1,5,6206,train
CTU-Malware-Capture-Botnet-47,DonBot,C:\Users\Montana\My Code\CSCI611_Montana_Pawek\GNN\packagedData\graphs\CTU-Malware-Capture-Botnet-47\CTU-Malware-Capture-Botnet-47__20110816_113000.pt,CTU-Malware-Capture-Botnet-47\CTU-Malware-Capture-Botnet-47__20110816_113000.pt,data/donbotFamily/CTU-Malware-Capture-Botnet-47/capture20110816.binetflow,2011-08-16T11:30:00,2011-08-16T11:35:00,6116,6490,24,11,6,1,5,6110,train
CTU-Malware-Capture-Botnet-47,DonBot,C:\Users\Montana\My Code\CSCI611_Montana_Pawek\GNN\packagedData\graphs\CTU-Malware-Capture-Botnet-47\CTU-Malware-Capture-Botnet-47__20110816_113500.pt,CTU-Malware-Capture-Botnet-47\CTU-Malware-Capture-Botnet-47__20110816_113500.pt,data/donbotFamily/CTU-Malware-Capture-Botnet-47/capture20110816.binetflow,2011-08-16T11:35:00,2011-08-16T11:40:00,6754,7241,24,11,6,1,5,6748,train
CTU-Malware-Capture-Botnet-47,DonBot,C:\Users\Montana\My Code\CSCI611_Montana_Pawek\GNN\packagedData\graphs\CTU-Malware-Capture-Botnet-47\CTU-Malware-Capture-Botnet-47__20110816_114000.pt,CTU-Malware-Capture-Botnet-47\CTU-Malware-Capture-Botnet-47__20110816_114000.pt,data/donbotFamily/CTU-Malware-Capture-Botnet-47/capture20110816.binetflow,2011-08-16T11:40:00,2011-08-16T11:45:00,6166,6507,24,11,5,1,4,6161,train
CTU-Malware-Capture-Botnet-47,DonBot,C:\Users\Montana\My Code\CSCI611_Montana_Pawek\GNN\packagedData\graphs\CTU-Malware-Capture-Botnet-47\CTU-Malware-Capture-Botnet-47__20110816_114500.pt,CTU-Malware-Capture-Botnet-47\CTU-Malware-Capture-Botnet-47__20110816_114500.pt,data/donbotFamily/CTU-Malware-Capture-Botnet-47/capture20110816.binetflow,2011-08-16T11:45:00,2011-08-16T11:50:00,6838,7256,24,11,6,1,5,6832,train
CTU-Malware-Capture-Botnet-47,DonBot,C:\Users\Montana\My Code\CSCI611_Montana_Pawek\GNN\packagedData\graphs\CTU-Malware-Capture-Botnet-47\CTU-Malware-Capture-Botnet-47__20110816_115000.pt,CTU-Malware-Capture-Botnet-47\CTU-Malware-Capture-Botnet-47__20110816_115000.pt,data/donbotFamily/CTU-Malware-Capture-Botnet-47/capture20110816.binetflow,2011-08-16T11:50:00,2011-08-16T11:55:00,6429,6850,24,11,7,1,6,6422,train
CTU-Malware-Capture-Botnet-47,DonBot,C:\Users\Montana\My Code\CSCI611_Montana_Pawek\GNN\packagedData\graphs\CTU-Malware-Capture-Botnet-47\CTU-Malware-Capture-Botnet-47__20110816_115500.pt,CTU-Malware-Capture-Botnet-47\CTU-Malware-Capture-Botnet-47__20110816_115500.pt,data/donbotFamily/CTU-Malware-Capture-Botnet-47/capture20110816.binetflow,2011-08-16T11:55:00,2011-08-16T12:00:00,6061,6419,24,11,6,1,5,6055,train
CTU-Malware-Capture-Botnet-47,DonBot,C:\Users\Montana\My Code\CSCI611_Montana_Pawek\GNN\packagedData\graphs\CTU-Malware-Capture-Botnet-47\CTU-Malware-Capture-Botnet-47__20110816_120000.pt,CTU-Malware-Capture-Botnet-47\CTU-Malware-Capture-Botnet-47__20110816_120000.pt,data/donbotFamily/CTU-Malware-Capture-Botnet-47/capture20110816.binetflow,2011-08-16T12:00:00,2011-08-16T12:05:00,6810,7295,24,11,7,1,6,6803,train
CTU-Malware-Capture-Botnet-47,DonBot,C:\Users\Montana\My Code\CSCI611_Montana_Pawek\GNN\packagedData\graphs\CTU-Malware-Capture-Botnet-47\CTU-Malware-Capture-Botnet-47__20110816_120500.pt,CTU-Malware-Capture-Botnet-47\CTU-Malware-Capture-Botnet-47__20110816_120500.pt,data/donbotFamily/CTU-Malware-Capture-Botnet-47/capture20110816.binetflow,2011-08-16T12:05:00,2011-08-16T12:10:00,7192,7740,24,11,7,1,6,7185,train
CTU-Malware-Capture-Botnet-47,DonBot,C:\Users\Montana\My Code\CSCI611_Montana_Pawek\GNN\packagedData\graphs\CTU-Malware-Capture-Botnet-47\CTU-Malware-Capture-Botnet-47__20110816_121000.pt,CTU-Malware-Capture-Botnet-47\CTU-Malware-Capture-Botnet-47__20110816_121000.pt,data/donbotFamily/CTU-Malware-Capture-Botnet-47/capture20110816.binetflow,2011-08-16T12:10:00,2011-08-16T12:15:00,1670,1706,24,11,7,1,6,1663,train
CTU-Malware-Capture-Botnet-50,Neris,C:\Users\Montana\My Code\CSCI611_Montana_Pawek\GNN\packagedData\graphs\CTU-Malware-Capture-Botnet-50\CTU-Malware-Capture-Botnet-50__20110817_120000.pt,CTU-Malware-Capture-Botnet-50\CTU-Malware-Capture-Botnet-50__20110817_120000.pt,data/nerisFamily/CTU-Malware-Capture-Botnet-50/capture20110817.binetflow,2011-08-17T12:00:00,2011-08-17T12:05:00,13662,14914,24,11,6,0,6,13656,train
CTU-Malware-Capture-Botnet-50,Neris,C:\Users\Montana\My Code\CSCI611_Montana_Pawek\GNN\packagedData\graphs\CTU-Malware-Capture-Botnet-50\CTU-Malware-Capture-Botnet-50__20110817_120500.pt,CTU-Malware-Capture-Botnet-50\CTU-Malware-Capture-Botnet-50__20110817_120500.pt,data/nerisFamily/CTU-Malware-Capture-Botnet-50/capture20110817.binetflow,2011-08-17T12:05:00,2011-08-17T12:10:00,14171,15115,24,11,7,1,6,14164,train
CTU-Malware-Capture-Botnet-50,Neris,C:\Users\Montana\My Code\CSCI611_Montana_Pawek\GNN\packagedData\graphs\CTU-Malware-Capture-Botnet-50\CTU-Malware-Capture-Botnet-50__20110817_121000.pt,CTU-Malware-Capture-Botnet-50\CTU-Malware-Capture-Botnet-50__20110817_121000.pt,data/nerisFamily/CTU-Malware-Capture-Botnet-50/capture20110817.binetflow,2011-08-17T12:10:00,2011-08-17T12:15:00,12867,13621,24,11,7,1,6,12860,train
CTU-Malware-Capture-Botnet-50,Neris,C:\Users\Montana\My Code\CSCI611_Montana_Pawek\GNN\packagedData\graphs\CTU-Malware-Capture-Botnet-50\CTU-Malware-Capture-Botnet-50__20110817_121500.pt,CTU-Malware-Capture-Botnet-50\CTU-Malware-Capture-Botnet-50__20110817_121500.pt,data/nerisFamily/CTU-Malware-Capture-Botnet-50/capture20110817.binetflow,2011-08-17T12:15:00,2011-08-17T12:20:00,12568,13283,24,11,6,0,6,12562,train
CTU-Malware-Capture-Botnet-50,Neris,C:\Users\Montana\My Code\CSCI611_Montana_Pawek\GNN\packagedData\graphs\CTU-Malware-Capture-Botnet-50\CTU-Malware-Capture-Botnet-50__20110817_122000.pt,CTU-Malware-Capture-Botnet-50\CTU-Malware-Capture-Botnet-50__20110817_122000.pt,data/nerisFamily/CTU-Malware-Capture-Botnet-50/capture20110817.binetflow,2011-08-17T12:20:00,2011-08-17T12:25:00,11212,11799,24,11,7,1,6,11205,train
CTU-Malware-Capture-Botnet-50,Neris,C:\Users\Montana\My Code\CSCI611_Montana_Pawek\GNN\packagedData\graphs\CTU-Malware-Capture-Botnet-50\CTU-Malware-Capture-Botnet-50__20110817_122500.pt,CTU-Malware-Capture-Botnet-50\CTU-Malware-Capture-Botnet-50__20110817_122500.pt,data/nerisFamily/CTU-Malware-Capture-Botnet-50/capture20110817.binetflow,2011-08-17T12:25:00,2011-08-17T12:30:00,12567,13621,24,11,16,10,6,12551,train
CTU-Malware-Capture-Botnet-50,Neris,C:\Users\Montana\My Code\CSCI611_Montana_Pawek\GNN\packagedData\graphs\CTU-Malware-Capture-Botnet-50\CTU-Malware-Capture-Botnet-50__20110817_123000.pt,CTU-Malware-Capture-Botnet-50\CTU-Malware-Capture-Botnet-50__20110817_123000.pt,data/nerisFamily/CTU-Malware-Capture-Botnet-50/capture20110817.binetflow,2011-08-17T12:30:00,2011-08-17T12:35:00,11767,12434,24,11,11,5,6,11756,train
CTU-Malware-Capture-Botnet-50,Neris,C:\Users\Montana\My Code\CSCI611_Montana_Pawek\GNN\packagedData\graphs\CTU-Malware-Capture-Botnet-50\CTU-Malware-Capture-Botnet-50__20110817_123500.pt,CTU-Malware-Capture-Botnet-50\CTU-Malware-Capture-Botnet-50__20110817_123500.pt,data/nerisFamily/CTU-Malware-Capture-Botnet-50/capture20110817.binetflow,2011-08-17T12:35:00,2011-08-17T12:40:00,10905,11528,24,11,10,4,6,10895,train
CTU-Malware-Capture-Botnet-50,Neris,C:\Users\Montana\My Code\CSCI611_Montana_Pawek\GNN\packagedData\graphs\CTU-Malware-Capture-Botnet-50\CTU-Malware-Capture-Botnet-50__20110817_124000.pt,CTU-Malware-Capture-Botnet-50\CTU-Malware-Capture-Botnet-50__20110817_124000.pt,data/nerisFamily/CTU-Malware-Capture-Botnet-50/capture20110817.binetflow,2011-08-17T12:40:00,2011-08-17T12:45:00,10114,10674,24,11,8,2,6,10106,train
CTU-Malware-Capture-Botnet-50,Neris,C:\Users\Montana\My Code\CSCI611_Montana_Pawek\GNN\packagedData\graphs\CTU-Malware-Capture-Botnet-50\CTU-Malware-Capture-Botnet-50__20110817_124500.pt,CTU-Malware-Capture-Botnet-50\CTU-Malware-Capture-Botnet-50__20110817_124500.pt,data/nerisFamily/CTU-Malware-Capture-Botnet-50/capture20110817.binetflow,2011-08-17T12:45:00,2011-08-17T12:50:00,9603,10098,24,11,6,0,6,9597,train
CTU-Malware-Capture-Botnet-50,Neris,C:\Users\Montana\My Code\CSCI611_Montana_Pawek\GNN\packagedData\graphs\CTU-Malware-Capture-Botnet-50\CTU-Malware-Capture-Botnet-50__20110817_125000.pt,CTU-Malware-Capture-Botnet-50\CTU-Malware-Capture-Botnet-50__20110817_125000.pt,data/nerisFamily/CTU-Malware-Capture-Botnet-50/capture20110817.binetflow,2011-08-17T12:50:00,2011-08-17T12:55:00,10080,10802,24,11,6,0,6,10074,train
CTU-Malware-Capture-Botnet-50,Neris,C:\Users\Montana\My Code\CSCI611_Montana_Pawek\GNN\packagedData\graphs\CTU-Malware-Capture-Botnet-50\CTU-Malware-Capture-Botnet-50__20110817_125500.pt,CTU-Malware-Capture-Botnet-50\CTU-Malware-Capture-Botnet-50__20110817_125500.pt,data/nerisFamily/CTU-Malware-Capture-Botnet-50/capture20110817.binetflow,2011-08-17T12:55:00,2011-08-17T13:00:00,9805,10628,24,11,16,10,6,9789,train
CTU-Malware-Capture-Botnet-50,Neris,C:\Users\Montana\My Code\CSCI611_Montana_Pawek\GNN\packagedData\graphs\CTU-Malware-Capture-Botnet-50\CTU-Malware-Capture-Botnet-50__20110817_130000.pt,CTU-Malware-Capture-Botnet-50\CTU-Malware-Capture-Botnet-50__20110817_130000.pt,data/nerisFamily/CTU-Malware-Capture-Botnet-50/capture20110817.binetflow,2011-08-17T13:00:00,2011-08-17T13:05:00,11604,12481,24,11,16,10,6,11588,train
CTU-Malware-Capture-Botnet-50,Neris,C:\Users\Montana\My Code\CSCI611_Montana_Pawek\GNN\packagedData\graphs\CTU-Malware-Capture-Botnet-50\CTU-Malware-Capture-Botnet-50__20110817_130500.pt,CTU-Malware-Capture-Botnet-50\CTU-Malware-Capture-Botnet-50__20110817_130500.pt,data/nerisFamily/CTU-Malware-Capture-Botnet-50/capture20110817.binetflow,2011-08-17T13:05:00,2011-08-17T13:10:00,11588,12431,24,11,7,1,6,11581,train
CTU-Malware-Capture-Botnet-50,Neris,C:\Users\Montana\My Code\CSCI611_Montana_Pawek\GNN\packagedData\graphs\CTU-Malware-Capture-Botnet-50\CTU-Malware-Capture-Botnet-50__20110817_131000.pt,CTU-Malware-Capture-Botnet-50\CTU-Malware-Capture-Botnet-50__20110817_131000.pt,data/nerisFamily/CTU-Malware-Capture-Botnet-50/capture20110817.binetflow,2011-08-17T13:10:00,2011-08-17T13:15:00,11746,12505,24,11,7,1,6,11739,train
CTU-Malware-Capture-Botnet-50,Neris,C:\Users\Montana\My Code\CSCI611_Montana_Pawek\GNN\packagedData\graphs\CTU-Malware-Capture-Botnet-50\CTU-Malware-Capture-Botnet-50__20110817_131500.pt,CTU-Malware-Capture-Botnet-50\CTU-Malware-Capture-Botnet-50__20110817_131500.pt,data/nerisFamily/CTU-Malware-Capture-Botnet-50/capture20110817.binetflow,2011-08-17T13:15:00,2011-08-17T13:20:00,11035,11678,24,11,7,1,6,11028,train
CTU-Malware-Capture-Botnet-50,Neris,C:\Users\Montana\My Code\CSCI611_Montana_Pawek\GNN\packagedData\graphs\CTU-Malware-Capture-Botnet-50\CTU-Malware-Capture-Botnet-50__20110817_132000.pt,CTU-Malware-Capture-Botnet-50\CTU-Malware-Capture-Botnet-50__20110817_132000.pt,data/nerisFamily/CTU-Malware-Capture-Botnet-50/capture20110817.binetflow,2011-08-17T13:20:00,2011-08-17T13:25:00,11831,12711,24,11,16,10,6,11815,train
CTU-Malware-Capture-Botnet-50,Neris,C:\Users\Montana\My Code\CSCI611_Montana_Pawek\GNN\packagedData\graphs\CTU-Malware-Capture-Botnet-50\CTU-Malware-Capture-Botnet-50__20110817_132500.pt,CTU-Malware-Capture-Botnet-50\CTU-Malware-Capture-Botnet-50__20110817_132500.pt,data/nerisFamily/CTU-Malware-Capture-Botnet-50/capture20110817.binetflow,2011-08-17T13:25:00,2011-08-17T13:30:00,11327,11940,24,11,6,0,6,11321,train
CTU-Malware-Capture-Botnet-50,Neris,C:\Users\Montana\My Code\CSCI611_Montana_Pawek\GNN\packagedData\graphs\CTU-Malware-Capture-Botnet-50\CTU-Malware-Capture-Botnet-50__20110817_133000.pt,CTU-Malware-Capture-Botnet-50\CTU-Malware-Capture-Botnet-50__20110817_133000.pt,data/nerisFamily/CTU-Malware-Capture-Botnet-50/capture20110817.binetflow,2011-08-17T13:30:00,2011-08-17T13:35:00,11320,11979,24,11,8,2,6,11312,train
CTU-Malware-Capture-Botnet-50,Neris,C:\Users\Montana\My Code\CSCI611_Montana_Pawek\GNN\packagedData\graphs\CTU-Malware-Capture-Botnet-50\CTU-Malware-Capture-Botnet-50__20110817_133500.pt,CTU-Malware-Capture-Botnet-50\CTU-Malware-Capture-Botnet-50__20110817_133500.pt,data/nerisFamily/CTU-Malware-Capture-Botnet-50/capture20110817.binetflow,2011-08-17T13:35:00,2011-08-17T13:40:00,11913,12592,24,11,5,0,5,11908,train
CTU-Malware-Capture-Botnet-50,Neris,C:\Users\Montana\My Code\CSCI611_Montana_Pawek\GNN\packagedData\graphs\CTU-Malware-Capture-Botnet-50\CTU-Malware-Capture-Botnet-50__20110817_134000.pt,CTU-Malware-Capture-Botnet-50\CTU-Malware-Capture-Botnet-50__20110817_134000.pt,data/nerisFamily/CTU-Malware-Capture-Botnet-50/capture20110817.binetflow,2011-08-17T13:40:00,2011-08-17T13:45:00,12275,12877,24,11,15,10,5,12260,train
CTU-Malware-Capture-Botnet-50,Neris,C:\Users\Montana\My Code\CSCI611_Montana_Pawek\GNN\packagedData\graphs\CTU-Malware-Capture-Botnet-50\CTU-Malware-Capture-Botnet-50__20110817_134500.pt,CTU-Malware-Capture-Botnet-50\CTU-Malware-Capture-Botnet-50__20110817_134500.pt,data/nerisFamily/CTU-Malware-Capture-Botnet-50/capture20110817.binetflow,2011-08-17T13:45:00,2011-08-17T13:50:00,11788,12402,24,11,6,1,5,11782,train
CTU-Malware-Capture-Botnet-50,Neris,C:\Users\Montana\My Code\CSCI611_Montana_Pawek\GNN\packagedData\graphs\CTU-Malware-Capture-Botnet-50\CTU-Malware-Capture-Botnet-50__20110817_135000.pt,CTU-Malware-Capture-Botnet-50\CTU-Malware-Capture-Botnet-50__20110817_135000.pt,data/nerisFamily/CTU-Malware-Capture-Botnet-50/capture20110817.binetflow,2011-08-17T13:50:00,2011-08-17T13:55:00,11652,12212,24,11,6,0,6,11646,train
CTU-Malware-Capture-Botnet-50,Neris,C:\Users\Montana\My Code\CSCI611_Montana_Pawek\GNN\packagedData\graphs\CTU-Malware-Capture-Botnet-50\CTU-Malware-Capture-Botnet-50__20110817_135500.pt,CTU-Malware-Capture-Botnet-50\CTU-Malware-Capture-Botnet-50__20110817_135500.pt,data/nerisFamily/CTU-Malware-Capture-Botnet-50/capture20110817.binetflow,2011-08-17T13:55:00,2011-08-17T14:00:00,12349,13005,24,11,5,0,5,12344,train
CTU-Malware-Capture-Botnet-50,Neris,C:\Users\Montana\My Code\CSCI611_Montana_Pawek\GNN\packagedData\graphs\CTU-Malware-Capture-Botnet-50\CTU-Malware-Capture-Botnet-50__20110817_140000.pt,CTU-Malware-Capture-Botnet-50\CTU-Malware-Capture-Botnet-50__20110817_140000.pt,data/nerisFamily/CTU-Malware-Capture-Botnet-50/capture20110817.binetflow,2011-08-17T14:00:00,2011-08-17T14:05:00,12630,13411,24,11,6,0,6,12624,train
CTU-Malware-Capture-Botnet-50,Neris,C:\Users\Montana\My Code\CSCI611_Montana_Pawek\GNN\packagedData\graphs\CTU-Malware-Capture-Botnet-50\CTU-Malware-Capture-Botnet-50__20110817_140500.pt,CTU-Malware-Capture-Botnet-50\CTU-Malware-Capture-Botnet-50__20110817_140500.pt,data/nerisFamily/CTU-Malware-Capture-Botnet-50/capture20110817.binetflow,2011-08-17T14:05:00,2011-08-17T14:10:00,12300,12971,24,11,6,1,5,12294,train
CTU-Malware-Capture-Botnet-50,Neris,C:\Users\Montana\My Code\CSCI611_Montana_Pawek\GNN\packagedData\graphs\CTU-Malware-Capture-Botnet-50\CTU-Malware-Capture-Botnet-50__20110817_141000.pt,CTU-Malware-Capture-Botnet-50\CTU-Malware-Capture-Botnet-50__20110817_141000.pt,data/nerisFamily/CTU-Malware-Capture-Botnet-50/capture20110817.binetflow,2011-08-17T14:10:00,2011-08-17T14:15:00,13431,14082,24,11,6,1,5,13425,train
CTU-Malware-Capture-Botnet-50,Neris,C:\Users\Montana\My Code\CSCI611_Montana_Pawek\GNN\packagedData\graphs\CTU-Malware-Capture-Botnet-50\CTU-Malware-Capture-Botnet-50__20110817_141500.pt,CTU-Malware-Capture-Botnet-50\CTU-Malware-Capture-Botnet-50__20110817_141500.pt,data/nerisFamily/CTU-Malware-Capture-Botnet-50/capture20110817.binetflow,2011-08-17T14:15:00,2011-08-17T14:20:00,12988,13744,24,11,7,1,6,12981,train
CTU-Malware-Capture-Botnet-50,Neris,C:\Users\Montana\My Code\CSCI611_Montana_Pawek\GNN\packagedData\graphs\CTU-Malware-Capture-Botnet-50\CTU-Malware-Capture-Botnet-50__20110817_142000.pt,CTU-Malware-Capture-Botnet-50\CTU-Malware-Capture-Botnet-50__20110817_142000.pt,data/nerisFamily/CTU-Malware-Capture-Botnet-50/capture20110817.binetflow,2011-08-17T14:20:00,2011-08-17T14:25:00,13442,14158,24,11,9,3,6,13433,train
CTU-Malware-Capture-Botnet-50,Neris,C:\Users\Montana\My Code\CSCI611_Montana_Pawek\GNN\packagedData\graphs\CTU-Malware-Capture-Botnet-50\CTU-Malware-Capture-Botnet-50__20110817_142500.pt,CTU-Malware-Capture-Botnet-50\CTU-Malware-Capture-Botnet-50__20110817_142500.pt,data/nerisFamily/CTU-Malware-Capture-Botnet-50/capture20110817.binetflow,2011-08-17T14:25:00,2011-08-17T14:30:00,12707,13315,24,11,8,2,6,12699,train
CTU-Malware-Capture-Botnet-50,Neris,C:\Users\Montana\My Code\CSCI611_Montana_Pawek\GNN\packagedData\graphs\CTU-Malware-Capture-Botnet-50\CTU-Malware-Capture-Botnet-50__20110817_143000.pt,CTU-Malware-Capture-Botnet-50\CTU-Malware-Capture-Botnet-50__20110817_143000.pt,data/nerisFamily/CTU-Malware-Capture-Botnet-50/capture20110817.binetflow,2011-08-17T14:30:00,2011-08-17T14:35:00,12786,13443,24,11,8,2,6,12778,train
CTU-Malware-Capture-Botnet-50,Neris,C:\Users\Montana\My Code\CSCI611_Montana_Pawek\GNN\packagedData\graphs\CTU-Malware-Capture-Botnet-50\CTU-Malware-Capture-Botnet-50__20110817_143500.pt,CTU-Malware-Capture-Botnet-50\CTU-Malware-Capture-Botnet-50__20110817_143500.pt,data/nerisFamily/CTU-Malware-Capture-Botnet-50/capture20110817.binetflow,2011-08-17T14:35:00,2011-08-17T14:40:00,14209,15132,24,11,15,9,6,14194,train
CTU-Malware-Capture-Botnet-50,Neris,C:\Users\Montana\My Code\CSCI611_Montana_Pawek\GNN\packagedData\graphs\CTU-Malware-Capture-Botnet-50\CTU-Malware-Capture-Botnet-50__20110817_144000.pt,CTU-Malware-Capture-Botnet-50\CTU-Malware-Capture-Botnet-50__20110817_144000.pt,data/nerisFamily/CTU-Malware-Capture-Botnet-50/capture20110817.binetflow,2011-08-17T14:40:00,2011-08-17T14:45:00,13509,14456,24,11,16,10,6,13493,train
CTU-Malware-Capture-Botnet-50,Neris,C:\Users\Montana\My Code\CSCI611_Montana_Pawek\GNN\packagedData\graphs\CTU-Malware-Capture-Botnet-50\CTU-Malware-Capture-Botnet-50__20110817_144500.pt,CTU-Malware-Capture-Botnet-50\CTU-Malware-Capture-Botnet-50__20110817_144500.pt,data/nerisFamily/CTU-Malware-Capture-Botnet-50/capture20110817.binetflow,2011-08-17T14:45:00,2011-08-17T14:50:00,13247,13978,24,11,11,4,7,13236,train
CTU-Malware-Capture-Botnet-50,Neris,C:\Users\Montana\My Code\CSCI611_Montana_Pawek\GNN\packagedData\graphs\CTU-Malware-Capture-Botnet-50\CTU-Malware-Capture-Botnet-50__20110817_145000.pt,CTU-Malware-Capture-Botnet-50\CTU-Malware-Capture-Botnet-50__20110817_145000.pt,data/nerisFamily/CTU-Malware-Capture-Botnet-50/capture20110817.binetflow,2011-08-17T14:50:00,2011-08-17T14:55:00,12495,13234,24,11,16,10,6,12479,train
CTU-Malware-Capture-Botnet-50,Neris,C:\Users\Montana\My Code\CSCI611_Montana_Pawek\GNN\packagedData\graphs\CTU-Malware-Capture-Botnet-50\CTU-Malware-Capture-Botnet-50__20110817_145500.pt,CTU-Malware-Capture-Botnet-50\CTU-Malware-Capture-Botnet-50__20110817_145500.pt,data/nerisFamily/CTU-Malware-Capture-Botnet-50/capture20110817.binetflow,2011-08-17T14:55:00,2011-08-17T15:00:00,13472,14334,24,11,15,10,5,13457,train
CTU-Malware-Capture-Botnet-50,Neris,C:\Users\Montana\My Code\CSCI611_Montana_Pawek\GNN\packagedData\graphs\CTU-Malware-Capture-Botnet-50\CTU-Malware-Capture-Botnet-50__20110817_150000.pt,CTU-Malware-Capture-Botnet-50\CTU-Malware-Capture-Botnet-50__20110817_150000.pt,data/nerisFamily/CTU-Malware-Capture-Botnet-50/capture20110817.binetflow,2011-08-17T15:00:00,2011-08-17T15:05:00,14641,15839,24,11,15,9,6,14626,train
CTU-Malware-Capture-Botnet-50,Neris,C:\Users\Montana\My Code\CSCI611_Montana_Pawek\GNN\packagedData\graphs\CTU-Malware-Capture-Botnet-50\CTU-Malware-Capture-Botnet-50__20110817_150500.pt,CTU-Malware-Capture-Botnet-50\CTU-Malware-Capture-Botnet-50__20110817_150500.pt,data/nerisFamily/CTU-Malware-Capture-Botnet-50/capture20110817.binetflow,2011-08-17T15:05:00,2011-08-17T15:10:00,15306,16451,24,11,15,10,5,15291,train
CTU-Malware-Capture-Botnet-50,Neris,C:\Users\Montana\My Code\CSCI611_Montana_Pawek\GNN\packagedData\graphs\CTU-Malware-Capture-Botnet-50\CTU-Malware-Capture-Botnet-50__20110817_151000.pt,CTU-Malware-Capture-Botnet-50\CTU-Malware-Capture-Botnet-50__20110817_151000.pt,data/nerisFamily/CTU-Malware-Capture-Botnet-50/capture20110817.binetflow,2011-08-17T15:10:00,2011-08-17T15:15:00,15131,16318,24,11,15,10,5,15116,train
CTU-Malware-Capture-Botnet-50,Neris,C:\Users\Montana\My Code\CSCI611_Montana_Pawek\GNN\packagedData\graphs\CTU-Malware-Capture-Botnet-50\CTU-Malware-Capture-Botnet-50__20110817_151500.pt,CTU-Malware-Capture-Botnet-50\CTU-Malware-Capture-Botnet-50__20110817_151500.pt,data/nerisFamily/CTU-Malware-Capture-Botnet-50/capture20110817.binetflow,2011-08-17T15:15:00,2011-08-17T15:20:00,15438,16668,24,11,16,10,6,15422,train
CTU-Malware-Capture-Botnet-50,Neris,C:\Users\Montana\My Code\CSCI611_Montana_Pawek\GNN\packagedData\graphs\CTU-Malware-Capture-Botnet-50\CTU-Malware-Capture-Botnet-50__20110817_152000.pt,CTU-Malware-Capture-Botnet-50\CTU-Malware-Capture-Botnet-50__20110817_152000.pt,data/nerisFamily/CTU-Malware-Capture-Botnet-50/capture20110817.binetflow,2011-08-17T15:20:00,2011-08-17T15:25:00,15178,16479,24,11,16,10,6,15162,train
CTU-Malware-Capture-Botnet-50,Neris,C:\Users\Montana\My Code\CSCI611_Montana_Pawek\GNN\packagedData\graphs\CTU-Malware-Capture-Botnet-50\CTU-Malware-Capture-Botnet-50__20110817_152500.pt,CTU-Malware-Capture-Botnet-50\CTU-Malware-Capture-Botnet-50__20110817_152500.pt,data/nerisFamily/CTU-Malware-Capture-Botnet-50/capture20110817.binetflow,2011-08-17T15:25:00,2011-08-17T15:30:00,15174,16467,24,11,16,10,6,15158,train
CTU-Malware-Capture-Botnet-50,Neris,C:\Users\Montana\My Code\CSCI611_Montana_Pawek\GNN\packagedData\graphs\CTU-Malware-Capture-Botnet-50\CTU-Malware-Capture-Botnet-50__20110817_153000.pt,CTU-Malware-Capture-Botnet-50\CTU-Malware-Capture-Botnet-50__20110817_153000.pt,data/nerisFamily/CTU-Malware-Capture-Botnet-50/capture20110817.binetflow,2011-08-17T15:30:00,2011-08-17T15:35:00,15260,16471,24,11,16,10,6,15244,train
CTU-Malware-Capture-Botnet-50,Neris,C:\Users\Montana\My Code\CSCI611_Montana_Pawek\GNN\packagedData\graphs\CTU-Malware-Capture-Botnet-50\CTU-Malware-Capture-Botnet-50__20110817_153500.pt,CTU-Malware-Capture-Botnet-50\CTU-Malware-Capture-Botnet-50__20110817_153500.pt,data/nerisFamily/CTU-Malware-Capture-Botnet-50/capture20110817.binetflow,2011-08-17T15:35:00,2011-08-17T15:40:00,15358,16478,24,11,16,10,6,15342,train
CTU-Malware-Capture-Botnet-50,Neris,C:\Users\Montana\My Code\CSCI611_Montana_Pawek\GNN\packagedData\graphs\CTU-Malware-Capture-Botnet-50\CTU-Malware-Capture-Botnet-50__20110817_154000.pt,CTU-Malware-Capture-Botnet-50\CTU-Malware-Capture-Botnet-50__20110817_154000.pt,data/nerisFamily/CTU-Malware-Capture-Botnet-50/capture20110817.binetflow,2011-08-17T15:40:00,2011-08-17T15:45:00,14923,16008,24,11,15,10,5,14908,train
CTU-Malware-Capture-Botnet-50,Neris,C:\Users\Montana\My Code\CSCI611_Montana_Pawek\GNN\packagedData\graphs\CTU-Malware-Capture-Botnet-50\CTU-Malware-Capture-Botnet-50__20110817_154500.pt,CTU-Malware-Capture-Botnet-50\CTU-Malware-Capture-Botnet-50__20110817_154500.pt,data/nerisFamily/CTU-Malware-Capture-Botnet-50/capture20110817.binetflow,2011-08-17T15:45:00,2011-08-17T15:50:00,15354,16571,24,11,16,10,6,15338,train
CTU-Malware-Capture-Botnet-50,Neris,C:\Users\Montana\My Code\CSCI611_Montana_Pawek\GNN\packagedData\graphs\CTU-Malware-Capture-Botnet-50\CTU-Malware-Capture-Botnet-50__20110817_155000.pt,CTU-Malware-Capture-Botnet-50\CTU-Malware-Capture-Botnet-50__20110817_155000.pt,data/nerisFamily/CTU-Malware-Capture-Botnet-50/capture20110817.binetflow,2011-08-17T15:50:00,2011-08-17T15:55:00,15177,16448,24,11,16,10,6,15161,train
CTU-Malware-Capture-Botnet-50,Neris,C:\Users\Montana\My Code\CSCI611_Montana_Pawek\GNN\packagedData\graphs\CTU-Malware-Capture-Botnet-50\CTU-Malware-Capture-Botnet-50__20110817_155500.pt,CTU-Malware-Capture-Botnet-50\CTU-Malware-Capture-Botnet-50__20110817_155500.pt,data/nerisFamily/CTU-Malware-Capture-Botnet-50/capture20110817.binetflow,2011-08-17T15:55:00,2011-08-17T16:00:00,14607,15774,24,11,16,10,6,14591,train
CTU-Malware-Capture-Botnet-50,Neris,C:\Users\Montana\My Code\CSCI611_Montana_Pawek\GNN\packagedData\graphs\CTU-Malware-Capture-Botnet-50\CTU-Malware-Capture-Botnet-50__20110817_160000.pt,CTU-Malware-Capture-Botnet-50\CTU-Malware-Capture-Botnet-50__20110817_160000.pt,data/nerisFamily/CTU-Malware-Capture-Botnet-50/capture20110817.binetflow,2011-08-17T16:00:00,2011-08-17T16:05:00,15127,16356,24,11,16,10,6,15111,train
CTU-Malware-Capture-Botnet-50,Neris,C:\Users\Montana\My Code\CSCI611_Montana_Pawek\GNN\packagedData\graphs\CTU-Malware-Capture-Botnet-50\CTU-Malware-Capture-Botnet-50__20110817_160500.pt,CTU-Malware-Capture-Botnet-50\CTU-Malware-Capture-Botnet-50__20110817_160500.pt,data/nerisFamily/CTU-Malware-Capture-Botnet-50/capture20110817.binetflow,2011-08-17T16:05:00,2011-08-17T16:10:00,14750,16036,24,11,16,10,6,14734,train
CTU-Malware-Capture-Botnet-50,Neris,C:\Users\Montana\My Code\CSCI611_Montana_Pawek\GNN\packagedData\graphs\CTU-Malware-Capture-Botnet-50\CTU-Malware-Capture-Botnet-50__20110817_161000.pt,CTU-Malware-Capture-Botnet-50\CTU-Malware-Capture-Botnet-50__20110817_161000.pt,data/nerisFamily/CTU-Malware-Capture-Botnet-50/capture20110817.binetflow,2011-08-17T16:10:00,2011-08-17T16:15:00,14479,15870,24,11,15,10,5,14464,train
CTU-Malware-Capture-Botnet-50,Neris,C:\Users\Montana\My Code\CSCI611_Montana_Pawek\GNN\packagedData\graphs\CTU-Malware-Capture-Botnet-50\CTU-Malware-Capture-Botnet-50__20110817_161500.pt,CTU-Malware-Capture-Botnet-50\CTU-Malware-Capture-Botnet-50__20110817_161500.pt,data/nerisFamily/CTU-Malware-Capture-Botnet-50/capture20110817.binetflow,2011-08-17T16:15:00,2011-08-17T16:20:00,14647,15917,24,11,16,10,6,14631,train
CTU-Malware-Capture-Botnet-50,Neris,C:\Users\Montana\My Code\CSCI611_Montana_Pawek\GNN\packagedData\graphs\CTU-Malware-Capture-Botnet-50\CTU-Malware-Capture-Botnet-50__20110817_162000.pt,CTU-Malware-Capture-Botnet-50\CTU-Malware-Capture-Botnet-50__20110817_162000.pt,data/nerisFamily/CTU-Malware-Capture-Botnet-50/capture20110817.binetflow,2011-08-17T16:20:00,2011-08-17T16:25:00,15849,17298,24,11,16,10,6,15833,train
CTU-Malware-Capture-Botnet-50,Neris,C:\Users\Montana\My Code\CSCI611_Montana_Pawek\GNN\packagedData\graphs\CTU-Malware-Capture-Botnet-50\CTU-Malware-Capture-Botnet-50__20110817_162500.pt,CTU-Malware-Capture-Botnet-50\CTU-Malware-Capture-Botnet-50__20110817_162500.pt,data/nerisFamily/CTU-Malware-Capture-Botnet-50/capture20110817.binetflow,2011-08-17T16:25:00,2011-08-17T16:30:00,13308,14502,24,11,16,10,6,13292,train
CTU-Malware-Capture-Botnet-50,Neris,C:\Users\Montana\My Code\CSCI611_Montana_Pawek\GNN\packagedData\graphs\CTU-Malware-Capture-Botnet-50\CTU-Malware-Capture-Botnet-50__20110817_163000.pt,CTU-Malware-Capture-Botnet-50\CTU-Malware-Capture-Botnet-50__20110817_163000.pt,data/nerisFamily/CTU-Malware-Capture-Botnet-50/capture20110817.binetflow,2011-08-17T16:30:00,2011-08-17T16:35:00,12657,13674,24,11,16,10,6,12641,train
CTU-Malware-Capture-Botnet-50,Neris,C:\Users\Montana\My Code\CSCI611_Montana_Pawek\GNN\packagedData\graphs\CTU-Malware-Capture-Botnet-50\CTU-Malware-Capture-Botnet-50__20110817_163500.pt,CTU-Malware-Capture-Botnet-50\CTU-Malware-Capture-Botnet-50__20110817_163500.pt,data/nerisFamily/CTU-Malware-Capture-Botnet-50/capture20110817.binetflow,2011-08-17T16:35:00,2011-08-17T16:40:00,12322,13424,24,11,16,10,6,12306,train
CTU-Malware-Capture-Botnet-50,Neris,C:\Users\Montana\My Code\CSCI611_Montana_Pawek\GNN\packagedData\graphs\CTU-Malware-Capture-Botnet-50\CTU-Malware-Capture-Botnet-50__20110817_164000.pt,CTU-Malware-Capture-Botnet-50\CTU-Malware-Capture-Botnet-50__20110817_164000.pt,data/nerisFamily/CTU-Malware-Capture-Botnet-50/capture20110817.binetflow,2011-08-17T16:40:00,2011-08-17T16:45:00,12643,13754,24,11,16,10,6,12627,train
CTU-Malware-Capture-Botnet-50,Neris,C:\Users\Montana\My Code\CSCI611_Montana_Pawek\GNN\packagedData\graphs\CTU-Malware-Capture-Botnet-50\CTU-Malware-Capture-Botnet-50__20110817_164500.pt,CTU-Malware-Capture-Botnet-50\CTU-Malware-Capture-Botnet-50__20110817_164500.pt,data/nerisFamily/CTU-Malware-Capture-Botnet-50/capture20110817.binetflow,2011-08-17T16:45:00,2011-08-17T16:50:00,12422,13545,24,11,16,10,6,12406,train
CTU-Malware-Capture-Botnet-50,Neris,C:\Users\Montana\My Code\CSCI611_Montana_Pawek\GNN\packagedData\graphs\CTU-Malware-Capture-Botnet-50\CTU-Malware-Capture-Botnet-50__20110817_165000.pt,CTU-Malware-Capture-Botnet-50\CTU-Malware-Capture-Botnet-50__20110817_165000.pt,data/nerisFamily/CTU-Malware-Capture-Botnet-50/capture20110817.binetflow,2011-08-17T16:50:00,2011-08-17T16:55:00,11697,12812,24,11,16,10,6,11681,train
CTU-Malware-Capture-Botnet-50,Neris,C:\Users\Montana\My Code\CSCI611_Montana_Pawek\GNN\packagedData\graphs\CTU-Malware-Capture-Botnet-50\CTU-Malware-Capture-Botnet-50__20110817_165500.pt,CTU-Malware-Capture-Botnet-50\CTU-Malware-Capture-Botnet-50__20110817_165500.pt,data/nerisFamily/CTU-Malware-Capture-Botnet-50/capture20110817.binetflow,2011-08-17T16:55:00,2011-08-17T17:00:00,11433,12588,24,11,16,10,6,11417,train
CTU-Malware-Capture-Botnet-50,Neris,C:\Users\Montana\My Code\CSCI611_Montana_Pawek\GNN\packagedData\graphs\CTU-Malware-Capture-Botnet-50\CTU-Malware-Capture-Botnet-50__20110817_170000.pt,CTU-Malware-Capture-Botnet-50\CTU-Malware-Capture-Botnet-50__20110817_170000.pt,data/nerisFamily/CTU-Malware-Capture-Botnet-50/capture20110817.binetflow,2011-08-17T17:00:00,2011-08-17T17:05:00,11402,12469,24,11,16,10,6,11386,train
CTU-Malware-Capture-Botnet-50,Neris,C:\Users\Montana\My Code\CSCI611_Montana_Pawek\GNN\packagedData\graphs\CTU-Malware-Capture-Botnet-50\CTU-Malware-Capture-Botnet-50__20110817_170500.pt,CTU-Malware-Capture-Botnet-50\CTU-Malware-Capture-Botnet-50__20110817_170500.pt,data/nerisFamily/CTU-Malware-Capture-Botnet-50/capture20110817.binetflow,2011-08-17T17:05:00,2011-08-17T17:10:00,10410,11174,24,11,15,10,5,10395,train
CTU-Malware-Capture-Botnet-50,Neris,C:\Users\Montana\My Code\CSCI611_Montana_Pawek\GNN\packagedData\graphs\CTU-Malware-Capture-Botnet-50\CTU-Malware-Capture-Botnet-50__20110817_171000.pt,CTU-Malware-Capture-Botnet-50\CTU-Malware-Capture-Botnet-50__20110817_171000.pt,data/nerisFamily/CTU-Malware-Capture-Botnet-50/capture20110817.binetflow,2011-08-17T17:10:00,2011-08-17T17:15:00,4317,4456,24,11,8,3,5,4309,train
CTU-Malware-Capture-Botnet-51,Rbot,C:\Users\Montana\My Code\CSCI611_Montana_Pawek\GNN\packagedData\graphs\CTU-Malware-Capture-Botnet-51\CTU-Malware-Capture-Botnet-51__20110818_101500.pt,CTU-Malware-Capture-Botnet-51\CTU-Malware-Capture-Botnet-51__20110818_101500.pt,data/rbotFamily/CTU-Malware-Capture-Botnet-51/capture20110818.binetflow,2011-08-18T10:15:00,2011-08-18T10:20:00,2697,2962,24,11,6,0,6,2691,train
CTU-Malware-Capture-Botnet-51,Rbot,C:\Users\Montana\My Code\CSCI611_Montana_Pawek\GNN\packagedData\graphs\CTU-Malware-Capture-Botnet-51\CTU-Malware-Capture-Botnet-51__20110818_102000.pt,CTU-Malware-Capture-Botnet-51\CTU-Malware-Capture-Botnet-51__20110818_102000.pt,data/rbotFamily/CTU-Malware-Capture-Botnet-51/capture20110818.binetflow,2011-08-18T10:20:00,2011-08-18T10:25:00,10233,11338,24,11,7,1,6,10226,train
CTU-Malware-Capture-Botnet-51,Rbot,C:\Users\Montana\My Code\CSCI611_Montana_Pawek\GNN\packagedData\graphs\CTU-Malware-Capture-Botnet-51\CTU-Malware-Capture-Botnet-51__20110818_102500.pt,CTU-Malware-Capture-Botnet-51\CTU-Malware-Capture-Botnet-51__20110818_102500.pt,data/rbotFamily/CTU-Malware-Capture-Botnet-51/capture20110818.binetflow,2011-08-18T10:25:00,2011-08-18T10:30:00,9337,10117,24,11,6,0,6,9331,train
CTU-Malware-Capture-Botnet-51,Rbot,C:\Users\Montana\My Code\CSCI611_Montana_Pawek\GNN\packagedData\graphs\CTU-Malware-Capture-Botnet-51\CTU-Malware-Capture-Botnet-51__20110818_103000.pt,CTU-Malware-Capture-Botnet-51\CTU-Malware-Capture-Botnet-51__20110818_103000.pt,data/rbotFamily/CTU-Malware-Capture-Botnet-51/capture20110818.binetflow,2011-08-18T10:30:00,2011-08-18T10:35:00,8076,8787,24,11,6,0,6,8070,train
CTU-Malware-Capture-Botnet-51,Rbot,C:\Users\Montana\My Code\CSCI611_Montana_Pawek\GNN\packagedData\graphs\CTU-Malware-Capture-Botnet-51\CTU-Malware-Capture-Botnet-51__20110818_103500.pt,CTU-Malware-Capture-Botnet-51\CTU-Malware-Capture-Botnet-51__20110818_103500.pt,data/rbotFamily/CTU-Malware-Capture-Botnet-51/capture20110818.binetflow,2011-08-18T10:35:00,2011-08-18T10:40:00,7732,8373,24,11,7,2,5,7725,train
CTU-Malware-Capture-Botnet-51,Rbot,C:\Users\Montana\My Code\CSCI611_Montana_Pawek\GNN\packagedData\graphs\CTU-Malware-Capture-Botnet-51\CTU-Malware-Capture-Botnet-51__20110818_104000.pt,CTU-Malware-Capture-Botnet-51\CTU-Malware-Capture-Botnet-51__20110818_104000.pt,data/rbotFamily/CTU-Malware-Capture-Botnet-51/capture20110818.binetflow,2011-08-18T10:40:00,2011-08-18T10:45:00,7775,8442,24,11,7,2,5,7768,train
CTU-Malware-Capture-Botnet-51,Rbot,C:\Users\Montana\My Code\CSCI611_Montana_Pawek\GNN\packagedData\graphs\CTU-Malware-Capture-Botnet-51\CTU-Malware-Capture-Botnet-51__20110818_104500.pt,CTU-Malware-Capture-Botnet-51\CTU-Malware-Capture-Botnet-51__20110818_104500.pt,data/rbotFamily/CTU-Malware-Capture-Botnet-51/capture20110818.binetflow,2011-08-18T10:45:00,2011-08-18T10:50:00,7385,8021,24,11,7,2,5,7378,train
CTU-Malware-Capture-Botnet-51,Rbot,C:\Users\Montana\My Code\CSCI611_Montana_Pawek\GNN\packagedData\graphs\CTU-Malware-Capture-Botnet-51\CTU-Malware-Capture-Botnet-51__20110818_105000.pt,CTU-Malware-Capture-Botnet-51\CTU-Malware-Capture-Botnet-51__20110818_105000.pt,data/rbotFamily/CTU-Malware-Capture-Botnet-51/capture20110818.binetflow,2011-08-18T10:50:00,2011-08-18T10:55:00,7025,7585,24,11,5,0,5,7020,train
CTU-Malware-Capture-Botnet-51,Rbot,C:\Users\Montana\My Code\CSCI611_Montana_Pawek\GNN\packagedData\graphs\CTU-Malware-Capture-Botnet-51\CTU-Malware-Capture-Botnet-51__20110818_105500.pt,CTU-Malware-Capture-Botnet-51\CTU-Malware-Capture-Botnet-51__20110818_105500.pt,data/rbotFamily/CTU-Malware-Capture-Botnet-51/capture20110818.binetflow,2011-08-18T10:55:00,2011-08-18T11:00:00,6463,7014,24,11,10,5,5,6453,train
CTU-Malware-Capture-Botnet-51,Rbot,C:\Users\Montana\My Code\CSCI611_Montana_Pawek\GNN\packagedData\graphs\CTU-Malware-Capture-Botnet-51\CTU-Malware-Capture-Botnet-51__20110818_110000.pt,CTU-Malware-Capture-Botnet-51\CTU-Malware-Capture-Botnet-51__20110818_110000.pt,data/rbotFamily/CTU-Malware-Capture-Botnet-51/capture20110818.binetflow,2011-08-18T11:00:00,2011-08-18T11:05:00,6340,6915,24,11,10,4,6,6330,train
CTU-Malware-Capture-Botnet-51,Rbot,C:\Users\Montana\My Code\CSCI611_Montana_Pawek\GNN\packagedData\graphs\CTU-Malware-Capture-Botnet-51\CTU-Malware-Capture-Botnet-51__20110818_110500.pt,CTU-Malware-Capture-Botnet-51\CTU-Malware-Capture-Botnet-51__20110818_110500.pt,data/rbotFamily/CTU-Malware-Capture-Botnet-51/capture20110818.binetflow,2011-08-18T11:05:00,2011-08-18T11:10:00,6798,7313,24,11,12,7,5,6786,train
CTU-Malware-Capture-Botnet-51,Rbot,C:\Users\Montana\My Code\CSCI611_Montana_Pawek\GNN\packagedData\graphs\CTU-Malware-Capture-Botnet-51\CTU-Malware-Capture-Botnet-51__20110818_111000.pt,CTU-Malware-Capture-Botnet-51\CTU-Malware-Capture-Botnet-51__20110818_111000.pt,data/rbotFamily/CTU-Malware-Capture-Botnet-51/capture20110818.binetflow,2011-08-18T11:10:00,2011-08-18T11:15:00,6089,6675,24,11,6,1,5,6083,train
CTU-Malware-Capture-Botnet-51,Rbot,C:\Users\Montana\My Code\CSCI611_Montana_Pawek\GNN\packagedData\graphs\CTU-Malware-Capture-Botnet-51\CTU-Malware-Capture-Botnet-51__20110818_111500.pt,CTU-Malware-Capture-Botnet-51\CTU-Malware-Capture-Botnet-51__20110818_111500.pt,data/rbotFamily/CTU-Malware-Capture-Botnet-51/capture20110818.binetflow,2011-08-18T11:15:00,2011-08-18T11:20:00,5409,5907,24,11,7,1,6,5402,train
CTU-Malware-Capture-Botnet-51,Rbot,C:\Users\Montana\My Code\CSCI611_Montana_Pawek\GNN\packagedData\graphs\CTU-Malware-Capture-Botnet-51\CTU-Malware-Capture-Botnet-51__20110818_112000.pt,CTU-Malware-Capture-Botnet-51\CTU-Malware-Capture-Botnet-51__20110818_112000.pt,data/rbotFamily/CTU-Malware-Capture-Botnet-51/capture20110818.binetflow,2011-08-18T11:20:00,2011-08-18T11:25:00,7285,7927,24,11,14,8,6,7271,train
CTU-Malware-Capture-Botnet-51,Rbot,C:\Users\Montana\My Code\CSCI611_Montana_Pawek\GNN\packagedData\graphs\CTU-Malware-Capture-Botnet-51\CTU-Malware-Capture-Botnet-51__20110818_112500.pt,CTU-Malware-Capture-Botnet-51\CTU-Malware-Capture-Botnet-51__20110818_112500.pt,data/rbotFamily/CTU-Malware-Capture-Botnet-51/capture20110818.binetflow,2011-08-18T11:25:00,2011-08-18T11:30:00,7650,8269,24,11,7,1,6,7643,train
CTU-Malware-Capture-Botnet-51,Rbot,C:\Users\Montana\My Code\CSCI611_Montana_Pawek\GNN\packagedData\graphs\CTU-Malware-Capture-Botnet-51\CTU-Malware-Capture-Botnet-51__20110818_113000.pt,CTU-Malware-Capture-Botnet-51\CTU-Malware-Capture-Botnet-51__20110818_113000.pt,data/rbotFamily/CTU-Malware-Capture-Botnet-51/capture20110818.binetflow,2011-08-18T11:30:00,2011-08-18T11:35:00,6409,7012,24,11,6,1,5,6403,train
CTU-Malware-Capture-Botnet-51,Rbot,C:\Users\Montana\My Code\CSCI611_Montana_Pawek\GNN\packagedData\graphs\CTU-Malware-Capture-Botnet-51\CTU-Malware-Capture-Botnet-51__20110818_113500.pt,CTU-Malware-Capture-Botnet-51\CTU-Malware-Capture-Botnet-51__20110818_113500.pt,data/rbotFamily/CTU-Malware-Capture-Botnet-51/capture20110818.binetflow,2011-08-18T11:35:00,2011-08-18T11:40:00,6514,7042,24,11,7,1,6,6507,train
CTU-Malware-Capture-Botnet-51,Rbot,C:\Users\Montana\My Code\CSCI611_Montana_Pawek\GNN\packagedData\graphs\CTU-Malware-Capture-Botnet-51\CTU-Malware-Capture-Botnet-51__20110818_114000.pt,CTU-Malware-Capture-Botnet-51\CTU-Malware-Capture-Botnet-51__20110818_114000.pt,data/rbotFamily/CTU-Malware-Capture-Botnet-51/capture20110818.binetflow,2011-08-18T11:40:00,2011-08-18T11:45:00,6226,6658,24,11,5,0,5,6221,train
CTU-Malware-Capture-Botnet-51,Rbot,C:\Users\Montana\My Code\CSCI611_Montana_Pawek\GNN\packagedData\graphs\CTU-Malware-Capture-Botnet-51\CTU-Malware-Capture-Botnet-51__20110818_114500.pt,CTU-Malware-Capture-Botnet-51\CTU-Malware-Capture-Botnet-51__20110818_114500.pt,data/rbotFamily/CTU-Malware-Capture-Botnet-51/capture20110818.binetflow,2011-08-18T11:45:00,2011-08-18T11:50:00,6165,6569,24,11,6,0,6,6159,train
CTU-Malware-Capture-Botnet-51,Rbot,C:\Users\Montana\My Code\CSCI611_Montana_Pawek\GNN\packagedData\graphs\CTU-Malware-Capture-Botnet-51\CTU-Malware-Capture-Botnet-51__20110818_115000.pt,CTU-Malware-Capture-Botnet-51\CTU-Malware-Capture-Botnet-51__20110818_115000.pt,data/rbotFamily/CTU-Malware-Capture-Botnet-51/capture20110818.binetflow,2011-08-18T11:50:00,2011-08-18T11:55:00,6759,7128,24,11,16,10,6,6743,train
CTU-Malware-Capture-Botnet-51,Rbot,C:\Users\Montana\My Code\CSCI611_Montana_Pawek\GNN\packagedData\graphs\CTU-Malware-Capture-Botnet-51\CTU-Malware-Capture-Botnet-51__20110818_115500.pt,CTU-Malware-Capture-Botnet-51\CTU-Malware-Capture-Botnet-51__20110818_115500.pt,data/rbotFamily/CTU-Malware-Capture-Botnet-51/capture20110818.binetflow,2011-08-18T11:55:00,2011-08-18T12:00:00,7402,7838,24,11,8,3,5,7394,train
CTU-Malware-Capture-Botnet-51,Rbot,C:\Users\Montana\My Code\CSCI611_Montana_Pawek\GNN\packagedData\graphs\CTU-Malware-Capture-Botnet-51\CTU-Malware-Capture-Botnet-51__20110818_120000.pt,CTU-Malware-Capture-Botnet-51\CTU-Malware-Capture-Botnet-51__20110818_120000.pt,data/rbotFamily/CTU-Malware-Capture-Botnet-51/capture20110818.binetflow,2011-08-18T12:00:00,2011-08-18T12:05:00,6773,7176,24,11,8,2,6,6765,train
CTU-Malware-Capture-Botnet-51,Rbot,C:\Users\Montana\My Code\CSCI611_Montana_Pawek\GNN\packagedData\graphs\CTU-Malware-Capture-Botnet-51\CTU-Malware-Capture-Botnet-51__20110818_120500.pt,CTU-Malware-Capture-Botnet-51\CTU-Malware-Capture-Botnet-51__20110818_120500.pt,data/rbotFamily/CTU-Malware-Capture-Botnet-51/capture20110818.binetflow,2011-08-18T12:05:00,2011-08-18T12:10:00,6574,7005,24,11,16,10,6,6558,train
CTU-Malware-Capture-Botnet-51,Rbot,C:\Users\Montana\My Code\CSCI611_Montana_Pawek\GNN\packagedData\graphs\CTU-Malware-Capture-Botnet-51\CTU-Malware-Capture-Botnet-51__20110818_121000.pt,CTU-Malware-Capture-Botnet-51\CTU-Malware-Capture-Botnet-51__20110818_121000.pt,data/rbotFamily/CTU-Malware-Capture-Botnet-51/capture20110818.binetflow,2011-08-18T12:10:00,2011-08-18T12:15:00,6639,7151,24,11,16,10,6,6623,train
CTU-Malware-Capture-Botnet-51,Rbot,C:\Users\Montana\My Code\CSCI611_Montana_Pawek\GNN\packagedData\graphs\CTU-Malware-Capture-Botnet-51\CTU-Malware-Capture-Botnet-51__20110818_121500.pt,CTU-Malware-Capture-Botnet-51\CTU-Malware-Capture-Botnet-51__20110818_121500.pt,data/rbotFamily/CTU-Malware-Capture-Botnet-51/capture20110818.binetflow,2011-08-18T12:15:00,2011-08-18T12:20:00,5577,6062,24,11,16,10,6,5561,train
CTU-Malware-Capture-Botnet-51,Rbot,C:\Users\Montana\My Code\CSCI611_Montana_Pawek\GNN\packagedData\graphs\CTU-Malware-Capture-Botnet-51\CTU-Malware-Capture-Botnet-51__20110818_122000.pt,CTU-Malware-Capture-Botnet-51\CTU-Malware-Capture-Botnet-51__20110818_122000.pt,data/rbotFamily/CTU-Malware-Capture-Botnet-51/capture20110818.binetflow,2011-08-18T12:20:00,2011-08-18T12:25:00,3754,4286,24,11,17,10,7,3737,train
CTU-Malware-Capture-Botnet-51,Rbot,C:\Users\Montana\My Code\CSCI611_Montana_Pawek\GNN\packagedData\graphs\CTU-Malware-Capture-Botnet-51\CTU-Malware-Capture-Botnet-51__20110818_122500.pt,CTU-Malware-Capture-Botnet-51\CTU-Malware-Capture-Botnet-51__20110818_122500.pt,data/rbotFamily/CTU-Malware-Capture-Botnet-51/capture20110818.binetflow,2011-08-18T12:25:00,2011-08-18T12:30:00,3649,4244,24,11,9,2,7,3640,train
CTU-Malware-Capture-Botnet-51,Rbot,C:\Users\Montana\My Code\CSCI611_Montana_Pawek\GNN\packagedData\graphs\CTU-Malware-Capture-Botnet-51\CTU-Malware-Capture-Botnet-51__20110818_123000.pt,CTU-Malware-Capture-Botnet-51\CTU-Malware-Capture-Botnet-51__20110818_123000.pt,data/rbotFamily/CTU-Malware-Capture-Botnet-51/capture20110818.binetflow,2011-08-18T12:30:00,2011-08-18T12:35:00,4293,4899,24,11,17,10,7,4276,train
CTU-Malware-Capture-Botnet-51,Rbot,C:\Users\Montana\My Code\CSCI611_Montana_Pawek\GNN\packagedData\graphs\CTU-Malware-Capture-Botnet-51\CTU-Malware-Capture-Botnet-51__20110818_123500.pt,CTU-Malware-Capture-Botnet-51\CTU-Malware-Capture-Botnet-51__20110818_123500.pt,data/rbotFamily/CTU-Malware-Capture-Botnet-51/capture20110818.binetflow,2011-08-18T12:35:00,2011-08-18T12:40:00,7146,7807,24,11,13,7,6,7133,train
CTU-Malware-Capture-Botnet-51,Rbot,C:\Users\Montana\My Code\CSCI611_Montana_Pawek\GNN\packagedData\graphs\CTU-Malware-Capture-Botnet-51\CTU-Malware-Capture-Botnet-51__20110818_124000.pt,CTU-Malware-Capture-Botnet-51\CTU-Malware-Capture-Botnet-51__20110818_124000.pt,data/rbotFamily/CTU-Malware-Capture-Botnet-51/capture20110818.binetflow,2011-08-18T12:40:00,2011-08-18T12:45:00,7185,7766,24,11,6,0,6,7179,train
CTU-Malware-Capture-Botnet-51,Rbot,C:\Users\Montana\My Code\CSCI611_Montana_Pawek\GNN\packagedData\graphs\CTU-Malware-Capture-Botnet-51\CTU-Malware-Capture-Botnet-51__20110818_124500.pt,CTU-Malware-Capture-Botnet-51\CTU-Malware-Capture-Botnet-51__20110818_124500.pt,data/rbotFamily/CTU-Malware-Capture-Botnet-51/capture20110818.binetflow,2011-08-18T12:45:00,2011-08-18T12:50:00,6715,7293,24,11,6,0,6,6709,train
CTU-Malware-Capture-Botnet-51,Rbot,C:\Users\Montana\My Code\CSCI611_Montana_Pawek\GNN\packagedData\graphs\CTU-Malware-Capture-Botnet-51\CTU-Malware-Capture-Botnet-51__20110818_125000.pt,CTU-Malware-Capture-Botnet-51\CTU-Malware-Capture-Botnet-51__20110818_125000.pt,data/rbotFamily/CTU-Malware-Capture-Botnet-51/capture20110818.binetflow,2011-08-18T12:50:00,2011-08-18T12:55:00,7186,7733,24,11,7,1,6,7179,train
CTU-Malware-Capture-Botnet-51,Rbot,C:\Users\Montana\My Code\CSCI611_Montana_Pawek\GNN\packagedData\graphs\CTU-Malware-Capture-Botnet-51\CTU-Malware-Capture-Botnet-51__20110818_125500.pt,CTU-Malware-Capture-Botnet-51\CTU-Malware-Capture-Botnet-51__20110818_125500.pt,data/rbotFamily/CTU-Malware-Capture-Botnet-51/capture20110818.binetflow,2011-08-18T12:55:00,2011-08-18T13:00:00,6309,6846,24,11,6,1,5,6303,train
CTU-Malware-Capture-Botnet-51,Rbot,C:\Users\Montana\My Code\CSCI611_Montana_Pawek\GNN\packagedData\graphs\CTU-Malware-Capture-Botnet-51\CTU-Malware-Capture-Botnet-51__20110818_130000.pt,CTU-Malware-Capture-Botnet-51\CTU-Malware-Capture-Botnet-51__20110818_130000.pt,data/rbotFamily/CTU-Malware-Capture-Botnet-51/capture20110818.binetflow,2011-08-18T13:00:00,2011-08-18T13:05:00,7939,8819,24,11,16,10,6,7923,train
CTU-Malware-Capture-Botnet-51,Rbot,C:\Users\Montana\My Code\CSCI611_Montana_Pawek\GNN\packagedData\graphs\CTU-Malware-Capture-Botnet-51\CTU-Malware-Capture-Botnet-51__20110818_130500.pt,CTU-Malware-Capture-Botnet-51\CTU-Malware-Capture-Botnet-51__20110818_130500.pt,data/rbotFamily/CTU-Malware-Capture-Botnet-51/capture20110818.binetflow,2011-08-18T13:05:00,2011-08-18T13:10:00,7430,8117,24,11,6,0,6,7424,train
CTU-Malware-Capture-Botnet-51,Rbot,C:\Users\Montana\My Code\CSCI611_Montana_Pawek\GNN\packagedData\graphs\CTU-Malware-Capture-Botnet-51\CTU-Malware-Capture-Botnet-51__20110818_131000.pt,CTU-Malware-Capture-Botnet-51\CTU-Malware-Capture-Botnet-51__20110818_131000.pt,data/rbotFamily/CTU-Malware-Capture-Botnet-51/capture20110818.binetflow,2011-08-18T13:10:00,2011-08-18T13:15:00,7486,8167,24,11,6,1,5,7480,train
CTU-Malware-Capture-Botnet-51,Rbot,C:\Users\Montana\My Code\CSCI611_Montana_Pawek\GNN\packagedData\graphs\CTU-Malware-Capture-Botnet-51\CTU-Malware-Capture-Botnet-51__20110818_131500.pt,CTU-Malware-Capture-Botnet-51\CTU-Malware-Capture-Botnet-51__20110818_131500.pt,data/rbotFamily/CTU-Malware-Capture-Botnet-51/capture20110818.binetflow,2011-08-18T13:15:00,2011-08-18T13:20:00,7149,7707,24,11,7,1,6,7142,train
CTU-Malware-Capture-Botnet-51,Rbot,C:\Users\Montana\My Code\CSCI611_Montana_Pawek\GNN\packagedData\graphs\CTU-Malware-Capture-Botnet-51\CTU-Malware-Capture-Botnet-51__20110818_132000.pt,CTU-Malware-Capture-Botnet-51\CTU-Malware-Capture-Botnet-51__20110818_132000.pt,data/rbotFamily/CTU-Malware-Capture-Botnet-51/capture20110818.binetflow,2011-08-18T13:20:00,2011-08-18T13:25:00,7681,8307,24,11,6,0,6,7675,train
CTU-Malware-Capture-Botnet-51,Rbot,C:\Users\Montana\My Code\CSCI611_Montana_Pawek\GNN\packagedData\graphs\CTU-Malware-Capture-Botnet-51\CTU-Malware-Capture-Botnet-51__20110818_132500.pt,CTU-Malware-Capture-Botnet-51\CTU-Malware-Capture-Botnet-51__20110818_132500.pt,data/rbotFamily/CTU-Malware-Capture-Botnet-51/capture20110818.binetflow,2011-08-18T13:25:00,2011-08-18T13:30:00,7555,8243,24,11,7,1,6,7548,train
CTU-Malware-Capture-Botnet-51,Rbot,C:\Users\Montana\My Code\CSCI611_Montana_Pawek\GNN\packagedData\graphs\CTU-Malware-Capture-Botnet-51\CTU-Malware-Capture-Botnet-51__20110818_133000.pt,CTU-Malware-Capture-Botnet-51\CTU-Malware-Capture-Botnet-51__20110818_133000.pt,data/rbotFamily/CTU-Malware-Capture-Botnet-51/capture20110818.binetflow,2011-08-18T13:30:00,2011-08-18T13:35:00,7173,7748,24,11,7,1,6,7166,train
CTU-Malware-Capture-Botnet-51,Rbot,C:\Users\Montana\My Code\CSCI611_Montana_Pawek\GNN\packagedData\graphs\CTU-Malware-Capture-Botnet-51\CTU-Malware-Capture-Botnet-51__20110818_133500.pt,CTU-Malware-Capture-Botnet-51\CTU-Malware-Capture-Botnet-51__20110818_133500.pt,data/rbotFamily/CTU-Malware-Capture-Botnet-51/capture20110818.binetflow,2011-08-18T13:35:00,2011-08-18T13:40:00,7734,8435,24,11,6,1,5,7728,train
CTU-Malware-Capture-Botnet-51,Rbot,C:\Users\Montana\My Code\CSCI611_Montana_Pawek\GNN\packagedData\graphs\CTU-Malware-Capture-Botnet-51\CTU-Malware-Capture-Botnet-51__20110818_134000.pt,CTU-Malware-Capture-Botnet-51\CTU-Malware-Capture-Botnet-51__20110818_134000.pt,data/rbotFamily/CTU-Malware-Capture-Botnet-51/capture20110818.binetflow,2011-08-18T13:40:00,2011-08-18T13:45:00,7483,8179,24,11,5,0,5,7478,train
CTU-Malware-Capture-Botnet-51,Rbot,C:\Users\Montana\My Code\CSCI611_Montana_Pawek\GNN\packagedData\graphs\CTU-Malware-Capture-Botnet-51\CTU-Malware-Capture-Botnet-51__20110818_134500.pt,CTU-Malware-Capture-Botnet-51\CTU-Malware-Capture-Botnet-51__20110818_134500.pt,data/rbotFamily/CTU-Malware-Capture-Botnet-51/capture20110818.binetflow,2011-08-18T13:45:00,2011-08-18T13:50:00,6998,7682,24,11,12,6,6,6986,train
CTU-Malware-Capture-Botnet-51,Rbot,C:\Users\Montana\My Code\CSCI611_Montana_Pawek\GNN\packagedData\graphs\CTU-Malware-Capture-Botnet-51\CTU-Malware-Capture-Botnet-51__20110818_135000.pt,CTU-Malware-Capture-Botnet-51\CTU-Malware-Capture-Botnet-51__20110818_135000.pt,data/rbotFamily/CTU-Malware-Capture-Botnet-51/capture20110818.binetflow,2011-08-18T13:50:00,2011-08-18T13:55:00,7320,8026,24,11,13,7,6,7307,train
CTU-Malware-Capture-Botnet-51,Rbot,C:\Users\Montana\My Code\CSCI611_Montana_Pawek\GNN\packagedData\graphs\CTU-Malware-Capture-Botnet-51\CTU-Malware-Capture-Botnet-51__20110818_135500.pt,CTU-Malware-Capture-Botnet-51\CTU-Malware-Capture-Botnet-51__20110818_135500.pt,data/rbotFamily/CTU-Malware-Capture-Botnet-51/capture20110818.binetflow,2011-08-18T13:55:00,2011-08-18T14:00:00,7130,7673,24,11,15,10,5,7115,train
CTU-Malware-Capture-Botnet-51,Rbot,C:\Users\Montana\My Code\CSCI611_Montana_Pawek\GNN\packagedData\graphs\CTU-Malware-Capture-Botnet-51\CTU-Malware-Capture-Botnet-51__20110818_140000.pt,CTU-Malware-Capture-Botnet-51\CTU-Malware-Capture-Botnet-51__20110818_140000.pt,data/rbotFamily/CTU-Malware-Capture-Botnet-51/capture20110818.binetflow,2011-08-18T14:00:00,2011-08-18T14:05:00,6655,7214,24,11,6,1,5,6649,train
CTU-Malware-Capture-Botnet-51,Rbot,C:\Users\Montana\My Code\CSCI611_Montana_Pawek\GNN\packagedData\graphs\CTU-Malware-Capture-Botnet-51\CTU-Malware-Capture-Botnet-51__20110818_140500.pt,CTU-Malware-Capture-Botnet-51\CTU-Malware-Capture-Botnet-51__20110818_140500.pt,data/rbotFamily/CTU-Malware-Capture-Botnet-51/capture20110818.binetflow,2011-08-18T14:05:00,2011-08-18T14:10:00,9225,9878,24,11,16,10,6,9209,train
CTU-Malware-Capture-Botnet-51,Rbot,C:\Users\Montana\My Code\CSCI611_Montana_Pawek\GNN\packagedData\graphs\CTU-Malware-Capture-Botnet-51\CTU-Malware-Capture-Botnet-51__20110818_141000.pt,CTU-Malware-Capture-Botnet-51\CTU-Malware-Capture-Botnet-51__20110818_141000.pt,data/rbotFamily/CTU-Malware-Capture-Botnet-51/capture20110818.binetflow,2011-08-18T14:10:00,2011-08-18T14:15:00,10562,11353,24,11,15,10,5,10547,train
CTU-Malware-Capture-Botnet-51,Rbot,C:\Users\Montana\My Code\CSCI611_Montana_Pawek\GNN\packagedData\graphs\CTU-Malware-Capture-Botnet-51\CTU-Malware-Capture-Botnet-51__20110818_141500.pt,CTU-Malware-Capture-Botnet-51\CTU-Malware-Capture-Botnet-51__20110818_141500.pt,data/rbotFamily/CTU-Malware-Capture-Botnet-51/capture20110818.binetflow,2011-08-18T14:15:00,2011-08-18T14:20:00,8635,9330,24,11,16,10,6,8619,train
CTU-Malware-Capture-Botnet-51,Rbot,C:\Users\Montana\My Code\CSCI611_Montana_Pawek\GNN\packagedData\graphs\CTU-Malware-Capture-Botnet-51\CTU-Malware-Capture-Botnet-51__20110818_142000.pt,CTU-Malware-Capture-Botnet-51\CTU-Malware-Capture-Botnet-51__20110818_142000.pt,data/rbotFamily/CTU-Malware-Capture-Botnet-51/capture20110818.binetflow,2011-08-18T14:20:00,2011-08-18T14:25:00,8696,9431,24,11,6,0,6,8690,train
CTU-Malware-Capture-Botnet-51,Rbot,C:\Users\Montana\My Code\CSCI611_Montana_Pawek\GNN\packagedData\graphs\CTU-Malware-Capture-Botnet-51\CTU-Malware-Capture-Botnet-51__20110818_142500.pt,CTU-Malware-Capture-Botnet-51\CTU-Malware-Capture-Botnet-51__20110818_142500.pt,data/rbotFamily/CTU-Malware-Capture-Botnet-51/capture20110818.binetflow,2011-08-18T14:25:00,2011-08-18T14:30:00,9481,10418,24,11,16,10,6,9465,train
CTU-Malware-Capture-Botnet-51,Rbot,C:\Users\Montana\My Code\CSCI611_Montana_Pawek\GNN\packagedData\graphs\CTU-Malware-Capture-Botnet-51\CTU-Malware-Capture-Botnet-51__20110818_143000.pt,CTU-Malware-Capture-Botnet-51\CTU-Malware-Capture-Botnet-51__20110818_143000.pt,data/rbotFamily/CTU-Malware-Capture-Botnet-51/capture20110818.binetflow,2011-08-18T14:30:00,2011-08-18T14:35:00,8611,9277,24,11,16,10,6,8595,train
CTU-Malware-Capture-Botnet-51,Rbot,C:\Users\Montana\My Code\CSCI611_Montana_Pawek\GNN\packagedData\graphs\CTU-Malware-Capture-Botnet-51\CTU-Malware-Capture-Botnet-51__20110818_143500.pt,CTU-Malware-Capture-Botnet-51\CTU-Malware-Capture-Botnet-51__20110818_143500.pt,data/rbotFamily/CTU-Malware-Capture-Botnet-51/capture20110818.binetflow,2011-08-18T14:35:00,2011-08-18T14:40:00,9049,9757,24,11,8,3,5,9041,train
CTU-Malware-Capture-Botnet-51,Rbot,C:\Users\Montana\My Code\CSCI611_Montana_Pawek\GNN\packagedData\graphs\CTU-Malware-Capture-Botnet-51\CTU-Malware-Capture-Botnet-51__20110818_144000.pt,CTU-Malware-Capture-Botnet-51\CTU-Malware-Capture-Botnet-51__20110818_144000.pt,data/rbotFamily/CTU-Malware-Capture-Botnet-51/capture20110818.binetflow,2011-08-18T14:40:00,2011-08-18T14:45:00,8042,8718,24,11,16,10,6,8026,train
CTU-Malware-Capture-Botnet-51,Rbot,C:\Users\Montana\My Code\CSCI611_Montana_Pawek\GNN\packagedData\graphs\CTU-Malware-Capture-Botnet-51\CTU-Malware-Capture-Botnet-51__20110818_144500.pt,CTU-Malware-Capture-Botnet-51\CTU-Malware-Capture-Botnet-51__20110818_144500.pt,data/rbotFamily/CTU-Malware-Capture-Botnet-51/capture20110818.binetflow,2011-08-18T14:45:00,2011-08-18T14:50:00,4183,4899,24,11,17,10,7,4166,train
CTU-Malware-Capture-Botnet-51,Rbot,C:\Users\Montana\My Code\CSCI611_Montana_Pawek\GNN\packagedData\graphs\CTU-Malware-Capture-Botnet-51\CTU-Malware-Capture-Botnet-51__20110818_145000.pt,CTU-Malware-Capture-Botnet-51\CTU-Malware-Capture-Botnet-51__20110818_145000.pt,data/rbotFamily/CTU-Malware-Capture-Botnet-51/capture20110818.binetflow,2011-08-18T14:50:00,2011-08-18T14:55:00,8645,9345,24,11,11,5,6,8634,train
CTU-Malware-Capture-Botnet-51,Rbot,C:\Users\Montana\My Code\CSCI611_Montana_Pawek\GNN\packagedData\graphs\CTU-Malware-Capture-Botnet-51\CTU-Malware-Capture-Botnet-51__20110818_145500.pt,CTU-Malware-Capture-Botnet-51\CTU-Malware-Capture-Botnet-51__20110818_145500.pt,data/rbotFamily/CTU-Malware-Capture-Botnet-51/capture20110818.binetflow,2011-08-18T14:55:00,2011-08-18T15:00:00,9985,10732,24,11,16,10,6,9969,train
CTU-Malware-Capture-Botnet-51,Rbot,C:\Users\Montana\My Code\CSCI611_Montana_Pawek\GNN\packagedData\graphs\CTU-Malware-Capture-Botnet-51\CTU-Malware-Capture-Botnet-51__20110818_150000.pt,CTU-Malware-Capture-Botnet-51\CTU-Malware-Capture-Botnet-51__20110818_150000.pt,data/rbotFamily/CTU-Malware-Capture-Botnet-51/capture20110818.binetflow,2011-08-18T15:00:00,2011-08-18T15:05:00,8666,9357,24,11,16,10,6,8650,train
CTU-Malware-Capture-Botnet-52,Rbot,C:\Users\Montana\My Code\CSCI611_Montana_Pawek\GNN\packagedData\graphs\CTU-Malware-Capture-Botnet-52\CTU-Malware-Capture-Botnet-52__20110818_153500.pt,CTU-Malware-Capture-Botnet-52\CTU-Malware-Capture-Botnet-52__20110818_153500.pt,data/rbotFamily/CTU-Malware-Capture-Botnet-52/capture20110818-2.binetflow,2011-08-18T15:35:00,2011-08-18T15:40:00,2835,3027,24,11,8,2,6,2827,train
CTU-Malware-Capture-Botnet-52,Rbot,C:\Users\Montana\My Code\CSCI611_Montana_Pawek\GNN\packagedData\graphs\CTU-Malware-Capture-Botnet-52\CTU-Malware-Capture-Botnet-52__20110818_154000.pt,CTU-Malware-Capture-Botnet-52\CTU-Malware-Capture-Botnet-52__20110818_154000.pt,data/rbotFamily/CTU-Malware-Capture-Botnet-52/capture20110818-2.binetflow,2011-08-18T15:40:00,2011-08-18T15:45:00,16423,18113,24,11,8,2,6,16415,train
CTU-Malware-Capture-Botnet-52,Rbot,C:\Users\Montana\My Code\CSCI611_Montana_Pawek\GNN\packagedData\graphs\CTU-Malware-Capture-Botnet-52\CTU-Malware-Capture-Botnet-52__20110818_154500.pt,CTU-Malware-Capture-Botnet-52\CTU-Malware-Capture-Botnet-52__20110818_154500.pt,data/rbotFamily/CTU-Malware-Capture-Botnet-52/capture20110818-2.binetflow,2011-08-18T15:45:00,2011-08-18T15:50:00,12825,13910,24,11,9,3,6,12816,train
CTU-Malware-Capture-Botnet-52,Rbot,C:\Users\Montana\My Code\CSCI611_Montana_Pawek\GNN\packagedData\graphs\CTU-Malware-Capture-Botnet-52\CTU-Malware-Capture-Botnet-52__20110818_155000.pt,CTU-Malware-Capture-Botnet-52\CTU-Malware-Capture-Botnet-52__20110818_155000.pt,data/rbotFamily/CTU-Malware-Capture-Botnet-52/capture20110818-2.binetflow,2011-08-18T15:50:00,2011-08-18T15:55:00,12090,13070,24,11,8,2,6,12082,train
CTU-Malware-Capture-Botnet-52,Rbot,C:\Users\Montana\My Code\CSCI611_Montana_Pawek\GNN\packagedData\graphs\CTU-Malware-Capture-Botnet-52\CTU-Malware-Capture-Botnet-52__20110818_155500.pt,CTU-Malware-Capture-Botnet-52\CTU-Malware-Capture-Botnet-52__20110818_155500.pt,data/rbotFamily/CTU-Malware-Capture-Botnet-52/capture20110818-2.binetflow,2011-08-18T15:55:00,2011-08-18T16:00:00,2440,2513,24,11,5,0,5,2435,train
CTU-Malware-Capture-Botnet-54,Virut,C:\Users\Montana\My Code\CSCI611_Montana_Pawek\GNN\packagedData\graphs\CTU-Malware-Capture-Botnet-54\CTU-Malware-Capture-Botnet-54__20110815_171000.pt,CTU-Malware-Capture-Botnet-54\CTU-Malware-Capture-Botnet-54__20110815_171000.pt,data/virutFamily/CTU-Malware-Capture-Botnet-54/capture20110815-3.binetflow,2011-08-15T17:10:00,2011-08-15T17:15:00,3554,3855,24,11,6,1,5,3548,train
CTU-Malware-Capture-Botnet-54,Virut,C:\Users\Montana\My Code\CSCI611_Montana_Pawek\GNN\packagedData\graphs\CTU-Malware-Capture-Botnet-54\CTU-Malware-Capture-Botnet-54__20110815_171500.pt,CTU-Malware-Capture-Botnet-54\CTU-Malware-Capture-Botnet-54__20110815_171500.pt,data/virutFamily/CTU-Malware-Capture-Botnet-54/capture20110815-3.binetflow,2011-08-15T17:15:00,2011-08-15T17:20:00,8712,9369,24,11,6,1,5,8706,train
CTU-Malware-Capture-Botnet-54,Virut,C:\Users\Montana\My Code\CSCI611_Montana_Pawek\GNN\packagedData\graphs\CTU-Malware-Capture-Botnet-54\CTU-Malware-Capture-Botnet-54__20110815_172000.pt,CTU-Malware-Capture-Botnet-54\CTU-Malware-Capture-Botnet-54__20110815_172000.pt,data/virutFamily/CTU-Malware-Capture-Botnet-54/capture20110815-3.binetflow,2011-08-15T17:20:00,2011-08-15T17:25:00,7603,7994,24,11,6,1,5,7597,train
CTU-Malware-Capture-Botnet-54,Virut,C:\Users\Montana\My Code\CSCI611_Montana_Pawek\GNN\packagedData\graphs\CTU-Malware-Capture-Botnet-54\CTU-Malware-Capture-Botnet-54__20110815_172500.pt,CTU-Malware-Capture-Botnet-54\CTU-Malware-Capture-Botnet-54__20110815_172500.pt,data/virutFamily/CTU-Malware-Capture-Botnet-54/capture20110815-3.binetflow,2011-08-15T17:25:00,2011-08-15T17:30:00,6943,7276,24,11,5,1,4,6938,train
CTU-Malware-Capture-Botnet-54,Virut,C:\Users\Montana\My Code\CSCI611_Montana_Pawek\GNN\packagedData\graphs\CTU-Malware-Capture-Botnet-54\CTU-Malware-Capture-Botnet-54__20110815_173000.pt,CTU-Malware-Capture-Botnet-54\CTU-Malware-Capture-Botnet-54__20110815_173000.pt,data/virutFamily/CTU-Malware-Capture-Botnet-54/capture20110815-3.binetflow,2011-08-15T17:30:00,2011-08-15T17:35:00,6724,7013,24,11,6,1,5,6718,train
CTU-Malware-Capture-Botnet-54,Virut,C:\Users\Montana\My Code\CSCI611_Montana_Pawek\GNN\packagedData\graphs\CTU-Malware-Capture-Botnet-54\CTU-Malware-Capture-Botnet-54__20110815_173500.pt,CTU-Malware-Capture-Botnet-54\CTU-Malware-Capture-Botnet-54__20110815_173500.pt,data/virutFamily/CTU-Malware-Capture-Botnet-54/capture20110815-3.binetflow,2011-08-15T17:35:00,2011-08-15T17:40:00,6311,6566,24,11,5,1,4,6306,train
CTU-Malware-Capture-Botnet-54,Virut,C:\Users\Montana\My Code\CSCI611_Montana_Pawek\GNN\packagedData\graphs\CTU-Malware-Capture-Botnet-54\CTU-Malware-Capture-Botnet-54__20110815_174000.pt,CTU-Malware-Capture-Botnet-54\CTU-Malware-Capture-Botnet-54__20110815_174000.pt,data/virutFamily/CTU-Malware-Capture-Botnet-54/capture20110815-3.binetflow,2011-08-15T17:40:00,2011-08-15T17:45:00,5924,6193,24,11,5,1,4,5919,train
CTU-Malware-Capture-Botnet-54,Virut,C:\Users\Montana\My Code\CSCI611_Montana_Pawek\GNN\packagedData\graphs\CTU-Malware-Capture-Botnet-54\CTU-Malware-Capture-Botnet-54__20110815_174500.pt,CTU-Malware-Capture-Botnet-54\CTU-Malware-Capture-Botnet-54__20110815_174500.pt,data/virutFamily/CTU-Malware-Capture-Botnet-54/capture20110815-3.binetflow,2011-08-15T17:45:00,2011-08-15T17:50:00,5760,5984,24,11,5,1,4,5755,train
CTU-Malware-Capture-Botnet-54,Virut,C:\Users\Montana\My Code\CSCI611_Montana_Pawek\GNN\packagedData\graphs\CTU-Malware-Capture-Botnet-54\CTU-Malware-Capture-Botnet-54__20110815_175000.pt,CTU-Malware-Capture-Botnet-54\CTU-Malware-Capture-Botnet-54__20110815_175000.pt,data/virutFamily/CTU-Malware-Capture-Botnet-54/capture20110815-3.binetflow,2011-08-15T17:50:00,2011-08-15T17:55:00,5651,5863,24,11,6,1,5,5645,train
CTU-Malware-Capture-Botnet-54,Virut,C:\Users\Montana\My Code\CSCI611_Montana_Pawek\GNN\packagedData\graphs\CTU-Malware-Capture-Botnet-54\CTU-Malware-Capture-Botnet-54__20110815_175500.pt,CTU-Malware-Capture-Botnet-54\CTU-Malware-Capture-Botnet-54__20110815_175500.pt,data/virutFamily/CTU-Malware-Capture-Botnet-54/capture20110815-3.binetflow,2011-08-15T17:55:00,2011-08-15T18:00:00,5040,5178,24,11,5,1,4,5035,train
CTU-Malware-Capture-Botnet-54,Virut,C:\Users\Montana\My Code\CSCI611_Montana_Pawek\GNN\packagedData\graphs\CTU-Malware-Capture-Botnet-54\CTU-Malware-Capture-Botnet-54__20110815_180000.pt,CTU-Malware-Capture-Botnet-54\CTU-Malware-Capture-Botnet-54__20110815_180000.pt,data/virutFamily/CTU-Malware-Capture-Botnet-54/capture20110815-3.binetflow,2011-08-15T18:00:00,2011-08-15T18:05:00,5386,5507,24,11,6,1,5,5380,train
CTU-Malware-Capture-Botnet-54,Virut,C:\Users\Montana\My Code\CSCI611_Montana_Pawek\GNN\packagedData\graphs\CTU-Malware-Capture-Botnet-54\CTU-Malware-Capture-Botnet-54__20110815_180500.pt,CTU-Malware-Capture-Botnet-54\CTU-Malware-Capture-Botnet-54__20110815_180500.pt,data/virutFamily/CTU-Malware-Capture-Botnet-54/capture20110815-3.binetflow,2011-08-15T18:05:00,2011-08-15T18:10:00,4875,5036,24,11,5,1,4,4870,train
CTU-Malware-Capture-Botnet-54,Virut,C:\Users\Montana\My Code\CSCI611_Montana_Pawek\GNN\packagedData\graphs\CTU-Malware-Capture-Botnet-54\CTU-Malware-Capture-Botnet-54__20110815_181000.pt,CTU-Malware-Capture-Botnet-54\CTU-Malware-Capture-Botnet-54__20110815_181000.pt,data/virutFamily/CTU-Malware-Capture-Botnet-54/capture20110815-3.binetflow,2011-08-15T18:10:00,2011-08-15T18:15:00,5441,5646,24,11,5,1,4,5436,train
CTU-Malware-Capture-Botnet-54,Virut,C:\Users\Montana\My Code\CSCI611_Montana_Pawek\GNN\packagedData\graphs\CTU-Malware-Capture-Botnet-54\CTU-Malware-Capture-Botnet-54__20110815_181500.pt,CTU-Malware-Capture-Botnet-54\CTU-Malware-Capture-Botnet-54__20110815_181500.pt,data/virutFamily/CTU-Malware-Capture-Botnet-54/capture20110815-3.binetflow,2011-08-15T18:15:00,2011-08-15T18:20:00,5640,5892,24,11,6,1,5,5634,train
CTU-Malware-Capture-Botnet-54,Virut,C:\Users\Montana\My Code\CSCI611_Montana_Pawek\GNN\packagedData\graphs\CTU-Malware-Capture-Botnet-54\CTU-Malware-Capture-Botnet-54__20110815_182000.pt,CTU-Malware-Capture-Botnet-54\CTU-Malware-Capture-Botnet-54__20110815_182000.pt,data/virutFamily/CTU-Malware-Capture-Botnet-54/capture20110815-3.binetflow,2011-08-15T18:20:00,2011-08-15T18:25:00,5386,5603,24,11,5,1,4,5381,train
CTU-Malware-Capture-Botnet-54,Virut,C:\Users\Montana\My Code\CSCI611_Montana_Pawek\GNN\packagedData\graphs\CTU-Malware-Capture-Botnet-54\CTU-Malware-Capture-Botnet-54__20110815_182500.pt,CTU-Malware-Capture-Botnet-54\CTU-Malware-Capture-Botnet-54__20110815_182500.pt,data/virutFamily/CTU-Malware-Capture-Botnet-54/capture20110815-3.binetflow,2011-08-15T18:25:00,2011-08-15T18:30:00,5542,5699,24,11,6,1,5,5536,train
CTU-Malware-Capture-Botnet-54,Virut,C:\Users\Montana\My Code\CSCI611_Montana_Pawek\GNN\packagedData\graphs\CTU-Malware-Capture-Botnet-54\CTU-Malware-Capture-Botnet-54__20110815_183000.pt,CTU-Malware-Capture-Botnet-54\CTU-Malware-Capture-Botnet-54__20110815_183000.pt,data/virutFamily/CTU-Malware-Capture-Botnet-54/capture20110815-3.binetflow,2011-08-15T18:30:00,2011-08-15T18:35:00,5301,5418,24,11,5,1,4,5296,train
CTU-Malware-Capture-Botnet-54,Virut,C:\Users\Montana\My Code\CSCI611_Montana_Pawek\GNN\packagedData\graphs\CTU-Malware-Capture-Botnet-54\CTU-Malware-Capture-Botnet-54__20110815_183500.pt,CTU-Malware-Capture-Botnet-54\CTU-Malware-Capture-Botnet-54__20110815_183500.pt,data/virutFamily/CTU-Malware-Capture-Botnet-54/capture20110815-3.binetflow,2011-08-15T18:35:00,2011-08-15T18:40:00,5685,5819,24,11,6,1,5,5679,train
CTU-Malware-Capture-Botnet-54,Virut,C:\Users\Montana\My Code\CSCI611_Montana_Pawek\GNN\packagedData\graphs\CTU-Malware-Capture-Botnet-54\CTU-Malware-Capture-Botnet-54__20110815_184000.pt,CTU-Malware-Capture-Botnet-54\CTU-Malware-Capture-Botnet-54__20110815_184000.pt,data/virutFamily/CTU-Malware-Capture-Botnet-54/capture20110815-3.binetflow,2011-08-15T18:40:00,2011-08-15T18:45:00,4935,5066,24,11,6,1,5,4929,train
CTU-Malware-Capture-Botnet-54,Virut,C:\Users\Montana\My Code\CSCI611_Montana_Pawek\GNN\packagedData\graphs\CTU-Malware-Capture-Botnet-54\CTU-Malware-Capture-Botnet-54__20110815_184500.pt,CTU-Malware-Capture-Botnet-54\CTU-Malware-Capture-Botnet-54__20110815_184500.pt,data/virutFamily/CTU-Malware-Capture-Botnet-54/capture20110815-3.binetflow,2011-08-15T18:45:00,2011-08-15T18:50:00,5453,5725,24,11,5,1,4,5448,train
CTU-Malware-Capture-Botnet-54,Virut,C:\Users\Montana\My Code\CSCI611_Montana_Pawek\GNN\packagedData\graphs\CTU-Malware-Capture-Botnet-54\CTU-Malware-Capture-Botnet-54__20110815_185000.pt,CTU-Malware-Capture-Botnet-54\CTU-Malware-Capture-Botnet-54__20110815_185000.pt,data/virutFamily/CTU-Malware-Capture-Botnet-54/capture20110815-3.binetflow,2011-08-15T18:50:00,2011-08-15T18:55:00,5219,5306,24,11,6,1,5,5213,train
CTU-Malware-Capture-Botnet-54,Virut,C:\Users\Montana\My Code\CSCI611_Montana_Pawek\GNN\packagedData\graphs\CTU-Malware-Capture-Botnet-54\CTU-Malware-Capture-Botnet-54__20110815_185500.pt,CTU-Malware-Capture-Botnet-54\CTU-Malware-Capture-Botnet-54__20110815_185500.pt,data/virutFamily/CTU-Malware-Capture-Botnet-54/capture20110815-3.binetflow,2011-08-15T18:55:00,2011-08-15T19:00:00,5208,5264,24,11,6,1,5,5202,train
CTU-Malware-Capture-Botnet-54,Virut,C:\Users\Montana\My Code\CSCI611_Montana_Pawek\GNN\packagedData\graphs\CTU-Malware-Capture-Botnet-54\CTU-Malware-Capture-Botnet-54__20110815_190000.pt,CTU-Malware-Capture-Botnet-54\CTU-Malware-Capture-Botnet-54__20110815_190000.pt,data/virutFamily/CTU-Malware-Capture-Botnet-54/capture20110815-3.binetflow,2011-08-15T19:00:00,2011-08-15T19:05:00,4995,5052,24,11,6,1,5,4989,train
CTU-Malware-Capture-Botnet-54,Virut,C:\Users\Montana\My Code\CSCI611_Montana_Pawek\GNN\packagedData\graphs\CTU-Malware-Capture-Botnet-54\CTU-Malware-Capture-Botnet-54__20110815_190500.pt,CTU-Malware-Capture-Botnet-54\CTU-Malware-Capture-Botnet-54__20110815_190500.pt,data/virutFamily/CTU-Malware-Capture-Botnet-54/capture20110815-3.binetflow,2011-08-15T19:05:00,2011-08-15T19:10:00,5018,5081,24,11,5,1,4,5013,train
CTU-Malware-Capture-Botnet-54,Virut,C:\Users\Montana\My Code\CSCI611_Montana_Pawek\GNN\packagedData\graphs\CTU-Malware-Capture-Botnet-54\CTU-Malware-Capture-Botnet-54__20110815_191000.pt,CTU-Malware-Capture-Botnet-54\CTU-Malware-Capture-Botnet-54__20110815_191000.pt,data/virutFamily/CTU-Malware-Capture-Botnet-54/capture20110815-3.binetflow,2011-08-15T19:10:00,2011-08-15T19:15:00,5444,5532,24,11,5,1,4,5439,train
CTU-Malware-Capture-Botnet-54,Virut,C:\Users\Montana\My Code\CSCI611_Montana_Pawek\GNN\packagedData\graphs\CTU-Malware-Capture-Botnet-54\CTU-Malware-Capture-Botnet-54__20110815_191500.pt,CTU-Malware-Capture-Botnet-54\CTU-Malware-Capture-Botnet-54__20110815_191500.pt,data/virutFamily/CTU-Malware-Capture-Botnet-54/capture20110815-3.binetflow,2011-08-15T19:15:00,2011-08-15T19:20:00,5448,5550,24,11,6,1,5,5442,train
CTU-Malware-Capture-Botnet-54,Virut,C:\Users\Montana\My Code\CSCI611_Montana_Pawek\GNN\packagedData\graphs\CTU-Malware-Capture-Botnet-54\CTU-Malware-Capture-Botnet-54__20110815_192000.pt,CTU-Malware-Capture-Botnet-54\CTU-Malware-Capture-Botnet-54__20110815_192000.pt,data/virutFamily/CTU-Malware-Capture-Botnet-54/capture20110815-3.binetflow,2011-08-15T19:20:00,2011-08-15T19:25:00,5563,5679,24,11,6,1,5,5557,train
CTU-Malware-Capture-Botnet-54,Virut,C:\Users\Montana\My Code\CSCI611_Montana_Pawek\GNN\packagedData\graphs\CTU-Malware-Capture-Botnet-54\CTU-Malware-Capture-Botnet-54__20110815_192500.pt,CTU-Malware-Capture-Botnet-54\CTU-Malware-Capture-Botnet-54__20110815_192500.pt,data/virutFamily/CTU-Malware-Capture-Botnet-54/capture20110815-3.binetflow,2011-08-15T19:25:00,2011-08-15T19:30:00,5665,5857,24,11,5,1,4,5660,train
CTU-Malware-Capture-Botnet-54,Virut,C:\Users\Montana\My Code\CSCI611_Montana_Pawek\GNN\packagedData\graphs\CTU-Malware-Capture-Botnet-54\CTU-Malware-Capture-Botnet-54__20110815_193000.pt,CTU-Malware-Capture-Botnet-54\CTU-Malware-Capture-Botnet-54__20110815_193000.pt,data/virutFamily/CTU-Malware-Capture-Botnet-54/capture20110815-3.binetflow,2011-08-15T19:30:00,2011-08-15T19:35:00,5265,5412,24,11,5,1,4,5260,train
CTU-Malware-Capture-Botnet-54,Virut,C:\Users\Montana\My Code\CSCI611_Montana_Pawek\GNN\packagedData\graphs\CTU-Malware-Capture-Botnet-54\CTU-Malware-Capture-Botnet-54__20110815_193500.pt,CTU-Malware-Capture-Botnet-54\CTU-Malware-Capture-Botnet-54__20110815_193500.pt,data/virutFamily/CTU-Malware-Capture-Botnet-54/capture20110815-3.binetflow,2011-08-15T19:35:00,2011-08-15T19:40:00,5165,5242,24,11,6,1,5,5159,train
CTU-Malware-Capture-Botnet-54,Virut,C:\Users\Montana\My Code\CSCI611_Montana_Pawek\GNN\packagedData\graphs\CTU-Malware-Capture-Botnet-54\CTU-Malware-Capture-Botnet-54__20110815_194000.pt,CTU-Malware-Capture-Botnet-54\CTU-Malware-Capture-Botnet-54__20110815_194000.pt,data/virutFamily/CTU-Malware-Capture-Botnet-54/capture20110815-3.binetflow,2011-08-15T19:40:00,2011-08-15T19:45:00,4992,5049,24,11,5,1,4,4987,train
CTU-Malware-Capture-Botnet-54,Virut,C:\Users\Montana\My Code\CSCI611_Montana_Pawek\GNN\packagedData\graphs\CTU-Malware-Capture-Botnet-54\CTU-Malware-Capture-Botnet-54__20110815_194500.pt,CTU-Malware-Capture-Botnet-54\CTU-Malware-Capture-Botnet-54__20110815_194500.pt,data/virutFamily/CTU-Malware-Capture-Botnet-54/capture20110815-3.binetflow,2011-08-15T19:45:00,2011-08-15T19:50:00,5014,5106,24,11,5,1,4,5009,train
CTU-Malware-Capture-Botnet-54,Virut,C:\Users\Montana\My Code\CSCI611_Montana_Pawek\GNN\packagedData\graphs\CTU-Malware-Capture-Botnet-54\CTU-Malware-Capture-Botnet-54__20110815_195000.pt,CTU-Malware-Capture-Botnet-54\CTU-Malware-Capture-Botnet-54__20110815_195000.pt,data/virutFamily/CTU-Malware-Capture-Botnet-54/capture20110815-3.binetflow,2011-08-15T19:50:00,2011-08-15T19:55:00,4712,4808,24,11,6,1,5,4706,train
CTU-Malware-Capture-Botnet-54,Virut,C:\Users\Montana\My Code\CSCI611_Montana_Pawek\GNN\packagedData\graphs\CTU-Malware-Capture-Botnet-54\CTU-Malware-Capture-Botnet-54__20110815_195500.pt,CTU-Malware-Capture-Botnet-54\CTU-Malware-Capture-Botnet-54__20110815_195500.pt,data/virutFamily/CTU-Malware-Capture-Botnet-54/capture20110815-3.binetflow,2011-08-15T19:55:00,2011-08-15T20:00:00,5468,5598,24,11,6,1,5,5462,train
CTU-Malware-Capture-Botnet-54,Virut,C:\Users\Montana\My Code\CSCI611_Montana_Pawek\GNN\packagedData\graphs\CTU-Malware-Capture-Botnet-54\CTU-Malware-Capture-Botnet-54__20110815_200000.pt,CTU-Malware-Capture-Botnet-54\CTU-Malware-Capture-Botnet-54__20110815_200000.pt,data/virutFamily/CTU-Malware-Capture-Botnet-54/capture20110815-3.binetflow,2011-08-15T20:00:00,2011-08-15T20:05:00,5751,5882,24,11,6,1,5,5745,train
CTU-Malware-Capture-Botnet-54,Virut,C:\Users\Montana\My Code\CSCI611_Montana_Pawek\GNN\packagedData\graphs\CTU-Malware-Capture-Botnet-54\CTU-Malware-Capture-Botnet-54__20110815_200500.pt,CTU-Malware-Capture-Botnet-54\CTU-Malware-Capture-Botnet-54__20110815_200500.pt,data/virutFamily/CTU-Malware-Capture-Botnet-54/capture20110815-3.binetflow,2011-08-15T20:05:00,2011-08-15T20:10:00,5059,5109,24,11,5,1,4,5054,train
CTU-Malware-Capture-Botnet-54,Virut,C:\Users\Montana\My Code\CSCI611_Montana_Pawek\GNN\packagedData\graphs\CTU-Malware-Capture-Botnet-54\CTU-Malware-Capture-Botnet-54__20110815_201000.pt,CTU-Malware-Capture-Botnet-54\CTU-Malware-Capture-Botnet-54__20110815_201000.pt,data/virutFamily/CTU-Malware-Capture-Botnet-54/capture20110815-3.binetflow,2011-08-15T20:10:00,2011-08-15T20:15:00,5202,5286,24,11,5,1,4,5197,train
CTU-Malware-Capture-Botnet-54,Virut,C:\Users\Montana\My Code\CSCI611_Montana_Pawek\GNN\packagedData\graphs\CTU-Malware-Capture-Botnet-54\CTU-Malware-Capture-Botnet-54__20110815_201500.pt,CTU-Malware-Capture-Botnet-54\CTU-Malware-Capture-Botnet-54__20110815_201500.pt,data/virutFamily/CTU-Malware-Capture-Botnet-54/capture20110815-3.binetflow,2011-08-15T20:15:00,2011-08-15T20:20:00,5510,5610,24,11,6,1,5,5504,train
CTU-Malware-Capture-Botnet-54,Virut,C:\Users\Montana\My Code\CSCI611_Montana_Pawek\GNN\packagedData\graphs\CTU-Malware-Capture-Botnet-54\CTU-Malware-Capture-Botnet-54__20110815_202000.pt,CTU-Malware-Capture-Botnet-54\CTU-Malware-Capture-Botnet-54__20110815_202000.pt,data/virutFamily/CTU-Malware-Capture-Botnet-54/capture20110815-3.binetflow,2011-08-15T20:20:00,2011-08-15T20:25:00,5871,6265,24,11,7,1,6,5864,train
CTU-Malware-Capture-Botnet-54,Virut,C:\Users\Montana\My Code\CSCI611_Montana_Pawek\GNN\packagedData\graphs\CTU-Malware-Capture-Botnet-54\CTU-Malware-Capture-Botnet-54__20110815_202500.pt,CTU-Malware-Capture-Botnet-54\CTU-Malware-Capture-Botnet-54__20110815_202500.pt,data/virutFamily/CTU-Malware-Capture-Botnet-54/capture20110815-3.binetflow,2011-08-15T20:25:00,2011-08-15T20:30:00,5448,5552,24,11,6,1,5,5442,train
CTU-Malware-Capture-Botnet-54,Virut,C:\Users\Montana\My Code\CSCI611_Montana_Pawek\GNN\packagedData\graphs\CTU-Malware-Capture-Botnet-54\CTU-Malware-Capture-Botnet-54__20110815_203000.pt,CTU-Malware-Capture-Botnet-54\CTU-Malware-Capture-Botnet-54__20110815_203000.pt,data/virutFamily/CTU-Malware-Capture-Botnet-54/capture20110815-3.binetflow,2011-08-15T20:30:00,2011-08-15T20:35:00,5269,5354,24,11,5,1,4,5264,train
CTU-Malware-Capture-Botnet-54,Virut,C:\Users\Montana\My Code\CSCI611_Montana_Pawek\GNN\packagedData\graphs\CTU-Malware-Capture-Botnet-54\CTU-Malware-Capture-Botnet-54__20110815_203500.pt,CTU-Malware-Capture-Botnet-54\CTU-Malware-Capture-Botnet-54__20110815_203500.pt,data/virutFamily/CTU-Malware-Capture-Botnet-54/capture20110815-3.binetflow,2011-08-15T20:35:00,2011-08-15T20:40:00,5130,5222,24,11,5,1,4,5125,train
CTU-Malware-Capture-Botnet-54,Virut,C:\Users\Montana\My Code\CSCI611_Montana_Pawek\GNN\packagedData\graphs\CTU-Malware-Capture-Botnet-54\CTU-Malware-Capture-Botnet-54__20110815_204000.pt,CTU-Malware-Capture-Botnet-54\CTU-Malware-Capture-Botnet-54__20110815_204000.pt,data/virutFamily/CTU-Malware-Capture-Botnet-54/capture20110815-3.binetflow,2011-08-15T20:40:00,2011-08-15T20:45:00,5458,5585,24,11,6,1,5,5452,train
CTU-Malware-Capture-Botnet-54,Virut,C:\Users\Montana\My Code\CSCI611_Montana_Pawek\GNN\packagedData\graphs\CTU-Malware-Capture-Botnet-54\CTU-Malware-Capture-Botnet-54__20110815_204500.pt,CTU-Malware-Capture-Botnet-54\CTU-Malware-Capture-Botnet-54__20110815_204500.pt,data/virutFamily/CTU-Malware-Capture-Botnet-54/capture20110815-3.binetflow,2011-08-15T20:45:00,2011-08-15T20:50:00,4816,4853,24,11,5,1,4,4811,train
CTU-Malware-Capture-Botnet-54,Virut,C:\Users\Montana\My Code\CSCI611_Montana_Pawek\GNN\packagedData\graphs\CTU-Malware-Capture-Botnet-54\CTU-Malware-Capture-Botnet-54__20110815_205000.pt,CTU-Malware-Capture-Botnet-54\CTU-Malware-Capture-Botnet-54__20110815_205000.pt,data/virutFamily/CTU-Malware-Capture-Botnet-54/capture20110815-3.binetflow,2011-08-15T20:50:00,2011-08-15T20:55:00,5002,5077,24,11,5,1,4,4997,train
CTU-Malware-Capture-Botnet-54,Virut,C:\Users\Montana\My Code\CSCI611_Montana_Pawek\GNN\packagedData\graphs\CTU-Malware-Capture-Botnet-54\CTU-Malware-Capture-Botnet-54__20110815_205500.pt,CTU-Malware-Capture-Botnet-54\CTU-Malware-Capture-Botnet-54__20110815_205500.pt,data/virutFamily/CTU-Malware-Capture-Botnet-54/capture20110815-3.binetflow,2011-08-15T20:55:00,2011-08-15T21:00:00,4960,5006,24,11,5,1,4,4955,train
CTU-Malware-Capture-Botnet-54,Virut,C:\Users\Montana\My Code\CSCI611_Montana_Pawek\GNN\packagedData\graphs\CTU-Malware-Capture-Botnet-54\CTU-Malware-Capture-Botnet-54__20110815_210000.pt,CTU-Malware-Capture-Botnet-54\CTU-Malware-Capture-Botnet-54__20110815_210000.pt,data/virutFamily/CTU-Malware-Capture-Botnet-54/capture20110815-3.binetflow,2011-08-15T21:00:00,2011-08-15T21:05:00,5322,5410,24,11,6,1,5,5316,train
CTU-Malware-Capture-Botnet-54,Virut,C:\Users\Montana\My Code\CSCI611_Montana_Pawek\GNN\packagedData\graphs\CTU-Malware-Capture-Botnet-54\CTU-Malware-Capture-Botnet-54__20110815_210500.pt,CTU-Malware-Capture-Botnet-54\CTU-Malware-Capture-Botnet-54__20110815_210500.pt,data/virutFamily/CTU-Malware-Capture-Botnet-54/capture20110815-3.binetflow,2011-08-15T21:05:00,2011-08-15T21:10:00,4764,4817,24,11,5,1,4,4759,train
CTU-Malware-Capture-Botnet-54,Virut,C:\Users\Montana\My Code\CSCI611_Montana_Pawek\GNN\packagedData\graphs\CTU-Malware-Capture-Botnet-54\CTU-Malware-Capture-Botnet-54__20110815_211000.pt,CTU-Malware-Capture-Botnet-54\CTU-Malware-Capture-Botnet-54__20110815_211000.pt,data/virutFamily/CTU-Malware-Capture-Botnet-54/capture20110815-3.binetflow,2011-08-15T21:10:00,2011-08-15T21:15:00,5774,6080,24,11,7,1,6,5767,train
CTU-Malware-Capture-Botnet-54,Virut,C:\Users\Montana\My Code\CSCI611_Montana_Pawek\GNN\packagedData\graphs\CTU-Malware-Capture-Botnet-54\CTU-Malware-Capture-Botnet-54__20110815_211500.pt,CTU-Malware-Capture-Botnet-54\CTU-Malware-Capture-Botnet-54__20110815_211500.pt,data/virutFamily/CTU-Malware-Capture-Botnet-54/capture20110815-3.binetflow,2011-08-15T21:15:00,2011-08-15T21:20:00,5050,5140,24,11,6,1,5,5044,train
CTU-Malware-Capture-Botnet-54,Virut,C:\Users\Montana\My Code\CSCI611_Montana_Pawek\GNN\packagedData\graphs\CTU-Malware-Capture-Botnet-54\CTU-Malware-Capture-Botnet-54__20110815_212000.pt,CTU-Malware-Capture-Botnet-54\CTU-Malware-Capture-Botnet-54__20110815_212000.pt,data/virutFamily/CTU-Malware-Capture-Botnet-54/capture20110815-3.binetflow,2011-08-15T21:20:00,2011-08-15T21:25:00,4792,4872,24,11,6,1,5,4786,train
CTU-Malware-Capture-Botnet-54,Virut,C:\Users\Montana\My Code\CSCI611_Montana_Pawek\GNN\packagedData\graphs\CTU-Malware-Capture-Botnet-54\CTU-Malware-Capture-Botnet-54__20110815_212500.pt,CTU-Malware-Capture-Botnet-54\CTU-Malware-Capture-Botnet-54__20110815_212500.pt,data/virutFamily/CTU-Malware-Capture-Botnet-54/capture20110815-3.binetflow,2011-08-15T21:25:00,2011-08-15T21:30:00,5078,5186,24,11,5,1,4,5073,train
CTU-Malware-Capture-Botnet-54,Virut,C:\Users\Montana\My Code\CSCI611_Montana_Pawek\GNN\packagedData\graphs\CTU-Malware-Capture-Botnet-54\CTU-Malware-Capture-Botnet-54__20110815_213000.pt,CTU-Malware-Capture-Botnet-54\CTU-Malware-Capture-Botnet-54__20110815_213000.pt,data/virutFamily/CTU-Malware-Capture-Botnet-54/capture20110815-3.binetflow,2011-08-15T21:30:00,2011-08-15T21:35:00,4694,4784,24,11,5,1,4,4689,train
CTU-Malware-Capture-Botnet-54,Virut,C:\Users\Montana\My Code\CSCI611_Montana_Pawek\GNN\packagedData\graphs\CTU-Malware-Capture-Botnet-54\CTU-Malware-Capture-Botnet-54__20110815_213500.pt,CTU-Malware-Capture-Botnet-54\CTU-Malware-Capture-Botnet-54__20110815_213500.pt,data/virutFamily/CTU-Malware-Capture-Botnet-54/capture20110815-3.binetflow,2011-08-15T21:35:00,2011-08-15T21:40:00,4925,4984,24,11,6,1,5,4919,train
CTU-Malware-Capture-Botnet-54,Virut,C:\Users\Montana\My Code\CSCI611_Montana_Pawek\GNN\packagedData\graphs\CTU-Malware-Capture-Botnet-54\CTU-Malware-Capture-Botnet-54__20110815_214000.pt,CTU-Malware-Capture-Botnet-54\CTU-Malware-Capture-Botnet-54__20110815_214000.pt,data/virutFamily/CTU-Malware-Capture-Botnet-54/capture20110815-3.binetflow,2011-08-15T21:40:00,2011-08-15T21:45:00,5022,5079,24,11,5,1,4,5017,train
CTU-Malware-Capture-Botnet-54,Virut,C:\Users\Montana\My Code\CSCI611_Montana_Pawek\GNN\packagedData\graphs\CTU-Malware-Capture-Botnet-54\CTU-Malware-Capture-Botnet-54__20110815_214500.pt,CTU-Malware-Capture-Botnet-54\CTU-Malware-Capture-Botnet-54__20110815_214500.pt,data/virutFamily/CTU-Malware-Capture-Botnet-54/capture20110815-3.binetflow,2011-08-15T21:45:00,2011-08-15T21:50:00,4680,4749,24,11,6,1,5,4674,train
CTU-Malware-Capture-Botnet-54,Virut,C:\Users\Montana\My Code\CSCI611_Montana_Pawek\GNN\packagedData\graphs\CTU-Malware-Capture-Botnet-54\CTU-Malware-Capture-Botnet-54__20110815_215000.pt,CTU-Malware-Capture-Botnet-54\CTU-Malware-Capture-Botnet-54__20110815_215000.pt,data/virutFamily/CTU-Malware-Capture-Botnet-54/capture20110815-3.binetflow,2011-08-15T21:50:00,2011-08-15T21:55:00,4578,4634,24,11,5,1,4,4573,train
CTU-Malware-Capture-Botnet-54,Virut,C:\Users\Montana\My Code\CSCI611_Montana_Pawek\GNN\packagedData\graphs\CTU-Malware-Capture-Botnet-54\CTU-Malware-Capture-Botnet-54__20110815_215500.pt,CTU-Malware-Capture-Botnet-54\CTU-Malware-Capture-Botnet-54__20110815_215500.pt,data/virutFamily/CTU-Malware-Capture-Botnet-54/capture20110815-3.binetflow,2011-08-15T21:55:00,2011-08-15T22:00:00,4684,4746,24,11,5,1,4,4679,train
CTU-Malware-Capture-Botnet-54,Virut,C:\Users\Montana\My Code\CSCI611_Montana_Pawek\GNN\packagedData\graphs\CTU-Malware-Capture-Botnet-54\CTU-Malware-Capture-Botnet-54__20110815_220000.pt,CTU-Malware-Capture-Botnet-54\CTU-Malware-Capture-Botnet-54__20110815_220000.pt,data/virutFamily/CTU-Malware-Capture-Botnet-54/capture20110815-3.binetflow,2011-08-15T22:00:00,2011-08-15T22:05:00,4471,4520,24,11,5,1,4,4466,train
CTU-Malware-Capture-Botnet-54,Virut,C:\Users\Montana\My Code\CSCI611_Montana_Pawek\GNN\packagedData\graphs\CTU-Malware-Capture-Botnet-54\CTU-Malware-Capture-Botnet-54__20110815_220500.pt,CTU-Malware-Capture-Botnet-54\CTU-Malware-Capture-Botnet-54__20110815_220500.pt,data/virutFamily/CTU-Malware-Capture-Botnet-54/capture20110815-3.binetflow,2011-08-15T22:05:00,2011-08-15T22:10:00,4388,4430,24,11,5,1,4,4383,train
CTU-Malware-Capture-Botnet-54,Virut,C:\Users\Montana\My Code\CSCI611_Montana_Pawek\GNN\packagedData\graphs\CTU-Malware-Capture-Botnet-54\CTU-Malware-Capture-Botnet-54__20110815_221000.pt,CTU-Malware-Capture-Botnet-54\CTU-Malware-Capture-Botnet-54__20110815_221000.pt,data/virutFamily/CTU-Malware-Capture-Botnet-54/capture20110815-3.binetflow,2011-08-15T22:10:00,2011-08-15T22:15:00,4715,4768,24,11,6,1,5,4709,train
CTU-Malware-Capture-Botnet-54,Virut,C:\Users\Montana\My Code\CSCI611_Montana_Pawek\GNN\packagedData\graphs\CTU-Malware-Capture-Botnet-54\CTU-Malware-Capture-Botnet-54__20110815_221500.pt,CTU-Malware-Capture-Botnet-54\CTU-Malware-Capture-Botnet-54__20110815_221500.pt,data/virutFamily/CTU-Malware-Capture-Botnet-54/capture20110815-3.binetflow,2011-08-15T22:15:00,2011-08-15T22:20:00,4825,4887,24,11,6,1,5,4819,train
CTU-Malware-Capture-Botnet-54,Virut,C:\Users\Montana\My Code\CSCI611_Montana_Pawek\GNN\packagedData\graphs\CTU-Malware-Capture-Botnet-54\CTU-Malware-Capture-Botnet-54__20110815_222000.pt,CTU-Malware-Capture-Botnet-54\CTU-Malware-Capture-Botnet-54__20110815_222000.pt,data/virutFamily/CTU-Malware-Capture-Botnet-54/capture20110815-3.binetflow,2011-08-15T22:20:00,2011-08-15T22:25:00,4564,4605,24,11,5,1,4,4559,train
CTU-Malware-Capture-Botnet-54,Virut,C:\Users\Montana\My Code\CSCI611_Montana_Pawek\GNN\packagedData\graphs\CTU-Malware-Capture-Botnet-54\CTU-Malware-Capture-Botnet-54__20110815_222500.pt,CTU-Malware-Capture-Botnet-54\CTU-Malware-Capture-Botnet-54__20110815_222500.pt,data/virutFamily/CTU-Malware-Capture-Botnet-54/capture20110815-3.binetflow,2011-08-15T22:25:00,2011-08-15T22:30:00,4875,4943,24,11,5,1,4,4870,train
CTU-Malware-Capture-Botnet-54,Virut,C:\Users\Montana\My Code\CSCI611_Montana_Pawek\GNN\packagedData\graphs\CTU-Malware-Capture-Botnet-54\CTU-Malware-Capture-Botnet-54__20110815_223000.pt,CTU-Malware-Capture-Botnet-54\CTU-Malware-Capture-Botnet-54__20110815_223000.pt,data/virutFamily/CTU-Malware-Capture-Botnet-54/capture20110815-3.binetflow,2011-08-15T22:30:00,2011-08-15T22:35:00,4790,4872,24,11,6,1,5,4784,train
CTU-Malware-Capture-Botnet-54,Virut,C:\Users\Montana\My Code\CSCI611_Montana_Pawek\GNN\packagedData\graphs\CTU-Malware-Capture-Botnet-54\CTU-Malware-Capture-Botnet-54__20110815_223500.pt,CTU-Malware-Capture-Botnet-54\CTU-Malware-Capture-Botnet-54__20110815_223500.pt,data/virutFamily/CTU-Malware-Capture-Botnet-54/capture20110815-3.binetflow,2011-08-15T22:35:00,2011-08-15T22:40:00,4950,5021,24,11,6,1,5,4944,train
CTU-Malware-Capture-Botnet-54,Virut,C:\Users\Montana\My Code\CSCI611_Montana_Pawek\GNN\packagedData\graphs\CTU-Malware-Capture-Botnet-54\CTU-Malware-Capture-Botnet-54__20110815_224000.pt,CTU-Malware-Capture-Botnet-54\CTU-Malware-Capture-Botnet-54__20110815_224000.pt,data/virutFamily/CTU-Malware-Capture-Botnet-54/capture20110815-3.binetflow,2011-08-15T22:40:00,2011-08-15T22:45:00,4732,4806,24,11,5,1,4,4727,train
CTU-Malware-Capture-Botnet-54,Virut,C:\Users\Montana\My Code\CSCI611_Montana_Pawek\GNN\packagedData\graphs\CTU-Malware-Capture-Botnet-54\CTU-Malware-Capture-Botnet-54__20110815_224500.pt,CTU-Malware-Capture-Botnet-54\CTU-Malware-Capture-Botnet-54__20110815_224500.pt,data/virutFamily/CTU-Malware-Capture-Botnet-54/capture20110815-3.binetflow,2011-08-15T22:45:00,2011-08-15T22:50:00,4734,4771,24,11,6,1,5,4728,train
CTU-Malware-Capture-Botnet-54,Virut,C:\Users\Montana\My Code\CSCI611_Montana_Pawek\GNN\packagedData\graphs\CTU-Malware-Capture-Botnet-54\CTU-Malware-Capture-Botnet-54__20110815_225000.pt,CTU-Malware-Capture-Botnet-54\CTU-Malware-Capture-Botnet-54__20110815_225000.pt,data/virutFamily/CTU-Malware-Capture-Botnet-54/capture20110815-3.binetflow,2011-08-15T22:50:00,2011-08-15T22:55:00,4775,4831,24,11,6,1,5,4769,train
CTU-Malware-Capture-Botnet-54,Virut,C:\Users\Montana\My Code\CSCI611_Montana_Pawek\GNN\packagedData\graphs\CTU-Malware-Capture-Botnet-54\CTU-Malware-Capture-Botnet-54__20110815_225500.pt,CTU-Malware-Capture-Botnet-54\CTU-Malware-Capture-Botnet-54__20110815_225500.pt,data/virutFamily/CTU-Malware-Capture-Botnet-54/capture20110815-3.binetflow,2011-08-15T22:55:00,2011-08-15T23:00:00,4474,4501,24,11,5,1,4,4469,train
CTU-Malware-Capture-Botnet-54,Virut,C:\Users\Montana\My Code\CSCI611_Montana_Pawek\GNN\packagedData\graphs\CTU-Malware-Capture-Botnet-54\CTU-Malware-Capture-Botnet-54__20110815_230000.pt,CTU-Malware-Capture-Botnet-54\CTU-Malware-Capture-Botnet-54__20110815_230000.pt,data/virutFamily/CTU-Malware-Capture-Botnet-54/capture20110815-3.binetflow,2011-08-15T23:00:00,2011-08-15T23:05:00,4362,4419,24,11,5,1,4,4357,train
CTU-Malware-Capture-Botnet-54,Virut,C:\Users\Montana\My Code\CSCI611_Montana_Pawek\GNN\packagedData\graphs\CTU-Malware-Capture-Botnet-54\CTU-Malware-Capture-Botnet-54__20110815_230500.pt,CTU-Malware-Capture-Botnet-54\CTU-Malware-Capture-Botnet-54__20110815_230500.pt,data/virutFamily/CTU-Malware-Capture-Botnet-54/capture20110815-3.binetflow,2011-08-15T23:05:00,2011-08-15T23:10:00,5032,5105,24,11,5,1,4,5027,train
CTU-Malware-Capture-Botnet-54,Virut,C:\Users\Montana\My Code\CSCI611_Montana_Pawek\GNN\packagedData\graphs\CTU-Malware-Capture-Botnet-54\CTU-Malware-Capture-Botnet-54__20110815_231000.pt,CTU-Malware-Capture-Botnet-54\CTU-Malware-Capture-Botnet-54__20110815_231000.pt,data/virutFamily/CTU-Malware-Capture-Botnet-54/capture20110815-3.binetflow,2011-08-15T23:10:00,2011-08-15T23:15:00,4767,4826,24,11,5,1,4,4762,train
CTU-Malware-Capture-Botnet-54,Virut,C:\Users\Montana\My Code\CSCI611_Montana_Pawek\GNN\packagedData\graphs\CTU-Malware-Capture-Botnet-54\CTU-Malware-Capture-Botnet-54__20110815_231500.pt,CTU-Malware-Capture-Botnet-54\CTU-Malware-Capture-Botnet-54__20110815_231500.pt,data/virutFamily/CTU-Malware-Capture-Botnet-54/capture20110815-3.binetflow,2011-08-15T23:15:00,2011-08-15T23:20:00,4715,4762,24,11,6,1,5,4709,train
CTU-Malware-Capture-Botnet-54,Virut,C:\Users\Montana\My Code\CSCI611_Montana_Pawek\GNN\packagedData\graphs\CTU-Malware-Capture-Botnet-54\CTU-Malware-Capture-Botnet-54__20110815_232000.pt,CTU-Malware-Capture-Botnet-54\CTU-Malware-Capture-Botnet-54__20110815_232000.pt,data/virutFamily/CTU-Malware-Capture-Botnet-54/capture20110815-3.binetflow,2011-08-15T23:20:00,2011-08-15T23:25:00,5198,5659,24,11,7,1,6,5191,train
CTU-Malware-Capture-Botnet-54,Virut,C:\Users\Montana\My Code\CSCI611_Montana_Pawek\GNN\packagedData\graphs\CTU-Malware-Capture-Botnet-54\CTU-Malware-Capture-Botnet-54__20110815_232500.pt,CTU-Malware-Capture-Botnet-54\CTU-Malware-Capture-Botnet-54__20110815_232500.pt,data/virutFamily/CTU-Malware-Capture-Botnet-54/capture20110815-3.binetflow,2011-08-15T23:25:00,2011-08-15T23:30:00,4182,4206,24,11,5,1,4,4177,train
CTU-Malware-Capture-Botnet-54,Virut,C:\Users\Montana\My Code\CSCI611_Montana_Pawek\GNN\packagedData\graphs\CTU-Malware-Capture-Botnet-54\CTU-Malware-Capture-Botnet-54__20110815_233000.pt,CTU-Malware-Capture-Botnet-54\CTU-Malware-Capture-Botnet-54__20110815_233000.pt,data/virutFamily/CTU-Malware-Capture-Botnet-54/capture20110815-3.binetflow,2011-08-15T23:30:00,2011-08-15T23:35:00,4928,5479,24,11,7,1,6,4921,train
CTU-Malware-Capture-Botnet-54,Virut,C:\Users\Montana\My Code\CSCI611_Montana_Pawek\GNN\packagedData\graphs\CTU-Malware-Capture-Botnet-54\CTU-Malware-Capture-Botnet-54__20110815_233500.pt,CTU-Malware-Capture-Botnet-54\CTU-Malware-Capture-Botnet-54__20110815_233500.pt,data/virutFamily/CTU-Malware-Capture-Botnet-54/capture20110815-3.binetflow,2011-08-15T23:35:00,2011-08-15T23:40:00,4327,4413,24,11,6,1,5,4321,train
CTU-Malware-Capture-Botnet-54,Virut,C:\Users\Montana\My Code\CSCI611_Montana_Pawek\GNN\packagedData\graphs\CTU-Malware-Capture-Botnet-54\CTU-Malware-Capture-Botnet-54__20110815_234000.pt,CTU-Malware-Capture-Botnet-54\CTU-Malware-Capture-Botnet-54__20110815_234000.pt,data/virutFamily/CTU-Malware-Capture-Botnet-54/capture20110815-3.binetflow,2011-08-15T23:40:00,2011-08-15T23:45:00,4125,4195,24,11,6,1,5,4119,train
CTU-Malware-Capture-Botnet-54,Virut,C:\Users\Montana\My Code\CSCI611_Montana_Pawek\GNN\packagedData\graphs\CTU-Malware-Capture-Botnet-54\CTU-Malware-Capture-Botnet-54__20110815_234500.pt,CTU-Malware-Capture-Botnet-54\CTU-Malware-Capture-Botnet-54__20110815_234500.pt,data/virutFamily/CTU-Malware-Capture-Botnet-54/capture20110815-3.binetflow,2011-08-15T23:45:00,2011-08-15T23:50:00,4265,4319,24,11,6,1,5,4259,train
CTU-Malware-Capture-Botnet-54,Virut,C:\Users\Montana\My Code\CSCI611_Montana_Pawek\GNN\packagedData\graphs\CTU-Malware-Capture-Botnet-54\CTU-Malware-Capture-Botnet-54__20110815_235000.pt,CTU-Malware-Capture-Botnet-54\CTU-Malware-Capture-Botnet-54__20110815_235000.pt,data/virutFamily/CTU-Malware-Capture-Botnet-54/capture20110815-3.binetflow,2011-08-15T23:50:00,2011-08-15T23:55:00,4214,4278,24,11,5,1,4,4209,train
CTU-Malware-Capture-Botnet-54,Virut,C:\Users\Montana\My Code\CSCI611_Montana_Pawek\GNN\packagedData\graphs\CTU-Malware-Capture-Botnet-54\CTU-Malware-Capture-Botnet-54__20110815_235500.pt,CTU-Malware-Capture-Botnet-54\CTU-Malware-Capture-Botnet-54__20110815_235500.pt,data/virutFamily/CTU-Malware-Capture-Botnet-54/capture20110815-3.binetflow,2011-08-15T23:55:00,2011-08-16T00:00:00,3905,3924,24,11,6,1,5,3899,train
CTU-Malware-Capture-Botnet-54,Virut,C:\Users\Montana\My Code\CSCI611_Montana_Pawek\GNN\packagedData\graphs\CTU-Malware-Capture-Botnet-54\CTU-Malware-Capture-Botnet-54__20110816_000000.pt,CTU-Malware-Capture-Botnet-54\CTU-Malware-Capture-Botnet-54__20110816_000000.pt,data/virutFamily/CTU-Malware-Capture-Botnet-54/capture20110815-3.binetflow,2011-08-16T00:00:00,2011-08-16T00:05:00,4091,4140,24,11,5,1,4,4086,train
CTU-Malware-Capture-Botnet-54,Virut,C:\Users\Montana\My Code\CSCI611_Montana_Pawek\GNN\packagedData\graphs\CTU-Malware-Capture-Botnet-54\CTU-Malware-Capture-Botnet-54__20110816_000500.pt,CTU-Malware-Capture-Botnet-54\CTU-Malware-Capture-Botnet-54__20110816_000500.pt,data/virutFamily/CTU-Malware-Capture-Botnet-54/capture20110815-3.binetflow,2011-08-16T00:05:00,2011-08-16T00:10:00,3804,3830,24,11,5,1,4,3799,train
CTU-Malware-Capture-Botnet-54,Virut,C:\Users\Montana\My Code\CSCI611_Montana_Pawek\GNN\packagedData\graphs\CTU-Malware-Capture-Botnet-54\CTU-Malware-Capture-Botnet-54__20110816_001000.pt,CTU-Malware-Capture-Botnet-54\CTU-Malware-Capture-Botnet-54__20110816_001000.pt,data/virutFamily/CTU-Malware-Capture-Botnet-54/capture20110815-3.binetflow,2011-08-16T00:10:00,2011-08-16T00:15:00,3827,3876,24,11,6,1,5,3821,train
CTU-Malware-Capture-Botnet-54,Virut,C:\Users\Montana\My Code\CSCI611_Montana_Pawek\GNN\packagedData\graphs\CTU-Malware-Capture-Botnet-54\CTU-Malware-Capture-Botnet-54__20110816_001500.pt,CTU-Malware-Capture-Botnet-54\CTU-Malware-Capture-Botnet-54__20110816_001500.pt,data/virutFamily/CTU-Malware-Capture-Botnet-54/capture20110815-3.binetflow,2011-08-16T00:15:00,2011-08-16T00:20:00,4020,4096,24,11,6,1,5,4014,train
CTU-Malware-Capture-Botnet-54,Virut,C:\Users\Montana\My Code\CSCI611_Montana_Pawek\GNN\packagedData\graphs\CTU-Malware-Capture-Botnet-54\CTU-Malware-Capture-Botnet-54__20110816_002000.pt,CTU-Malware-Capture-Botnet-54\CTU-Malware-Capture-Botnet-54__20110816_002000.pt,data/virutFamily/CTU-Malware-Capture-Botnet-54/capture20110815-3.binetflow,2011-08-16T00:20:00,2011-08-16T00:25:00,3904,3954,24,11,5,1,4,3899,train
CTU-Malware-Capture-Botnet-54,Virut,C:\Users\Montana\My Code\CSCI611_Montana_Pawek\GNN\packagedData\graphs\CTU-Malware-Capture-Botnet-54\CTU-Malware-Capture-Botnet-54__20110816_002500.pt,CTU-Malware-Capture-Botnet-54\CTU-Malware-Capture-Botnet-54__20110816_002500.pt,data/virutFamily/CTU-Malware-Capture-Botnet-54/capture20110815-3.binetflow,2011-08-16T00:25:00,2011-08-16T00:30:00,4043,4108,24,11,5,1,4,4038,train
CTU-Malware-Capture-Botnet-54,Virut,C:\Users\Montana\My Code\CSCI611_Montana_Pawek\GNN\packagedData\graphs\CTU-Malware-Capture-Botnet-54\CTU-Malware-Capture-Botnet-54__20110816_003000.pt,CTU-Malware-Capture-Botnet-54\CTU-Malware-Capture-Botnet-54__20110816_003000.pt,data/virutFamily/CTU-Malware-Capture-Botnet-54/capture20110815-3.binetflow,2011-08-16T00:30:00,2011-08-16T00:35:00,3935,3986,24,11,5,1,4,3930,train
CTU-Malware-Capture-Botnet-54,Virut,C:\Users\Montana\My Code\CSCI611_Montana_Pawek\GNN\packagedData\graphs\CTU-Malware-Capture-Botnet-54\CTU-Malware-Capture-Botnet-54__20110816_003500.pt,CTU-Malware-Capture-Botnet-54\CTU-Malware-Capture-Botnet-54__20110816_003500.pt,data/virutFamily/CTU-Malware-Capture-Botnet-54/capture20110815-3.binetflow,2011-08-16T00:35:00,2011-08-16T00:40:00,4041,4118,24,11,5,1,4,4036,train
CTU-Malware-Capture-Botnet-54,Virut,C:\Users\Montana\My Code\CSCI611_Montana_Pawek\GNN\packagedData\graphs\CTU-Malware-Capture-Botnet-54\CTU-Malware-Capture-Botnet-54__20110816_004000.pt,CTU-Malware-Capture-Botnet-54\CTU-Malware-Capture-Botnet-54__20110816_004000.pt,data/virutFamily/CTU-Malware-Capture-Botnet-54/capture20110815-3.binetflow,2011-08-16T00:40:00,2011-08-16T00:45:00,3624,3674,24,11,5,1,4,3619,train
CTU-Malware-Capture-Botnet-54,Virut,C:\Users\Montana\My Code\CSCI611_Montana_Pawek\GNN\packagedData\graphs\CTU-Malware-Capture-Botnet-54\CTU-Malware-Capture-Botnet-54__20110816_004500.pt,CTU-Malware-Capture-Botnet-54\CTU-Malware-Capture-Botnet-54__20110816_004500.pt,data/virutFamily/CTU-Malware-Capture-Botnet-54/capture20110815-3.binetflow,2011-08-16T00:45:00,2011-08-16T00:50:00,4211,4305,24,11,5,1,4,4206,train
CTU-Malware-Capture-Botnet-54,Virut,C:\Users\Montana\My Code\CSCI611_Montana_Pawek\GNN\packagedData\graphs\CTU-Malware-Capture-Botnet-54\CTU-Malware-Capture-Botnet-54__20110816_005000.pt,CTU-Malware-Capture-Botnet-54\CTU-Malware-Capture-Botnet-54__20110816_005000.pt,data/virutFamily/CTU-Malware-Capture-Botnet-54/capture20110815-3.binetflow,2011-08-16T00:50:00,2011-08-16T00:55:00,4276,4598,24,11,7,1,6,4269,train
CTU-Malware-Capture-Botnet-54,Virut,C:\Users\Montana\My Code\CSCI611_Montana_Pawek\GNN\packagedData\graphs\CTU-Malware-Capture-Botnet-54\CTU-Malware-Capture-Botnet-54__20110816_005500.pt,CTU-Malware-Capture-Botnet-54\CTU-Malware-Capture-Botnet-54__20110816_005500.pt,data/virutFamily/CTU-Malware-Capture-Botnet-54/capture20110815-3.binetflow,2011-08-16T00:55:00,2011-08-16T01:00:00,3658,3757,24,11,5,1,4,3653,train
CTU-Malware-Capture-Botnet-54,Virut,C:\Users\Montana\My Code\CSCI611_Montana_Pawek\GNN\packagedData\graphs\CTU-Malware-Capture-Botnet-54\CTU-Malware-Capture-Botnet-54__20110816_010000.pt,CTU-Malware-Capture-Botnet-54\CTU-Malware-Capture-Botnet-54__20110816_010000.pt,data/virutFamily/CTU-Malware-Capture-Botnet-54/capture20110815-3.binetflow,2011-08-16T01:00:00,2011-08-16T01:05:00,3998,4062,24,11,5,1,4,3993,train
CTU-Malware-Capture-Botnet-54,Virut,C:\Users\Montana\My Code\CSCI611_Montana_Pawek\GNN\packagedData\graphs\CTU-Malware-Capture-Botnet-54\CTU-Malware-Capture-Botnet-54__20110816_010500.pt,CTU-Malware-Capture-Botnet-54\CTU-Malware-Capture-Botnet-54__20110816_010500.pt,data/virutFamily/CTU-Malware-Capture-Botnet-54/capture20110815-3.binetflow,2011-08-16T01:05:00,2011-08-16T01:10:00,3645,3679,24,11,5,1,4,3640,train
CTU-Malware-Capture-Botnet-54,Virut,C:\Users\Montana\My Code\CSCI611_Montana_Pawek\GNN\packagedData\graphs\CTU-Malware-Capture-Botnet-54\CTU-Malware-Capture-Botnet-54__20110816_011000.pt,CTU-Malware-Capture-Botnet-54\CTU-Malware-Capture-Botnet-54__20110816_011000.pt,data/virutFamily/CTU-Malware-Capture-Botnet-54/capture20110815-3.binetflow,2011-08-16T01:10:00,2011-08-16T01:15:00,4185,4461,24,11,7,1,6,4178,train
CTU-Malware-Capture-Botnet-54,Virut,C:\Users\Montana\My Code\CSCI611_Montana_Pawek\GNN\packagedData\graphs\CTU-Malware-Capture-Botnet-54\CTU-Malware-Capture-Botnet-54__20110816_011500.pt,CTU-Malware-Capture-Botnet-54\CTU-Malware-Capture-Botnet-54__20110816_011500.pt,data/virutFamily/CTU-Malware-Capture-Botnet-54/capture20110815-3.binetflow,2011-08-16T01:15:00,2011-08-16T01:20:00,3741,3821,24,11,6,1,5,3735,train
CTU-Malware-Capture-Botnet-54,Virut,C:\Users\Montana\My Code\CSCI611_Montana_Pawek\GNN\packagedData\graphs\CTU-Malware-Capture-Botnet-54\CTU-Malware-Capture-Botnet-54__20110816_012000.pt,CTU-Malware-Capture-Botnet-54\CTU-Malware-Capture-Botnet-54__20110816_012000.pt,data/virutFamily/CTU-Malware-Capture-Botnet-54/capture20110815-3.binetflow,2011-08-16T01:20:00,2011-08-16T01:25:00,3569,3643,24,11,5,1,4,3564,train
CTU-Malware-Capture-Botnet-54,Virut,C:\Users\Montana\My Code\CSCI611_Montana_Pawek\GNN\packagedData\graphs\CTU-Malware-Capture-Botnet-54\CTU-Malware-Capture-Botnet-54__20110816_012500.pt,CTU-Malware-Capture-Botnet-54\CTU-Malware-Capture-Botnet-54__20110816_012500.pt,data/virutFamily/CTU-Malware-Capture-Botnet-54/capture20110815-3.binetflow,2011-08-16T01:25:00,2011-08-16T01:30:00,3593,3679,24,11,5,1,4,3588,train
CTU-Malware-Capture-Botnet-54,Virut,C:\Users\Montana\My Code\CSCI611_Montana_Pawek\GNN\packagedData\graphs\CTU-Malware-Capture-Botnet-54\CTU-Malware-Capture-Botnet-54__20110816_013000.pt,CTU-Malware-Capture-Botnet-54\CTU-Malware-Capture-Botnet-54__20110816_013000.pt,data/virutFamily/CTU-Malware-Capture-Botnet-54/capture20110815-3.binetflow,2011-08-16T01:30:00,2011-08-16T01:35:00,3353,3418,24,11,5,1,4,3348,train
CTU-Malware-Capture-Botnet-54,Virut,C:\Users\Montana\My Code\CSCI611_Montana_Pawek\GNN\packagedData\graphs\CTU-Malware-Capture-Botnet-54\CTU-Malware-Capture-Botnet-54__20110816_013500.pt,CTU-Malware-Capture-Botnet-54\CTU-Malware-Capture-Botnet-54__20110816_013500.pt,data/virutFamily/CTU-Malware-Capture-Botnet-54/capture20110815-3.binetflow,2011-08-16T01:35:00,2011-08-16T01:40:00,3464,3517,24,11,5,1,4,3459,train
CTU-Malware-Capture-Botnet-54,Virut,C:\Users\Montana\My Code\CSCI611_Montana_Pawek\GNN\packagedData\graphs\CTU-Malware-Capture-Botnet-54\CTU-Malware-Capture-Botnet-54__20110816_014000.pt,CTU-Malware-Capture-Botnet-54\CTU-Malware-Capture-Botnet-54__20110816_014000.pt,data/virutFamily/CTU-Malware-Capture-Botnet-54/capture20110815-3.binetflow,2011-08-16T01:40:00,2011-08-16T01:45:00,3378,3431,24,11,5,1,4,3373,train
CTU-Malware-Capture-Botnet-54,Virut,C:\Users\Montana\My Code\CSCI611_Montana_Pawek\GNN\packagedData\graphs\CTU-Malware-Capture-Botnet-54\CTU-Malware-Capture-Botnet-54__20110816_014500.pt,CTU-Malware-Capture-Botnet-54\CTU-Malware-Capture-Botnet-54__20110816_014500.pt,data/virutFamily/CTU-Malware-Capture-Botnet-54/capture20110815-3.binetflow,2011-08-16T01:45:00,2011-08-16T01:50:00,3223,3281,24,11,5,1,4,3218,train
CTU-Malware-Capture-Botnet-54,Virut,C:\Users\Montana\My Code\CSCI611_Montana_Pawek\GNN\packagedData\graphs\CTU-Malware-Capture-Botnet-54\CTU-Malware-Capture-Botnet-54__20110816_015000.pt,CTU-Malware-Capture-Botnet-54\CTU-Malware-Capture-Botnet-54__20110816_015000.pt,data/virutFamily/CTU-Malware-Capture-Botnet-54/capture20110815-3.binetflow,2011-08-16T01:50:00,2011-08-16T01:55:00,3290,3350,24,11,6,1,5,3284,train
CTU-Malware-Capture-Botnet-54,Virut,C:\Users\Montana\My Code\CSCI611_Montana_Pawek\GNN\packagedData\graphs\CTU-Malware-Capture-Botnet-54\CTU-Malware-Capture-Botnet-54__20110816_015500.pt,CTU-Malware-Capture-Botnet-54\CTU-Malware-Capture-Botnet-54__20110816_015500.pt,data/virutFamily/CTU-Malware-Capture-Botnet-54/capture20110815-3.binetflow,2011-08-16T01:55:00,2011-08-16T02:00:00,3518,3573,24,11,6,1,5,3512,train
CTU-Malware-Capture-Botnet-54,Virut,C:\Users\Montana\My Code\CSCI611_Montana_Pawek\GNN\packagedData\graphs\CTU-Malware-Capture-Botnet-54\CTU-Malware-Capture-Botnet-54__20110816_020000.pt,CTU-Malware-Capture-Botnet-54\CTU-Malware-Capture-Botnet-54__20110816_020000.pt,data/virutFamily/CTU-Malware-Capture-Botnet-54/capture20110815-3.binetflow,2011-08-16T02:00:00,2011-08-16T02:05:00,3692,3805,24,11,6,1,5,3686,train
CTU-Malware-Capture-Botnet-54,Virut,C:\Users\Montana\My Code\CSCI611_Montana_Pawek\GNN\packagedData\graphs\CTU-Malware-Capture-Botnet-54\CTU-Malware-Capture-Botnet-54__20110816_020500.pt,CTU-Malware-Capture-Botnet-54\CTU-Malware-Capture-Botnet-54__20110816_020500.pt,data/virutFamily/CTU-Malware-Capture-Botnet-54/capture20110815-3.binetflow,2011-08-16T02:05:00,2011-08-16T02:10:00,3504,3526,24,11,5,1,4,3499,train
CTU-Malware-Capture-Botnet-54,Virut,C:\Users\Montana\My Code\CSCI611_Montana_Pawek\GNN\packagedData\graphs\CTU-Malware-Capture-Botnet-54\CTU-Malware-Capture-Botnet-54__20110816_021000.pt,CTU-Malware-Capture-Botnet-54\CTU-Malware-Capture-Botnet-54__20110816_021000.pt,data/virutFamily/CTU-Malware-Capture-Botnet-54/capture20110815-3.binetflow,2011-08-16T02:10:00,2011-08-16T02:15:00,3463,3511,24,11,5,1,4,3458,train
CTU-Malware-Capture-Botnet-54,Virut,C:\Users\Montana\My Code\CSCI611_Montana_Pawek\GNN\packagedData\graphs\CTU-Malware-Capture-Botnet-54\CTU-Malware-Capture-Botnet-54__20110816_021500.pt,CTU-Malware-Capture-Botnet-54\CTU-Malware-Capture-Botnet-54__20110816_021500.pt,data/virutFamily/CTU-Malware-Capture-Botnet-54/capture20110815-3.binetflow,2011-08-16T02:15:00,2011-08-16T02:20:00,3428,3470,24,11,6,1,5,3422,train
CTU-Malware-Capture-Botnet-54,Virut,C:\Users\Montana\My Code\CSCI611_Montana_Pawek\GNN\packagedData\graphs\CTU-Malware-Capture-Botnet-54\CTU-Malware-Capture-Botnet-54__20110816_022000.pt,CTU-Malware-Capture-Botnet-54\CTU-Malware-Capture-Botnet-54__20110816_022000.pt,data/virutFamily/CTU-Malware-Capture-Botnet-54/capture20110815-3.binetflow,2011-08-16T02:20:00,2011-08-16T02:25:00,3403,3485,24,11,5,1,4,3398,train
CTU-Malware-Capture-Botnet-54,Virut,C:\Users\Montana\My Code\CSCI611_Montana_Pawek\GNN\packagedData\graphs\CTU-Malware-Capture-Botnet-54\CTU-Malware-Capture-Botnet-54__20110816_022500.pt,CTU-Malware-Capture-Botnet-54\CTU-Malware-Capture-Botnet-54__20110816_022500.pt,data/virutFamily/CTU-Malware-Capture-Botnet-54/capture20110815-3.binetflow,2011-08-16T02:25:00,2011-08-16T02:30:00,3257,3297,24,11,5,1,4,3252,train
CTU-Malware-Capture-Botnet-54,Virut,C:\Users\Montana\My Code\CSCI611_Montana_Pawek\GNN\packagedData\graphs\CTU-Malware-Capture-Botnet-54\CTU-Malware-Capture-Botnet-54__20110816_023000.pt,CTU-Malware-Capture-Botnet-54\CTU-Malware-Capture-Botnet-54__20110816_023000.pt,data/virutFamily/CTU-Malware-Capture-Botnet-54/capture20110815-3.binetflow,2011-08-16T02:30:00,2011-08-16T02:35:00,3439,3490,24,11,5,1,4,3434,train
CTU-Malware-Capture-Botnet-54,Virut,C:\Users\Montana\My Code\CSCI611_Montana_Pawek\GNN\packagedData\graphs\CTU-Malware-Capture-Botnet-54\CTU-Malware-Capture-Botnet-54__20110816_023500.pt,CTU-Malware-Capture-Botnet-54\CTU-Malware-Capture-Botnet-54__20110816_023500.pt,data/virutFamily/CTU-Malware-Capture-Botnet-54/capture20110815-3.binetflow,2011-08-16T02:35:00,2011-08-16T02:40:00,3269,3315,24,11,5,1,4,3264,train
CTU-Malware-Capture-Botnet-54,Virut,C:\Users\Montana\My Code\CSCI611_Montana_Pawek\GNN\packagedData\graphs\CTU-Malware-Capture-Botnet-54\CTU-Malware-Capture-Botnet-54__20110816_024000.pt,CTU-Malware-Capture-Botnet-54\CTU-Malware-Capture-Botnet-54__20110816_024000.pt,data/virutFamily/CTU-Malware-Capture-Botnet-54/capture20110815-3.binetflow,2011-08-16T02:40:00,2011-08-16T02:45:00,3391,3474,24,11,5,1,4,3386,train
CTU-Malware-Capture-Botnet-54,Virut,C:\Users\Montana\My Code\CSCI611_Montana_Pawek\GNN\packagedData\graphs\CTU-Malware-Capture-Botnet-54\CTU-Malware-Capture-Botnet-54__20110816_024500.pt,CTU-Malware-Capture-Botnet-54\CTU-Malware-Capture-Botnet-54__20110816_024500.pt,data/virutFamily/CTU-Malware-Capture-Botnet-54/capture20110815-3.binetflow,2011-08-16T02:45:00,2011-08-16T02:50:00,3928,4182,24,11,7,1,6,3921,train
CTU-Malware-Capture-Botnet-54,Virut,C:\Users\Montana\My Code\CSCI611_Montana_Pawek\GNN\packagedData\graphs\CTU-Malware-Capture-Botnet-54\CTU-Malware-Capture-Botnet-54__20110816_025000.pt,CTU-Malware-Capture-Botnet-54\CTU-Malware-Capture-Botnet-54__20110816_025000.pt,data/virutFamily/CTU-Malware-Capture-Botnet-54/capture20110815-3.binetflow,2011-08-16T02:50:00,2011-08-16T02:55:00,2547,2571,24,11,5,1,4,2542,train
CTU-Malware-Capture-Botnet-54,Virut,C:\Users\Montana\My Code\CSCI611_Montana_Pawek\GNN\packagedData\graphs\CTU-Malware-Capture-Botnet-54\CTU-Malware-Capture-Botnet-54__20110816_025500.pt,CTU-Malware-Capture-Botnet-54\CTU-Malware-Capture-Botnet-54__20110816_025500.pt,data/virutFamily/CTU-Malware-Capture-Botnet-54/capture20110815-3.binetflow,2011-08-16T02:55:00,2011-08-16T03:00:00,2781,2816,24,11,5,1,4,2776,train
CTU-Malware-Capture-Botnet-54,Virut,C:\Users\Montana\My Code\CSCI611_Montana_Pawek\GNN\packagedData\graphs\CTU-Malware-Capture-Botnet-54\CTU-Malware-Capture-Botnet-54__20110816_030000.pt,CTU-Malware-Capture-Botnet-54\CTU-Malware-Capture-Botnet-54__20110816_030000.pt,data/virutFamily/CTU-Malware-Capture-Botnet-54/capture20110815-3.binetflow,2011-08-16T03:00:00,2011-08-16T03:05:00,2530,2599,24,11,6,1,5,2524,train
CTU-Malware-Capture-Botnet-54,Virut,C:\Users\Montana\My Code\CSCI611_Montana_Pawek\GNN\packagedData\graphs\CTU-Malware-Capture-Botnet-54\CTU-Malware-Capture-Botnet-54__20110816_030500.pt,CTU-Malware-Capture-Botnet-54\CTU-Malware-Capture-Botnet-54__20110816_030500.pt,data/virutFamily/CTU-Malware-Capture-Botnet-54/capture20110815-3.binetflow,2011-08-16T03:05:00,2011-08-16T03:10:00,2889,2917,24,11,5,1,4,2884,train
CTU-Malware-Capture-Botnet-54,Virut,C:\Users\Montana\My Code\CSCI611_Montana_Pawek\GNN\packagedData\graphs\CTU-Malware-Capture-Botnet-54\CTU-Malware-Capture-Botnet-54__20110816_031000.pt,CTU-Malware-Capture-Botnet-54\CTU-Malware-Capture-Botnet-54__20110816_031000.pt,data/virutFamily/CTU-Malware-Capture-Botnet-54/capture20110815-3.binetflow,2011-08-16T03:10:00,2011-08-16T03:15:00,3310,3350,24,11,5,1,4,3305,train
CTU-Malware-Capture-Botnet-54,Virut,C:\Users\Montana\My Code\CSCI611_Montana_Pawek\GNN\packagedData\graphs\CTU-Malware-Capture-Botnet-54\CTU-Malware-Capture-Botnet-54__20110816_031500.pt,CTU-Malware-Capture-Botnet-54\CTU-Malware-Capture-Botnet-54__20110816_031500.pt,data/virutFamily/CTU-Malware-Capture-Botnet-54/capture20110815-3.binetflow,2011-08-16T03:15:00,2011-08-16T03:20:00,3602,3652,24,11,5,1,4,3597,train
CTU-Malware-Capture-Botnet-54,Virut,C:\Users\Montana\My Code\CSCI611_Montana_Pawek\GNN\packagedData\graphs\CTU-Malware-Capture-Botnet-54\CTU-Malware-Capture-Botnet-54__20110816_032000.pt,CTU-Malware-Capture-Botnet-54\CTU-Malware-Capture-Botnet-54__20110816_032000.pt,data/virutFamily/CTU-Malware-Capture-Botnet-54/capture20110815-3.binetflow,2011-08-16T03:20:00,2011-08-16T03:25:00,3531,3588,24,11,5,1,4,3526,train
CTU-Malware-Capture-Botnet-54,Virut,C:\Users\Montana\My Code\CSCI611_Montana_Pawek\GNN\packagedData\graphs\CTU-Malware-Capture-Botnet-54\CTU-Malware-Capture-Botnet-54__20110816_032500.pt,CTU-Malware-Capture-Botnet-54\CTU-Malware-Capture-Botnet-54__20110816_032500.pt,data/virutFamily/CTU-Malware-Capture-Botnet-54/capture20110815-3.binetflow,2011-08-16T03:25:00,2011-08-16T03:30:00,3151,3168,24,11,5,1,4,3146,train
CTU-Malware-Capture-Botnet-54,Virut,C:\Users\Montana\My Code\CSCI611_Montana_Pawek\GNN\packagedData\graphs\CTU-Malware-Capture-Botnet-54\CTU-Malware-Capture-Botnet-54__20110816_033000.pt,CTU-Malware-Capture-Botnet-54\CTU-Malware-Capture-Botnet-54__20110816_033000.pt,data/virutFamily/CTU-Malware-Capture-Botnet-54/capture20110815-3.binetflow,2011-08-16T03:30:00,2011-08-16T03:35:00,3048,3068,24,11,6,1,5,3042,train
CTU-Malware-Capture-Botnet-54,Virut,C:\Users\Montana\My Code\CSCI611_Montana_Pawek\GNN\packagedData\graphs\CTU-Malware-Capture-Botnet-54\CTU-Malware-Capture-Botnet-54__20110816_033500.pt,CTU-Malware-Capture-Botnet-54\CTU-Malware-Capture-Botnet-54__20110816_033500.pt,data/virutFamily/CTU-Malware-Capture-Botnet-54/capture20110815-3.binetflow,2011-08-16T03:35:00,2011-08-16T03:40:00,3112,3134,24,11,5,1,4,3107,train
CTU-Malware-Capture-Botnet-54,Virut,C:\Users\Montana\My Code\CSCI611_Montana_Pawek\GNN\packagedData\graphs\CTU-Malware-Capture-Botnet-54\CTU-Malware-Capture-Botnet-54__20110816_034000.pt,CTU-Malware-Capture-Botnet-54\CTU-Malware-Capture-Botnet-54__20110816_034000.pt,data/virutFamily/CTU-Malware-Capture-Botnet-54/capture20110815-3.binetflow,2011-08-16T03:40:00,2011-08-16T03:45:00,3096,3105,24,11,6,1,5,3090,train
CTU-Malware-Capture-Botnet-54,Virut,C:\Users\Montana\My Code\CSCI611_Montana_Pawek\GNN\packagedData\graphs\CTU-Malware-Capture-Botnet-54\CTU-Malware-Capture-Botnet-54__20110816_034500.pt,CTU-Malware-Capture-Botnet-54\CTU-Malware-Capture-Botnet-54__20110816_034500.pt,data/virutFamily/CTU-Malware-Capture-Botnet-54/capture20110815-3.binetflow,2011-08-16T03:45:00,2011-08-16T03:50:00,3135,3153,24,11,5,1,4,3130,train
CTU-Malware-Capture-Botnet-54,Virut,C:\Users\Montana\My Code\CSCI611_Montana_Pawek\GNN\packagedData\graphs\CTU-Malware-Capture-Botnet-54\CTU-Malware-Capture-Botnet-54__20110816_035000.pt,CTU-Malware-Capture-Botnet-54\CTU-Malware-Capture-Botnet-54__20110816_035000.pt,data/virutFamily/CTU-Malware-Capture-Botnet-54/capture20110815-3.binetflow,2011-08-16T03:50:00,2011-08-16T03:55:00,3198,3220,24,11,5,1,4,3193,train
CTU-Malware-Capture-Botnet-54,Virut,C:\Users\Montana\My Code\CSCI611_Montana_Pawek\GNN\packagedData\graphs\CTU-Malware-Capture-Botnet-54\CTU-Malware-Capture-Botnet-54__20110816_035500.pt,CTU-Malware-Capture-Botnet-54\CTU-Malware-Capture-Botnet-54__20110816_035500.pt,data/virutFamily/CTU-Malware-Capture-Botnet-54/capture20110815-3.binetflow,2011-08-16T03:55:00,2011-08-16T04:00:00,3187,3185,24,11,5,1,4,3182,train
CTU-Malware-Capture-Botnet-54,Virut,C:\Users\Montana\My Code\CSCI611_Montana_Pawek\GNN\packagedData\graphs\CTU-Malware-Capture-Botnet-54\CTU-Malware-Capture-Botnet-54__20110816_040000.pt,CTU-Malware-Capture-Botnet-54\CTU-Malware-Capture-Botnet-54__20110816_040000.pt,data/virutFamily/CTU-Malware-Capture-Botnet-54/capture20110815-3.binetflow,2011-08-16T04:00:00,2011-08-16T04:05:00,3182,3187,24,11,6,1,5,3176,train
CTU-Malware-Capture-Botnet-54,Virut,C:\Users\Montana\My Code\CSCI611_Montana_Pawek\GNN\packagedData\graphs\CTU-Malware-Capture-Botnet-54\CTU-Malware-Capture-Botnet-54__20110816_040500.pt,CTU-Malware-Capture-Botnet-54\CTU-Malware-Capture-Botnet-54__20110816_040500.pt,data/virutFamily/CTU-Malware-Capture-Botnet-54/capture20110815-3.binetflow,2011-08-16T04:05:00,2011-08-16T04:10:00,4069,4863,24,11,7,1,6,4062,train
CTU-Malware-Capture-Botnet-54,Virut,C:\Users\Montana\My Code\CSCI611_Montana_Pawek\GNN\packagedData\graphs\CTU-Malware-Capture-Botnet-54\CTU-Malware-Capture-Botnet-54__20110816_041000.pt,CTU-Malware-Capture-Botnet-54\CTU-Malware-Capture-Botnet-54__20110816_041000.pt,data/virutFamily/CTU-Malware-Capture-Botnet-54/capture20110815-3.binetflow,2011-08-16T04:10:00,2011-08-16T04:15:00,3485,3502,24,11,5,1,4,3480,train
CTU-Malware-Capture-Botnet-54,Virut,C:\Users\Montana\My Code\CSCI611_Montana_Pawek\GNN\packagedData\graphs\CTU-Malware-Capture-Botnet-54\CTU-Malware-Capture-Botnet-54__20110816_041500.pt,CTU-Malware-Capture-Botnet-54\CTU-Malware-Capture-Botnet-54__20110816_041500.pt,data/virutFamily/CTU-Malware-Capture-Botnet-54/capture20110815-3.binetflow,2011-08-16T04:15:00,2011-08-16T04:20:00,3360,3378,24,11,5,1,4,3355,train
CTU-Malware-Capture-Botnet-54,Virut,C:\Users\Montana\My Code\CSCI611_Montana_Pawek\GNN\packagedData\graphs\CTU-Malware-Capture-Botnet-54\CTU-Malware-Capture-Botnet-54__20110816_042000.pt,CTU-Malware-Capture-Botnet-54\CTU-Malware-Capture-Botnet-54__20110816_042000.pt,data/virutFamily/CTU-Malware-Capture-Botnet-54/capture20110815-3.binetflow,2011-08-16T04:20:00,2011-08-16T04:25:00,3109,3120,24,11,5,1,4,3104,train
CTU-Malware-Capture-Botnet-54,Virut,C:\Users\Montana\My Code\CSCI611_Montana_Pawek\GNN\packagedData\graphs\CTU-Malware-Capture-Botnet-54\CTU-Malware-Capture-Botnet-54__20110816_042500.pt,CTU-Malware-Capture-Botnet-54\CTU-Malware-Capture-Botnet-54__20110816_042500.pt,data/virutFamily/CTU-Malware-Capture-Botnet-54/capture20110815-3.binetflow,2011-08-16T04:25:00,2011-08-16T04:30:00,3328,3351,24,11,5,1,4,3323,train
CTU-Malware-Capture-Botnet-54,Virut,C:\Users\Montana\My Code\CSCI611_Montana_Pawek\GNN\packagedData\graphs\CTU-Malware-Capture-Botnet-54\CTU-Malware-Capture-Botnet-54__20110816_043000.pt,CTU-Malware-Capture-Botnet-54\CTU-Malware-Capture-Botnet-54__20110816_043000.pt,data/virutFamily/CTU-Malware-Capture-Botnet-54/capture20110815-3.binetflow,2011-08-16T04:30:00,2011-08-16T04:35:00,3220,3232,24,11,6,1,5,3214,train
CTU-Malware-Capture-Botnet-54,Virut,C:\Users\Montana\My Code\CSCI611_Montana_Pawek\GNN\packagedData\graphs\CTU-Malware-Capture-Botnet-54\CTU-Malware-Capture-Botnet-54__20110816_043500.pt,CTU-Malware-Capture-Botnet-54\CTU-Malware-Capture-Botnet-54__20110816_043500.pt,data/virutFamily/CTU-Malware-Capture-Botnet-54/capture20110815-3.binetflow,2011-08-16T04:35:00,2011-08-16T04:40:00,3508,3692,24,11,7,1,6,3501,train
CTU-Malware-Capture-Botnet-54,Virut,C:\Users\Montana\My Code\CSCI611_Montana_Pawek\GNN\packagedData\graphs\CTU-Malware-Capture-Botnet-54\CTU-Malware-Capture-Botnet-54__20110816_044000.pt,CTU-Malware-Capture-Botnet-54\CTU-Malware-Capture-Botnet-54__20110816_044000.pt,data/virutFamily/CTU-Malware-Capture-Botnet-54/capture20110815-3.binetflow,2011-08-16T04:40:00,2011-08-16T04:45:00,3860,4124,24,11,7,1,6,3853,train
CTU-Malware-Capture-Botnet-54,Virut,C:\Users\Montana\My Code\CSCI611_Montana_Pawek\GNN\packagedData\graphs\CTU-Malware-Capture-Botnet-54\CTU-Malware-Capture-Botnet-54__20110816_044500.pt,CTU-Malware-Capture-Botnet-54\CTU-Malware-Capture-Botnet-54__20110816_044500.pt,data/virutFamily/CTU-Malware-Capture-Botnet-54/capture20110815-3.binetflow,2011-08-16T04:45:00,2011-08-16T04:50:00,3193,3227,24,11,5,1,4,3188,train
CTU-Malware-Capture-Botnet-54,Virut,C:\Users\Montana\My Code\CSCI611_Montana_Pawek\GNN\packagedData\graphs\CTU-Malware-Capture-Botnet-54\CTU-Malware-Capture-Botnet-54__20110816_045000.pt,CTU-Malware-Capture-Botnet-54\CTU-Malware-Capture-Botnet-54__20110816_045000.pt,data/virutFamily/CTU-Malware-Capture-Botnet-54/capture20110815-3.binetflow,2011-08-16T04:50:00,2011-08-16T04:55:00,3153,3189,24,11,5,1,4,3148,train
CTU-Malware-Capture-Botnet-54,Virut,C:\Users\Montana\My Code\CSCI611_Montana_Pawek\GNN\packagedData\graphs\CTU-Malware-Capture-Botnet-54\CTU-Malware-Capture-Botnet-54__20110816_045500.pt,CTU-Malware-Capture-Botnet-54\CTU-Malware-Capture-Botnet-54__20110816_045500.pt,data/virutFamily/CTU-Malware-Capture-Botnet-54/capture20110815-3.binetflow,2011-08-16T04:55:00,2011-08-16T05:00:00,2951,2950,24,11,5,1,4,2946,train
CTU-Malware-Capture-Botnet-54,Virut,C:\Users\Montana\My Code\CSCI611_Montana_Pawek\GNN\packagedData\graphs\CTU-Malware-Capture-Botnet-54\CTU-Malware-Capture-Botnet-54__20110816_050000.pt,CTU-Malware-Capture-Botnet-54\CTU-Malware-Capture-Botnet-54__20110816_050000.pt,data/virutFamily/CTU-Malware-Capture-Botnet-54/capture20110815-3.binetflow,2011-08-16T05:00:00,2011-08-16T05:05:00,3184,3199,24,11,6,1,5,3178,train
CTU-Malware-Capture-Botnet-54,Virut,C:\Users\Montana\My Code\CSCI611_Montana_Pawek\GNN\packagedData\graphs\CTU-Malware-Capture-Botnet-54\CTU-Malware-Capture-Botnet-54__20110816_050500.pt,CTU-Malware-Capture-Botnet-54\CTU-Malware-Capture-Botnet-54__20110816_050500.pt,data/virutFamily/CTU-Malware-Capture-Botnet-54/capture20110815-3.binetflow,2011-08-16T05:05:00,2011-08-16T05:10:00,3275,3286,24,11,5,1,4,3270,train
CTU-Malware-Capture-Botnet-54,Virut,C:\Users\Montana\My Code\CSCI611_Montana_Pawek\GNN\packagedData\graphs\CTU-Malware-Capture-Botnet-54\CTU-Malware-Capture-Botnet-54__20110816_051000.pt,CTU-Malware-Capture-Botnet-54\CTU-Malware-Capture-Botnet-54__20110816_051000.pt,data/virutFamily/CTU-Malware-Capture-Botnet-54/capture20110815-3.binetflow,2011-08-16T05:10:00,2011-08-16T05:15:00,3287,3299,24,11,5,1,4,3282,train
CTU-Malware-Capture-Botnet-54,Virut,C:\Users\Montana\My Code\CSCI611_Montana_Pawek\GNN\packagedData\graphs\CTU-Malware-Capture-Botnet-54\CTU-Malware-Capture-Botnet-54__20110816_051500.pt,CTU-Malware-Capture-Botnet-54\CTU-Malware-Capture-Botnet-54__20110816_051500.pt,data/virutFamily/CTU-Malware-Capture-Botnet-54/capture20110815-3.binetflow,2011-08-16T05:15:00,2011-08-16T05:20:00,3559,3601,24,11,6,1,5,3553,train
CTU-Malware-Capture-Botnet-54,Virut,C:\Users\Montana\My Code\CSCI611_Montana_Pawek\GNN\packagedData\graphs\CTU-Malware-Capture-Botnet-54\CTU-Malware-Capture-Botnet-54__20110816_052000.pt,CTU-Malware-Capture-Botnet-54\CTU-Malware-Capture-Botnet-54__20110816_052000.pt,data/virutFamily/CTU-Malware-Capture-Botnet-54/capture20110815-3.binetflow,2011-08-16T05:20:00,2011-08-16T05:25:00,3277,3301,24,11,6,1,5,3271,train
CTU-Malware-Capture-Botnet-54,Virut,C:\Users\Montana\My Code\CSCI611_Montana_Pawek\GNN\packagedData\graphs\CTU-Malware-Capture-Botnet-54\CTU-Malware-Capture-Botnet-54__20110816_052500.pt,CTU-Malware-Capture-Botnet-54\CTU-Malware-Capture-Botnet-54__20110816_052500.pt,data/virutFamily/CTU-Malware-Capture-Botnet-54/capture20110815-3.binetflow,2011-08-16T05:25:00,2011-08-16T05:30:00,4087,4328,24,11,7,1,6,4080,train
CTU-Malware-Capture-Botnet-54,Virut,C:\Users\Montana\My Code\CSCI611_Montana_Pawek\GNN\packagedData\graphs\CTU-Malware-Capture-Botnet-54\CTU-Malware-Capture-Botnet-54__20110816_053000.pt,CTU-Malware-Capture-Botnet-54\CTU-Malware-Capture-Botnet-54__20110816_053000.pt,data/virutFamily/CTU-Malware-Capture-Botnet-54/capture20110815-3.binetflow,2011-08-16T05:30:00,2011-08-16T05:35:00,3294,3320,24,11,5,1,4,3289,train
CTU-Malware-Capture-Botnet-54,Virut,C:\Users\Montana\My Code\CSCI611_Montana_Pawek\GNN\packagedData\graphs\CTU-Malware-Capture-Botnet-54\CTU-Malware-Capture-Botnet-54__20110816_053500.pt,CTU-Malware-Capture-Botnet-54\CTU-Malware-Capture-Botnet-54__20110816_053500.pt,data/virutFamily/CTU-Malware-Capture-Botnet-54/capture20110815-3.binetflow,2011-08-16T05:35:00,2011-08-16T05:40:00,3002,3045,24,11,6,1,5,2996,train
CTU-Malware-Capture-Botnet-54,Virut,C:\Users\Montana\My Code\CSCI611_Montana_Pawek\GNN\packagedData\graphs\CTU-Malware-Capture-Botnet-54\CTU-Malware-Capture-Botnet-54__20110816_054000.pt,CTU-Malware-Capture-Botnet-54\CTU-Malware-Capture-Botnet-54__20110816_054000.pt,data/virutFamily/CTU-Malware-Capture-Botnet-54/capture20110815-3.binetflow,2011-08-16T05:40:00,2011-08-16T05:45:00,3289,3305,24,11,6,1,5,3283,train
CTU-Malware-Capture-Botnet-54,Virut,C:\Users\Montana\My Code\CSCI611_Montana_Pawek\GNN\packagedData\graphs\CTU-Malware-Capture-Botnet-54\CTU-Malware-Capture-Botnet-54__20110816_054500.pt,CTU-Malware-Capture-Botnet-54\CTU-Malware-Capture-Botnet-54__20110816_054500.pt,data/virutFamily/CTU-Malware-Capture-Botnet-54/capture20110815-3.binetflow,2011-08-16T05:45:00,2011-08-16T05:50:00,3035,3034,24,11,7,1,6,3028,train
CTU-Malware-Capture-Botnet-54,Virut,C:\Users\Montana\My Code\CSCI611_Montana_Pawek\GNN\packagedData\graphs\CTU-Malware-Capture-Botnet-54\CTU-Malware-Capture-Botnet-54__20110816_055000.pt,CTU-Malware-Capture-Botnet-54\CTU-Malware-Capture-Botnet-54__20110816_055000.pt,data/virutFamily/CTU-Malware-Capture-Botnet-54/capture20110815-3.binetflow,2011-08-16T05:50:00,2011-08-16T05:55:00,3365,3374,24,11,6,1,5,3359,train
CTU-Malware-Capture-Botnet-54,Virut,C:\Users\Montana\My Code\CSCI611_Montana_Pawek\GNN\packagedData\graphs\CTU-Malware-Capture-Botnet-54\CTU-Malware-Capture-Botnet-54__20110816_055500.pt,CTU-Malware-Capture-Botnet-54\CTU-Malware-Capture-Botnet-54__20110816_055500.pt,data/virutFamily/CTU-Malware-Capture-Botnet-54/capture20110815-3.binetflow,2011-08-16T05:55:00,2011-08-16T06:00:00,3134,3146,24,11,6,1,5,3128,train
CTU-Malware-Capture-Botnet-54,Virut,C:\Users\Montana\My Code\CSCI611_Montana_Pawek\GNN\packagedData\graphs\CTU-Malware-Capture-Botnet-54\CTU-Malware-Capture-Botnet-54__20110816_060000.pt,CTU-Malware-Capture-Botnet-54\CTU-Malware-Capture-Botnet-54__20110816_060000.pt,data/virutFamily/CTU-Malware-Capture-Botnet-54/capture20110815-3.binetflow,2011-08-16T06:00:00,2011-08-16T06:05:00,3252,3261,24,11,6,1,5,3246,train
CTU-Malware-Capture-Botnet-54,Virut,C:\Users\Montana\My Code\CSCI611_Montana_Pawek\GNN\packagedData\graphs\CTU-Malware-Capture-Botnet-54\CTU-Malware-Capture-Botnet-54__20110816_060500.pt,CTU-Malware-Capture-Botnet-54\CTU-Malware-Capture-Botnet-54__20110816_060500.pt,data/virutFamily/CTU-Malware-Capture-Botnet-54/capture20110815-3.binetflow,2011-08-16T06:05:00,2011-08-16T06:10:00,3126,3131,24,11,5,1,4,3121,train
CTU-Malware-Capture-Botnet-54,Virut,C:\Users\Montana\My Code\CSCI611_Montana_Pawek\GNN\packagedData\graphs\CTU-Malware-Capture-Botnet-54\CTU-Malware-Capture-Botnet-54__20110816_061000.pt,CTU-Malware-Capture-Botnet-54\CTU-Malware-Capture-Botnet-54__20110816_061000.pt,data/virutFamily/CTU-Malware-Capture-Botnet-54/capture20110815-3.binetflow,2011-08-16T06:10:00,2011-08-16T06:15:00,3178,3203,24,11,6,1,5,3172,train
CTU-Malware-Capture-Botnet-54,Virut,C:\Users\Montana\My Code\CSCI611_Montana_Pawek\GNN\packagedData\graphs\CTU-Malware-Capture-Botnet-54\CTU-Malware-Capture-Botnet-54__20110816_061500.pt,CTU-Malware-Capture-Botnet-54\CTU-Malware-Capture-Botnet-54__20110816_061500.pt,data/virutFamily/CTU-Malware-Capture-Botnet-54/capture20110815-3.binetflow,2011-08-16T06:15:00,2011-08-16T06:20:00,3726,3893,24,11,7,1,6,3719,train
CTU-Malware-Capture-Botnet-54,Virut,C:\Users\Montana\My Code\CSCI611_Montana_Pawek\GNN\packagedData\graphs\CTU-Malware-Capture-Botnet-54\CTU-Malware-Capture-Botnet-54__20110816_062000.pt,CTU-Malware-Capture-Botnet-54\CTU-Malware-Capture-Botnet-54__20110816_062000.pt,data/virutFamily/CTU-Malware-Capture-Botnet-54/capture20110815-3.binetflow,2011-08-16T06:20:00,2011-08-16T06:25:00,4109,4376,24,11,7,1,6,4102,train
CTU-Malware-Capture-Botnet-54,Virut,C:\Users\Montana\My Code\CSCI611_Montana_Pawek\GNN\packagedData\graphs\CTU-Malware-Capture-Botnet-54\CTU-Malware-Capture-Botnet-54__20110816_062500.pt,CTU-Malware-Capture-Botnet-54\CTU-Malware-Capture-Botnet-54__20110816_062500.pt,data/virutFamily/CTU-Malware-Capture-Botnet-54/capture20110815-3.binetflow,2011-08-16T06:25:00,2011-08-16T06:30:00,3356,3373,24,11,5,1,4,3351,train
CTU-Malware-Capture-Botnet-54,Virut,C:\Users\Montana\My Code\CSCI611_Montana_Pawek\GNN\packagedData\graphs\CTU-Malware-Capture-Botnet-54\CTU-Malware-Capture-Botnet-54__20110816_063000.pt,CTU-Malware-Capture-Botnet-54\CTU-Malware-Capture-Botnet-54__20110816_063000.pt,data/virutFamily/CTU-Malware-Capture-Botnet-54/capture20110815-3.binetflow,2011-08-16T06:30:00,2011-08-16T06:35:00,3200,3258,24,11,5,1,4,3195,train
CTU-Malware-Capture-Botnet-54,Virut,C:\Users\Montana\My Code\CSCI611_Montana_Pawek\GNN\packagedData\graphs\CTU-Malware-Capture-Botnet-54\CTU-Malware-Capture-Botnet-54__20110816_063500.pt,CTU-Malware-Capture-Botnet-54\CTU-Malware-Capture-Botnet-54__20110816_063500.pt,data/virutFamily/CTU-Malware-Capture-Botnet-54/capture20110815-3.binetflow,2011-08-16T06:35:00,2011-08-16T06:40:00,3429,3447,24,11,5,1,4,3424,train
CTU-Malware-Capture-Botnet-54,Virut,C:\Users\Montana\My Code\CSCI611_Montana_Pawek\GNN\packagedData\graphs\CTU-Malware-Capture-Botnet-54\CTU-Malware-Capture-Botnet-54__20110816_064000.pt,CTU-Malware-Capture-Botnet-54\CTU-Malware-Capture-Botnet-54__20110816_064000.pt,data/virutFamily/CTU-Malware-Capture-Botnet-54/capture20110815-3.binetflow,2011-08-16T06:40:00,2011-08-16T06:45:00,3376,3419,24,11,5,1,4,3371,train
CTU-Malware-Capture-Botnet-54,Virut,C:\Users\Montana\My Code\CSCI611_Montana_Pawek\GNN\packagedData\graphs\CTU-Malware-Capture-Botnet-54\CTU-Malware-Capture-Botnet-54__20110816_064500.pt,CTU-Malware-Capture-Botnet-54\CTU-Malware-Capture-Botnet-54__20110816_064500.pt,data/virutFamily/CTU-Malware-Capture-Botnet-54/capture20110815-3.binetflow,2011-08-16T06:45:00,2011-08-16T06:50:00,3240,3258,24,11,6,1,5,3234,train
CTU-Malware-Capture-Botnet-54,Virut,C:\Users\Montana\My Code\CSCI611_Montana_Pawek\GNN\packagedData\graphs\CTU-Malware-Capture-Botnet-54\CTU-Malware-Capture-Botnet-54__20110816_065000.pt,CTU-Malware-Capture-Botnet-54\CTU-Malware-Capture-Botnet-54__20110816_065000.pt,data/virutFamily/CTU-Malware-Capture-Botnet-54/capture20110815-3.binetflow,2011-08-16T06:50:00,2011-08-16T06:55:00,3580,3616,24,11,5,1,4,3575,train
CTU-Malware-Capture-Botnet-54,Virut,C:\Users\Montana\My Code\CSCI611_Montana_Pawek\GNN\packagedData\graphs\CTU-Malware-Capture-Botnet-54\CTU-Malware-Capture-Botnet-54__20110816_065500.pt,CTU-Malware-Capture-Botnet-54\CTU-Malware-Capture-Botnet-54__20110816_065500.pt,data/virutFamily/CTU-Malware-Capture-Botnet-54/capture20110815-3.binetflow,2011-08-16T06:55:00,2011-08-16T07:00:00,3436,3446,24,11,5,1,4,3431,train
CTU-Malware-Capture-Botnet-54,Virut,C:\Users\Montana\My Code\CSCI611_Montana_Pawek\GNN\packagedData\graphs\CTU-Malware-Capture-Botnet-54\CTU-Malware-Capture-Botnet-54__20110816_070000.pt,CTU-Malware-Capture-Botnet-54\CTU-Malware-Capture-Botnet-54__20110816_070000.pt,data/virutFamily/CTU-Malware-Capture-Botnet-54/capture20110815-3.binetflow,2011-08-16T07:00:00,2011-08-16T07:05:00,4051,4289,24,11,7,1,6,4044,train
CTU-Malware-Capture-Botnet-54,Virut,C:\Users\Montana\My Code\CSCI611_Montana_Pawek\GNN\packagedData\graphs\CTU-Malware-Capture-Botnet-54\CTU-Malware-Capture-Botnet-54__20110816_070500.pt,CTU-Malware-Capture-Botnet-54\CTU-Malware-Capture-Botnet-54__20110816_070500.pt,data/virutFamily/CTU-Malware-Capture-Botnet-54/capture20110815-3.binetflow,2011-08-16T07:05:00,2011-08-16T07:10:00,3480,3521,24,11,5,1,4,3475,train
CTU-Malware-Capture-Botnet-54,Virut,C:\Users\Montana\My Code\CSCI611_Montana_Pawek\GNN\packagedData\graphs\CTU-Malware-Capture-Botnet-54\CTU-Malware-Capture-Botnet-54__20110816_071000.pt,CTU-Malware-Capture-Botnet-54\CTU-Malware-Capture-Botnet-54__20110816_071000.pt,data/virutFamily/CTU-Malware-Capture-Botnet-54/capture20110815-3.binetflow,2011-08-16T07:10:00,2011-08-16T07:15:00,3319,3334,24,11,5,1,4,3314,train
CTU-Malware-Capture-Botnet-54,Virut,C:\Users\Montana\My Code\CSCI611_Montana_Pawek\GNN\packagedData\graphs\CTU-Malware-Capture-Botnet-54\CTU-Malware-Capture-Botnet-54__20110816_071500.pt,CTU-Malware-Capture-Botnet-54\CTU-Malware-Capture-Botnet-54__20110816_071500.pt,data/virutFamily/CTU-Malware-Capture-Botnet-54/capture20110815-3.binetflow,2011-08-16T07:15:00,2011-08-16T07:20:00,3346,3360,24,11,5,1,4,3341,train
CTU-Malware-Capture-Botnet-54,Virut,C:\Users\Montana\My Code\CSCI611_Montana_Pawek\GNN\packagedData\graphs\CTU-Malware-Capture-Botnet-54\CTU-Malware-Capture-Botnet-54__20110816_072000.pt,CTU-Malware-Capture-Botnet-54\CTU-Malware-Capture-Botnet-54__20110816_072000.pt,data/virutFamily/CTU-Malware-Capture-Botnet-54/capture20110815-3.binetflow,2011-08-16T07:20:00,2011-08-16T07:25:00,3552,3598,24,11,6,1,5,3546,train
CTU-Malware-Capture-Botnet-54,Virut,C:\Users\Montana\My Code\CSCI611_Montana_Pawek\GNN\packagedData\graphs\CTU-Malware-Capture-Botnet-54\CTU-Malware-Capture-Botnet-54__20110816_072500.pt,CTU-Malware-Capture-Botnet-54\CTU-Malware-Capture-Botnet-54__20110816_072500.pt,data/virutFamily/CTU-Malware-Capture-Botnet-54/capture20110815-3.binetflow,2011-08-16T07:25:00,2011-08-16T07:30:00,3921,3976,24,11,5,1,4,3916,train
CTU-Malware-Capture-Botnet-54,Virut,C:\Users\Montana\My Code\CSCI611_Montana_Pawek\GNN\packagedData\graphs\CTU-Malware-Capture-Botnet-54\CTU-Malware-Capture-Botnet-54__20110816_073000.pt,CTU-Malware-Capture-Botnet-54\CTU-Malware-Capture-Botnet-54__20110816_073000.pt,data/virutFamily/CTU-Malware-Capture-Botnet-54/capture20110815-3.binetflow,2011-08-16T07:30:00,2011-08-16T07:35:00,3439,3480,24,11,6,1,5,3433,train
CTU-Malware-Capture-Botnet-54,Virut,C:\Users\Montana\My Code\CSCI611_Montana_Pawek\GNN\packagedData\graphs\CTU-Malware-Capture-Botnet-54\CTU-Malware-Capture-Botnet-54__20110816_073500.pt,CTU-Malware-Capture-Botnet-54\CTU-Malware-Capture-Botnet-54__20110816_073500.pt,data/virutFamily/CTU-Malware-Capture-Botnet-54/capture20110815-3.binetflow,2011-08-16T07:35:00,2011-08-16T07:40:00,3427,3423,24,11,5,1,4,3422,train
CTU-Malware-Capture-Botnet-54,Virut,C:\Users\Montana\My Code\CSCI611_Montana_Pawek\GNN\packagedData\graphs\CTU-Malware-Capture-Botnet-54\CTU-Malware-Capture-Botnet-54__20110816_074000.pt,CTU-Malware-Capture-Botnet-54\CTU-Malware-Capture-Botnet-54__20110816_074000.pt,data/virutFamily/CTU-Malware-Capture-Botnet-54/capture20110815-3.binetflow,2011-08-16T07:40:00,2011-08-16T07:45:00,3290,3282,24,11,6,1,5,3284,train
CTU-Malware-Capture-Botnet-54,Virut,C:\Users\Montana\My Code\CSCI611_Montana_Pawek\GNN\packagedData\graphs\CTU-Malware-Capture-Botnet-54\CTU-Malware-Capture-Botnet-54__20110816_074500.pt,CTU-Malware-Capture-Botnet-54\CTU-Malware-Capture-Botnet-54__20110816_074500.pt,data/virutFamily/CTU-Malware-Capture-Botnet-54/capture20110815-3.binetflow,2011-08-16T07:45:00,2011-08-16T07:50:00,3458,3519,24,11,5,1,4,3453,train
CTU-Malware-Capture-Botnet-54,Virut,C:\Users\Montana\My Code\CSCI611_Montana_Pawek\GNN\packagedData\graphs\CTU-Malware-Capture-Botnet-54\CTU-Malware-Capture-Botnet-54__20110816_075000.pt,CTU-Malware-Capture-Botnet-54\CTU-Malware-Capture-Botnet-54__20110816_075000.pt,data/virutFamily/CTU-Malware-Capture-Botnet-54/capture20110815-3.binetflow,2011-08-16T07:50:00,2011-08-16T07:55:00,3704,3760,24,11,5,1,4,3699,train
CTU-Malware-Capture-Botnet-54,Virut,C:\Users\Montana\My Code\CSCI611_Montana_Pawek\GNN\packagedData\graphs\CTU-Malware-Capture-Botnet-54\CTU-Malware-Capture-Botnet-54__20110816_075500.pt,CTU-Malware-Capture-Botnet-54\CTU-Malware-Capture-Botnet-54__20110816_075500.pt,data/virutFamily/CTU-Malware-Capture-Botnet-54/capture20110815-3.binetflow,2011-08-16T07:55:00,2011-08-16T08:00:00,3956,4003,24,11,6,1,5,3950,train
CTU-Malware-Capture-Botnet-54,Virut,C:\Users\Montana\My Code\CSCI611_Montana_Pawek\GNN\packagedData\graphs\CTU-Malware-Capture-Botnet-54\CTU-Malware-Capture-Botnet-54__20110816_080000.pt,CTU-Malware-Capture-Botnet-54\CTU-Malware-Capture-Botnet-54__20110816_080000.pt,data/virutFamily/CTU-Malware-Capture-Botnet-54/capture20110815-3.binetflow,2011-08-16T08:00:00,2011-08-16T08:05:00,4340,4418,24,11,6,1,5,4334,train
CTU-Malware-Capture-Botnet-54,Virut,C:\Users\Montana\My Code\CSCI611_Montana_Pawek\GNN\packagedData\graphs\CTU-Malware-Capture-Botnet-54\CTU-Malware-Capture-Botnet-54__20110816_080500.pt,CTU-Malware-Capture-Botnet-54\CTU-Malware-Capture-Botnet-54__20110816_080500.pt,data/virutFamily/CTU-Malware-Capture-Botnet-54/capture20110815-3.binetflow,2011-08-16T08:05:00,2011-08-16T08:10:00,4221,4347,24,11,6,1,5,4215,train
CTU-Malware-Capture-Botnet-54,Virut,C:\Users\Montana\My Code\CSCI611_Montana_Pawek\GNN\packagedData\graphs\CTU-Malware-Capture-Botnet-54\CTU-Malware-Capture-Botnet-54__20110816_081000.pt,CTU-Malware-Capture-Botnet-54\CTU-Malware-Capture-Botnet-54__20110816_081000.pt,data/virutFamily/CTU-Malware-Capture-Botnet-54/capture20110815-3.binetflow,2011-08-16T08:10:00,2011-08-16T08:15:00,4492,4637,24,11,6,1,5,4486,train
CTU-Malware-Capture-Botnet-54,Virut,C:\Users\Montana\My Code\CSCI611_Montana_Pawek\GNN\packagedData\graphs\CTU-Malware-Capture-Botnet-54\CTU-Malware-Capture-Botnet-54__20110816_081500.pt,CTU-Malware-Capture-Botnet-54\CTU-Malware-Capture-Botnet-54__20110816_081500.pt,data/virutFamily/CTU-Malware-Capture-Botnet-54/capture20110815-3.binetflow,2011-08-16T08:15:00,2011-08-16T08:20:00,4189,4287,24,11,6,1,5,4183,train
CTU-Malware-Capture-Botnet-54,Virut,C:\Users\Montana\My Code\CSCI611_Montana_Pawek\GNN\packagedData\graphs\CTU-Malware-Capture-Botnet-54\CTU-Malware-Capture-Botnet-54__20110816_082000.pt,CTU-Malware-Capture-Botnet-54\CTU-Malware-Capture-Botnet-54__20110816_082000.pt,data/virutFamily/CTU-Malware-Capture-Botnet-54/capture20110815-3.binetflow,2011-08-16T08:20:00,2011-08-16T08:25:00,4095,4136,24,11,6,1,5,4089,train
CTU-Malware-Capture-Botnet-54,Virut,C:\Users\Montana\My Code\CSCI611_Montana_Pawek\GNN\packagedData\graphs\CTU-Malware-Capture-Botnet-54\CTU-Malware-Capture-Botnet-54__20110816_082500.pt,CTU-Malware-Capture-Botnet-54\CTU-Malware-Capture-Botnet-54__20110816_082500.pt,data/virutFamily/CTU-Malware-Capture-Botnet-54/capture20110815-3.binetflow,2011-08-16T08:25:00,2011-08-16T08:30:00,4363,4484,24,11,6,1,5,4357,train
CTU-Malware-Capture-Botnet-54,Virut,C:\Users\Montana\My Code\CSCI611_Montana_Pawek\GNN\packagedData\graphs\CTU-Malware-Capture-Botnet-54\CTU-Malware-Capture-Botnet-54__20110816_083000.pt,CTU-Malware-Capture-Botnet-54\CTU-Malware-Capture-Botnet-54__20110816_083000.pt,data/virutFamily/CTU-Malware-Capture-Botnet-54/capture20110815-3.binetflow,2011-08-16T08:30:00,2011-08-16T08:35:00,4267,4360,24,11,6,1,5,4261,train
CTU-Malware-Capture-Botnet-54,Virut,C:\Users\Montana\My Code\CSCI611_Montana_Pawek\GNN\packagedData\graphs\CTU-Malware-Capture-Botnet-54\CTU-Malware-Capture-Botnet-54__20110816_083500.pt,CTU-Malware-Capture-Botnet-54\CTU-Malware-Capture-Botnet-54__20110816_083500.pt,data/virutFamily/CTU-Malware-Capture-Botnet-54/capture20110815-3.binetflow,2011-08-16T08:35:00,2011-08-16T08:40:00,4340,4478,24,11,6,1,5,4334,train
CTU-Malware-Capture-Botnet-54,Virut,C:\Users\Montana\My Code\CSCI611_Montana_Pawek\GNN\packagedData\graphs\CTU-Malware-Capture-Botnet-54\CTU-Malware-Capture-Botnet-54__20110816_084000.pt,CTU-Malware-Capture-Botnet-54\CTU-Malware-Capture-Botnet-54__20110816_084000.pt,data/virutFamily/CTU-Malware-Capture-Botnet-54/capture20110815-3.binetflow,2011-08-16T08:40:00,2011-08-16T08:45:00,4464,4660,24,11,6,1,5,4458,train
CTU-Malware-Capture-Botnet-54,Virut,C:\Users\Montana\My Code\CSCI611_Montana_Pawek\GNN\packagedData\graphs\CTU-Malware-Capture-Botnet-54\CTU-Malware-Capture-Botnet-54__20110816_084500.pt,CTU-Malware-Capture-Botnet-54\CTU-Malware-Capture-Botnet-54__20110816_084500.pt,data/virutFamily/CTU-Malware-Capture-Botnet-54/capture20110815-3.binetflow,2011-08-16T08:45:00,2011-08-16T08:50:00,4477,4669,24,11,6,1,5,4471,train
CTU-Malware-Capture-Botnet-54,Virut,C:\Users\Montana\My Code\CSCI611_Montana_Pawek\GNN\packagedData\graphs\CTU-Malware-Capture-Botnet-54\CTU-Malware-Capture-Botnet-54__20110816_085000.pt,CTU-Malware-Capture-Botnet-54\CTU-Malware-Capture-Botnet-54__20110816_085000.pt,data/virutFamily/CTU-Malware-Capture-Botnet-54/capture20110815-3.binetflow,2011-08-16T08:50:00,2011-08-16T08:55:00,4370,4437,24,11,7,1,6,4363,train
CTU-Malware-Capture-Botnet-54,Virut,C:\Users\Montana\My Code\CSCI611_Montana_Pawek\GNN\packagedData\graphs\CTU-Malware-Capture-Botnet-54\CTU-Malware-Capture-Botnet-54__20110816_085500.pt,CTU-Malware-Capture-Botnet-54\CTU-Malware-Capture-Botnet-54__20110816_085500.pt,data/virutFamily/CTU-Malware-Capture-Botnet-54/capture20110815-3.binetflow,2011-08-16T08:55:00,2011-08-16T09:00:00,4705,4894,24,11,7,1,6,4698,train
CTU-Malware-Capture-Botnet-54,Virut,C:\Users\Montana\My Code\CSCI611_Montana_Pawek\GNN\packagedData\graphs\CTU-Malware-Capture-Botnet-54\CTU-Malware-Capture-Botnet-54__20110816_090000.pt,CTU-Malware-Capture-Botnet-54\CTU-Malware-Capture-Botnet-54__20110816_090000.pt,data/virutFamily/CTU-Malware-Capture-Botnet-54/capture20110815-3.binetflow,2011-08-16T09:00:00,2011-08-16T09:05:00,4904,5083,24,11,7,1,6,4897,train
CTU-Malware-Capture-Botnet-54,Virut,C:\Users\Montana\My Code\CSCI611_Montana_Pawek\GNN\packagedData\graphs\CTU-Malware-Capture-Botnet-54\CTU-Malware-Capture-Botnet-54__20110816_090500.pt,CTU-Malware-Capture-Botnet-54\CTU-Malware-Capture-Botnet-54__20110816_090500.pt,data/virutFamily/CTU-Malware-Capture-Botnet-54/capture20110815-3.binetflow,2011-08-16T09:05:00,2011-08-16T09:10:00,4951,5209,24,11,7,1,6,4944,train
CTU-Malware-Capture-Botnet-54,Virut,C:\Users\Montana\My Code\CSCI611_Montana_Pawek\GNN\packagedData\graphs\CTU-Malware-Capture-Botnet-54\CTU-Malware-Capture-Botnet-54__20110816_091000.pt,CTU-Malware-Capture-Botnet-54\CTU-Malware-Capture-Botnet-54__20110816_091000.pt,data/virutFamily/CTU-Malware-Capture-Botnet-54/capture20110815-3.binetflow,2011-08-16T09:10:00,2011-08-16T09:15:00,4842,5073,24,11,7,1,6,4835,train
CTU-Malware-Capture-Botnet-54,Virut,C:\Users\Montana\My Code\CSCI611_Montana_Pawek\GNN\packagedData\graphs\CTU-Malware-Capture-Botnet-54\CTU-Malware-Capture-Botnet-54__20110816_091500.pt,CTU-Malware-Capture-Botnet-54\CTU-Malware-Capture-Botnet-54__20110816_091500.pt,data/virutFamily/CTU-Malware-Capture-Botnet-54/capture20110815-3.binetflow,2011-08-16T09:15:00,2011-08-16T09:20:00,5018,5246,24,11,6,1,5,5012,train
CTU-Malware-Capture-Botnet-54,Virut,C:\Users\Montana\My Code\CSCI611_Montana_Pawek\GNN\packagedData\graphs\CTU-Malware-Capture-Botnet-54\CTU-Malware-Capture-Botnet-54__20110816_092000.pt,CTU-Malware-Capture-Botnet-54\CTU-Malware-Capture-Botnet-54__20110816_092000.pt,data/virutFamily/CTU-Malware-Capture-Botnet-54/capture20110815-3.binetflow,2011-08-16T09:20:00,2011-08-16T09:25:00,4917,5182,24,11,7,1,6,4910,train
CTU-Malware-Capture-Botnet-54,Virut,C:\Users\Montana\My Code\CSCI611_Montana_Pawek\GNN\packagedData\graphs\CTU-Malware-Capture-Botnet-54\CTU-Malware-Capture-Botnet-54__20110816_092500.pt,CTU-Malware-Capture-Botnet-54\CTU-Malware-Capture-Botnet-54__20110816_092500.pt,data/virutFamily/CTU-Malware-Capture-Botnet-54/capture20110815-3.binetflow,2011-08-16T09:25:00,2011-08-16T09:30:00,4887,5169,24,11,7,1,6,4880,train
CTU-Malware-Capture-Botnet-54,Virut,C:\Users\Montana\My Code\CSCI611_Montana_Pawek\GNN\packagedData\graphs\CTU-Malware-Capture-Botnet-54\CTU-Malware-Capture-Botnet-54__20110816_093000.pt,CTU-Malware-Capture-Botnet-54\CTU-Malware-Capture-Botnet-54__20110816_093000.pt,data/virutFamily/CTU-Malware-Capture-Botnet-54/capture20110815-3.binetflow,2011-08-16T09:30:00,2011-08-16T09:35:00,5384,5782,24,11,7,1,6,5377,train
CTU-Malware-Capture-Botnet-54,Virut,C:\Users\Montana\My Code\CSCI611_Montana_Pawek\GNN\packagedData\graphs\CTU-Malware-Capture-Botnet-54\CTU-Malware-Capture-Botnet-54__20110816_093500.pt,CTU-Malware-Capture-Botnet-54\CTU-Malware-Capture-Botnet-54__20110816_093500.pt,data/virutFamily/CTU-Malware-Capture-Botnet-54/capture20110815-3.binetflow,2011-08-16T09:35:00,2011-08-16T09:40:00,1181,1188,24,11,4,0,4,1177,train
